id,age,educ,degree,sex,region,partyid,polviews,natcrime,cappun,gunlaw,courts,grass,polhitok,polabuse,polattak,fear,owngun,coninc
1,33,16,bachelor's,male,northeast,not very strong democrat,"moderate, middle of the road",too little,oppose,NA,NA,NA,yes,no,yes,NA,NA,67560
2,64,16,graduate,male,northeast,strong democrat,slightly liberal,NA,oppose,NA,not harshly enough,should be legal,NA,NA,NA,NA,NA,38002.49999999999
3,69,14,associate/junior college,female,northeast,strong democrat,extremely liberal,about right,oppose,favor,NA,NA,no,no,yes,no,yes,67560
4,19,12,high school,male,northeast,"independent (neither, no response)",NA,NA,NA,favor,NA,NA,NA,NA,NA,no,NA,90079.99999999999
5,70,13,high school,female,northeast,"independent (neither, no response)","moderate, middle of the road",too little,oppose,favor,NA,NA,no,no,yes,yes,no,38002.49999999999
6,53,14,associate/junior college,male,northeast,"independent (neither, no response)",NA,too little,oppose,NA,NA,NA,no,no,no,NA,NA,4222.5
7,48,13,high school,female,northeast,strong democrat,liberal,NA,oppose,NA,NA,NA,NA,NA,NA,NA,NA,139024.36558999997
8,30,14,high school,female,northeast,other party,"moderate, middle of the road",too little,oppose,oppose,NA,should be legal,yes,no,yes,no,no,5066.999999999999
9,60,14,associate/junior college,female,northeast,not very strong democrat,"moderate, middle of the road",NA,oppose,favor,NA,NA,NA,NA,NA,no,no,139024.36558999997
10,25,12,high school,male,northeast,"independent (neither, no response)","moderate, middle of the road",NA,NA,favor,NA,NA,NA,NA,NA,no,no,NA
11,23,18,bachelor's,female,northeast,strong democrat,liberal,NA,favor,NA,NA,NA,NA,NA,NA,NA,NA,67560
12,68,5,less than high school,female,northeast,"independent, close to democrat",extremely liberal,too little,oppose,NA,NA,NA,yes,no,yes,NA,NA,5066.999999999999
13,43,14,associate/junior college,female,northeast,other party,NA,NA,favor,NA,NA,NA,NA,NA,NA,NA,NA,38002.49999999999
14,37,12,high school,female,northeast,"independent (neither, no response)",extremely liberal,NA,oppose,NA,NA,NA,NA,NA,NA,NA,NA,46447.49999999999
15,63,12,high school,female,northeast,"independent (neither, no response)","moderate, middle of the road",NA,NA,favor,NA,NA,NA,NA,NA,no,yes,10556.249999999998
16,31,19,graduate,female,northeast,strong democrat,slightly liberal,too little,NA,oppose,NA,NA,NA,NA,NA,no,no,56299.99999999999
17,64,16,bachelor's,male,northeast,"independent, close to republican","moderate, middle of the road",NA,favor,favor,not harshly enough,should be legal,NA,NA,NA,no,yes,139024.36558999997
18,NA,13,high school,NA,northeast,"independent (neither, no response)","moderate, middle of the road",NA,NA,favor,NA,NA,NA,NA,NA,no,NA,NA
19,63,11,less than high school,female,northeast,strong republican,slightly conservative,too little,favor,NA,NA,NA,yes,no,no,NA,NA,67560
20,41,8,less than high school,female,northeast,not very strong democrat,"moderate, middle of the road",about right,NA,favor,NA,NA,NA,NA,NA,no,no,38002.49999999999
21,75,13,high school,female,northeast,"independent (neither, no response)","moderate, middle of the road",NA,NA,favor,NA,NA,NA,NA,NA,no,no,15482.499999999998
22,51,16,bachelor's,female,northeast,strong democrat,liberal,NA,NA,favor,NA,NA,NA,NA,NA,yes,no,139024.36558999997
23,69,14,high school,male,northeast,not very strong republican,"moderate, middle of the road",too little,favor,favor,NA,NA,yes,no,yes,no,yes,78819.99999999999
24,48,12,less than high school,male,northeast,strong republican,conservative,too little,favor,NA,NA,NA,no,no,no,NA,NA,67560
25,58,14,high school,male,northeast,not very strong democrat,"moderate, middle of the road",NA,favor,NA,not harshly enough,should not be legal,NA,NA,NA,NA,NA,90079.99999999999
26,71,18,bachelor's,male,northeast,not very strong republican,slightly conservative,too little,favor,favor,NA,NA,yes,no,yes,no,no,139024.36558999997
27,73,16,graduate,female,northeast,strong democrat,"moderate, middle of the road",NA,favor,favor,not harshly enough,should be legal,NA,NA,NA,no,yes,139024.36558999997
28,74,14,associate/junior college,female,northeast,strong democrat,"moderate, middle of the road",too little,NA,favor,about right,should be legal,yes,no,yes,no,yes,90079.99999999999
29,56,14,associate/junior college,female,northeast,strong republican,conservative,NA,NA,favor,not harshly enough,should not be legal,NA,NA,NA,no,yes,18297.5
30,40,14,bachelor's,male,northeast,not very strong democrat,slightly liberal,too little,favor,NA,NA,NA,yes,no,no,NA,NA,NA
31,55,13,high school,female,northeast,not very strong republican,slightly conservative,NA,favor,oppose,NA,NA,NA,NA,NA,yes,yes,NA
32,55,18,graduate,female,northeast,"independent (neither, no response)","moderate, middle of the road",too little,NA,favor,NA,NA,NA,NA,NA,yes,no,NA
33,31,12,high school,male,northeast,not very strong democrat,NA,NA,oppose,NA,about right,should be legal,NA,NA,NA,NA,NA,56299.99999999999
34,61,18,high school,female,northeast,other party,extremely liberal,NA,NA,favor,NA,NA,NA,NA,NA,no,no,21112.499999999996
35,71,12,high school,female,northeast,"independent, close to republican",slightly liberal,NA,oppose,oppose,NA,NA,NA,NA,NA,yes,no,25334.999999999996
36,70,16,bachelor's,female,northeast,other party,slightly conservative,about right,NA,NA,NA,NA,yes,no,yes,NA,NA,NA
37,60,16,bachelor's,female,northeast,other party,conservative,too much,favor,NA,not harshly enough,should not be legal,yes,no,yes,NA,NA,67560
38,57,11,less than high school,female,northeast,not very strong democrat,slightly conservative,NA,oppose,favor,about right,should be legal,NA,NA,NA,yes,no,18297.5
39,37,16,bachelor's,female,northeast,strong republican,extremely conservative,NA,NA,NA,about right,NA,NA,NA,NA,NA,NA,67560
40,26,12,high school,male,northeast,"independent (neither, no response)",slightly conservative,too much,favor,NA,NA,should be legal,yes,yes,yes,NA,NA,18297.5
41,59,12,high school,male,northeast,"independent, close to republican",slightly conservative,too little,favor,favor,not harshly enough,NA,no,no,yes,yes,yes,30964.999999999996
42,65,12,high school,male,northeast,not very strong democrat,"moderate, middle of the road",NA,favor,favor,not harshly enough,should not be legal,NA,NA,NA,no,no,30964.999999999996
43,71,17,graduate,female,northeast,"independent (neither, no response)","moderate, middle of the road",too little,oppose,NA,NA,NA,no,no,no,NA,NA,46447.49999999999
44,41,18,graduate,female,northeast,"independent, close to democrat",slightly liberal,too little,oppose,favor,NA,should be legal,NA,no,yes,no,no,139024.36558999997
45,58,17,bachelor's,male,northeast,not very strong republican,conservative,too little,favor,favor,NA,NA,yes,yes,yes,yes,no,90079.99999999999
46,79,17,bachelor's,male,northeast,"independent, close to democrat","moderate, middle of the road",NA,oppose,NA,NA,NA,NA,NA,NA,NA,NA,56299.99999999999
47,83,16,graduate,female,northeast,strong republican,"moderate, middle of the road",NA,NA,favor,NA,NA,NA,NA,NA,no,yes,30964.999999999996
48,57,16,bachelor's,male,northeast,not very strong democrat,"moderate, middle of the road",too little,favor,favor,not harshly enough,NA,yes,no,yes,no,no,139024.36558999997
49,NA,16,graduate,male,northeast,"independent, close to democrat",slightly liberal,about right,NA,favor,NA,NA,NA,NA,NA,no,no,139024.36558999997
50,65,11,less than high school,male,northeast,"independent (neither, no response)",conservative,NA,favor,NA,NA,NA,NA,NA,NA,NA,NA,90079.99999999999
51,74,16,graduate,female,northeast,strong democrat,"moderate, middle of the road",too little,favor,oppose,NA,NA,yes,no,yes,yes,no,139024.36558999997
52,61,18,graduate,female,northeast,strong republican,slightly conservative,NA,NA,favor,NA,NA,NA,NA,NA,no,yes,139024.36558999997
53,24,16,bachelor's,female,northeast,not very strong democrat,slightly liberal,NA,NA,favor,NA,NA,NA,NA,NA,yes,no,46447.49999999999
54,61,6,less than high school,male,northeast,strong democrat,extremely liberal,too little,favor,NA,not harshly enough,should be legal,no,no,yes,NA,NA,1970.4999999999998
55,56,16,bachelor's,female,northeast,"independent, close to democrat",slightly liberal,NA,NA,favor,NA,NA,NA,NA,NA,no,no,6333.749999999999
56,72,16,bachelor's,female,northeast,not very strong democrat,slightly liberal,NA,oppose,favor,NA,should be legal,NA,NA,NA,no,no,NA
57,NA,12,high school,female,northeast,"independent (neither, no response)",NA,too little,oppose,favor,NA,NA,yes,NA,no,yes,no,NA
58,49,18,bachelor's,female,northeast,strong democrat,liberal,NA,NA,NA,NA,NA,NA,NA,NA,NA,NA,46447.49999999999
59,78,13,high school,male,northeast,"independent (neither, no response)","moderate, middle of the road",NA,NA,favor,NA,NA,NA,NA,NA,yes,no,139024.36558999997
60,63,13,high school,female,northeast,"independent (neither, no response)",liberal,NA,favor,favor,not harshly enough,should not be legal,NA,NA,NA,yes,no,7741.249999999999
61,57,18,graduate,female,northeast,strong democrat,liberal,too little,oppose,NA,NA,NA,yes,no,yes,NA,NA,139024.36558999997
62,26,16,bachelor's,male,northeast,"independent, close to democrat",slightly liberal,NA,NA,favor,NA,NA,NA,NA,NA,yes,no,139024.36558999997
63,89,12,high school,female,northeast,not very strong republican,conservative,NA,favor,NA,NA,NA,NA,NA,NA,NA,NA,4222.5
64,79,15,high school,male,northeast,strong republican,extremely conservative,NA,favor,NA,NA,NA,NA,NA,NA,NA,NA,38002.49999999999
65,22,16,bachelor's,female,northeast,strong democrat,liberal,NA,oppose,favor,NA,NA,NA,NA,NA,yes,no,139024.36558999997
66,49,17,graduate,female,northeast,"independent, close to democrat","moderate, middle of the road",NA,NA,favor,NA,NA,NA,NA,NA,no,no,139024.36558999997
67,52,16,graduate,female,northeast,strong democrat,liberal,too little,NA,favor,NA,NA,NA,NA,NA,no,no,NA
68,70,17,graduate,male,northeast,not very strong democrat,slightly liberal,too little,oppose,favor,NA,NA,yes,no,yes,no,no,46447.49999999999
69,23,15,high school,male,northeast,strong democrat,liberal,too little,favor,NA,NA,NA,yes,yes,no,NA,NA,NA
70,25,16,high school,female,northeast,"independent (neither, no response)",slightly conservative,NA,oppose,favor,NA,NA,NA,NA,NA,no,no,NA
71,41,17,graduate,female,northeast,not very strong republican,"moderate, middle of the road",NA,oppose,NA,NA,NA,NA,NA,NA,NA,NA,38002.49999999999
72,37,16,bachelor's,male,northeast,not very strong democrat,slightly conservative,too little,favor,favor,NA,NA,yes,no,yes,yes,no,25334.999999999996
73,32,16,high school,male,northeast,"independent (neither, no response)",conservative,NA,NA,favor,NA,NA,NA,NA,NA,yes,no,1970.4999999999998
74,32,16,bachelor's,male,northeast,strong democrat,liberal,about right,oppose,NA,about right,should be legal,yes,no,no,NA,NA,56299.99999999999
75,54,12,high school,male,northeast,not very strong republican,"moderate, middle of the road",too little,oppose,NA,NA,NA,no,no,yes,NA,NA,30964.999999999996
76,56,13,high school,male,northeast,"independent, close to democrat",extremely liberal,too much,NA,favor,NA,NA,NA,NA,NA,no,no,6333.749999999999
77,28,16,bachelor's,female,northeast,"independent, close to republican",slightly conservative,too little,NA,favor,NA,NA,NA,NA,NA,yes,no,139024.36558999997
78,46,16,high school,female,northeast,strong democrat,liberal,about right,oppose,NA,too harshly,should be legal,no,no,yes,NA,NA,139024.36558999997
79,20,14,high school,female,northeast,"independent (neither, no response)",conservative,about right,favor,oppose,too harshly,should be legal,no,no,yes,yes,no,NA
80,31,16,graduate,male,northeast,"independent, close to democrat",liberal,NA,NA,favor,NA,NA,NA,NA,NA,yes,no,18297.5
81,49,12,less than high school,male,northeast,strong republican,"moderate, middle of the road",NA,favor,NA,not harshly enough,should be legal,NA,NA,NA,yes,no,30964.999999999996
82,59,16,bachelor's,female,northeast,strong republican,conservative,too little,favor,favor,NA,NA,yes,no,yes,yes,no,21112.499999999996
83,65,NA,less than high school,male,northeast,"independent (neither, no response)",liberal,too little,NA,favor,NA,NA,NA,NA,NA,no,no,21112.499999999996
84,74,3,less than high school,female,northeast,"independent (neither, no response)","moderate, middle of the road",NA,NA,favor,NA,NA,NA,NA,NA,yes,no,3659.4999999999995
85,47,17,bachelor's,female,northeast,"independent (neither, no response)","moderate, middle of the road",too little,NA,NA,NA,NA,NA,NA,NA,no,no,NA
86,62,14,associate/junior college,female,northeast,strong democrat,"moderate, middle of the road",too little,NA,favor,not harshly enough,should be legal,no,no,yes,no,no,38002.49999999999
87,37,13,high school,female,northeast,not very strong democrat,slightly conservative,NA,NA,favor,NA,NA,NA,NA,NA,yes,no,1126
88,50,12,high school,female,northeast,not very strong democrat,liberal,too little,NA,favor,NA,NA,NA,NA,NA,yes,no,30964.999999999996
89,34,14,associate/junior college,female,northeast,"independent (neither, no response)",slightly conservative,too little,oppose,NA,not harshly enough,should not be legal,yes,no,yes,NA,NA,30964.999999999996
90,36,16,graduate,male,northeast,strong democrat,extremely liberal,NA,favor,favor,too harshly,should not be legal,NA,NA,NA,yes,yes,11963.749999999998
91,75,14,high school,female,northeast,not very strong democrat,slightly liberal,NA,oppose,favor,NA,should not be legal,NA,NA,NA,yes,no,30964.999999999996
92,41,13,high school,female,northeast,"independent (neither, no response)",conservative,too little,oppose,NA,not harshly enough,should not be legal,no,no,yes,NA,NA,15482.499999999998
93,36,7,less than high school,female,northeast,"independent, close to democrat","moderate, middle of the road",NA,NA,favor,NA,NA,NA,NA,NA,yes,no,67560
94,41,17,high school,male,northeast,"independent (neither, no response)",NA,too much,NA,oppose,NA,NA,NA,NA,NA,yes,no,NA
95,79,12,high school,male,northeast,"independent, close to democrat",liberal,NA,oppose,NA,NA,NA,NA,NA,NA,NA,NA,46447.49999999999
96,26,13,high school,male,northeast,"independent (neither, no response)","moderate, middle of the road",NA,NA,oppose,NA,NA,NA,NA,NA,no,no,18297.5
97,55,12,less than high school,female,northeast,strong democrat,NA,about right,NA,oppose,NA,NA,NA,NA,NA,yes,no,6333.749999999999
98,34,12,high school,male,northeast,strong republican,slightly liberal,NA,NA,favor,NA,NA,NA,NA,NA,no,no,NA
99,54,12,high school,male,northeast,not very strong democrat,slightly conservative,NA,oppose,favor,not harshly enough,should be legal,NA,NA,NA,yes,no,56299.99999999999
100,61,15,high school,female,northeast,"independent (neither, no response)",slightly liberal,about right,oppose,NA,NA,should not be legal,yes,no,yes,NA,NA,90079.99999999999
101,72,14,high school,female,northeast,strong democrat,slightly liberal,too little,oppose,favor,not harshly enough,should be legal,no,no,yes,yes,no,38002.49999999999
102,54,16,high school,female,northeast,not very strong democrat,extremely liberal,NA,NA,favor,NA,NA,NA,NA,NA,yes,no,67560
103,57,20,graduate,female,northeast,strong democrat,liberal,about right,NA,favor,NA,NA,NA,NA,NA,yes,no,56299.99999999999
104,60,18,bachelor's,male,northeast,not very strong republican,slightly conservative,too little,favor,NA,not harshly enough,should not be legal,yes,no,yes,NA,NA,NA
105,86,16,graduate,female,northeast,strong democrat,liberal,NA,NA,favor,NA,NA,NA,NA,NA,NA,no,NA
106,66,12,high school,male,northeast,strong republican,extremely conservative,too little,NA,favor,NA,NA,NA,NA,NA,yes,no,56299.99999999999
107,55,12,high school,female,northeast,not very strong republican,slightly liberal,too little,NA,favor,NA,NA,NA,NA,NA,yes,no,30964.999999999996
108,48,12,high school,male,northeast,strong democrat,"moderate, middle of the road",NA,NA,favor,not harshly enough,should be legal,NA,NA,NA,no,no,56299.99999999999
109,34,14,high school,female,northeast,not very strong democrat,liberal,NA,NA,favor,NA,NA,NA,NA,NA,yes,no,5066.999999999999
110,32,16,associate/junior college,female,northeast,not very strong democrat,extremely liberal,too little,favor,NA,NA,NA,no,no,no,NA,NA,21112.499999999996
111,68,15,high school,female,northeast,strong democrat,conservative,NA,favor,NA,not harshly enough,should be legal,NA,NA,NA,NA,NA,6333.749999999999
112,35,12,high school,female,northeast,"independent (neither, no response)",slightly liberal,NA,favor,oppose,NA,NA,NA,NA,NA,yes,no,NA
113,44,12,less than high school,female,northeast,"independent (neither, no response)",NA,NA,NA,favor,NA,NA,NA,NA,NA,yes,no,11963.749999999998
114,48,12,high school,male,northeast,"independent (neither, no response)","moderate, middle of the road",NA,oppose,NA,too harshly,should be legal,NA,NA,NA,NA,NA,18297.5
115,43,14,high school,male,northeast,"independent (neither, no response)",conservative,too little,favor,NA,too harshly,should be legal,yes,no,yes,NA,NA,NA
116,43,13,high school,female,northeast,not very strong democrat,"moderate, middle of the road",too little,NA,oppose,NA,NA,NA,NA,NA,no,no,7741.249999999999
117,45,12,high school,female,northeast,not very strong democrat,NA,NA,NA,NA,not harshly enough,should be legal,NA,NA,NA,NA,NA,1970.4999999999998
118,63,13,high school,female,northeast,not very strong democrat,liberal,too little,favor,favor,not harshly enough,should be legal,no,no,yes,yes,no,NA
119,27,12,high school,male,northeast,"independent (neither, no response)",NA,NA,oppose,oppose,about right,should be legal,NA,NA,NA,yes,no,18297.5
120,37,16,bachelor's,female,northeast,strong democrat,NA,NA,NA,favor,NA,NA,NA,NA,NA,yes,no,38002.49999999999
121,60,12,high school,female,northeast,"independent, close to democrat","moderate, middle of the road",NA,favor,NA,not harshly enough,should be legal,NA,NA,NA,NA,NA,NA
122,22,NA,less than high school,male,northeast,strong republican,extremely liberal,too much,NA,oppose,NA,NA,no,no,no,no,no,281.5
123,44,10,less than high school,male,northeast,"independent, close to democrat","moderate, middle of the road",too little,oppose,NA,too harshly,should be legal,yes,no,yes,NA,NA,281.5
124,24,12,high school,male,northeast,"independent, close to republican",extremely liberal,NA,NA,oppose,NA,NA,NA,NA,NA,no,no,56299.99999999999
125,51,13,high school,male,northeast,strong democrat,"moderate, middle of the road",NA,NA,NA,not harshly enough,should be legal,NA,NA,NA,NA,NA,6333.749999999999
126,39,14,high school,female,northeast,strong republican,liberal,NA,favor,favor,not harshly enough,should be legal,NA,NA,NA,no,no,1970.4999999999998
127,55,20,bachelor's,male,northeast,strong democrat,liberal,about right,oppose,NA,NA,NA,yes,no,yes,NA,NA,NA
128,48,11,less than high school,female,northeast,not very strong republican,conservative,too much,favor,favor,too harshly,should be legal,NA,no,NA,no,no,6333.749999999999
129,60,16,bachelor's,male,northeast,"independent, close to democrat",liberal,too little,oppose,favor,too harshly,NA,no,no,yes,no,no,139024.36558999997
130,60,16,bachelor's,female,northeast,not very strong republican,slightly conservative,too little,oppose,NA,NA,NA,yes,no,yes,NA,NA,90079.99999999999
131,70,17,bachelor's,female,northeast,"independent, close to democrat",conservative,too little,oppose,NA,NA,NA,no,no,no,NA,NA,NA
132,65,18,graduate,male,northeast,strong republican,"moderate, middle of the road",NA,favor,favor,NA,NA,NA,NA,NA,no,no,67560
133,54,13,high school,male,northeast,not very strong democrat,slightly liberal,NA,oppose,NA,not harshly enough,should be legal,NA,NA,NA,NA,NA,281.5
134,45,11,less than high school,female,northeast,"independent, close to democrat",liberal,too much,favor,oppose,not harshly enough,should be legal,no,no,no,yes,no,7741.249999999999
135,38,12,high school,female,northeast,"independent, close to republican",slightly liberal,about right,favor,favor,not harshly enough,should not be legal,no,no,yes,yes,no,11963.749999999998
136,22,15,less than high school,male,northeast,"independent (neither, no response)",conservative,about right,oppose,NA,NA,NA,yes,no,yes,NA,NA,1126
137,76,16,bachelor's,female,northeast,not very strong republican,"moderate, middle of the road",NA,favor,favor,NA,NA,NA,NA,NA,no,no,56299.99999999999
138,42,20,graduate,male,northeast,strong democrat,liberal,NA,oppose,favor,NA,NA,NA,NA,NA,no,no,139024.36558999997
139,89,16,bachelor's,female,northeast,not very strong republican,extremely conservative,NA,favor,NA,NA,should be legal,NA,NA,NA,NA,NA,139024.36558999997
140,89,12,high school,female,northeast,strong democrat,slightly liberal,about right,oppose,favor,NA,NA,no,no,yes,yes,no,46447.49999999999
141,56,16,bachelor's,female,northeast,not very strong republican,"moderate, middle of the road",too little,favor,NA,NA,NA,yes,no,yes,NA,NA,NA
142,55,14,associate/junior college,female,northeast,"independent (neither, no response)","moderate, middle of the road",NA,NA,favor,NA,NA,NA,NA,NA,no,no,46447.49999999999
143,41,18,graduate,male,northeast,not very strong democrat,"moderate, middle of the road",NA,favor,favor,NA,NA,NA,NA,NA,no,no,139024.36558999997
144,53,16,bachelor's,male,northeast,not very strong democrat,"moderate, middle of the road",about right,NA,favor,NA,NA,NA,NA,NA,no,no,139024.36558999997
145,60,16,graduate,female,northeast,strong democrat,extremely liberal,about right,oppose,favor,NA,NA,no,no,yes,no,no,25334.999999999996
146,72,13,high school,female,northeast,not very strong republican,"moderate, middle of the road",too little,NA,favor,NA,NA,NA,NA,NA,no,yes,NA
147,72,16,bachelor's,male,northeast,"independent, close to republican",slightly conservative,too little,favor,NA,NA,NA,yes,no,yes,NA,NA,56299.99999999999
148,72,16,bachelor's,female,northeast,strong democrat,slightly liberal,about right,NA,favor,NA,NA,NA,NA,NA,no,no,6333.749999999999
149,89,16,bachelor's,female,northeast,"independent, close to democrat","moderate, middle of the road",too little,oppose,favor,NA,should be legal,yes,no,yes,no,no,30964.999999999996
150,71,12,high school,female,northeast,not very strong republican,conservative,NA,NA,favor,NA,NA,NA,NA,NA,no,yes,67560
151,74,17,bachelor's,female,northeast,"independent, close to democrat","moderate, middle of the road",NA,NA,favor,NA,NA,NA,NA,NA,no,no,15482.499999999998
152,30,16,bachelor's,female,northeast,strong republican,conservative,NA,favor,NA,NA,NA,NA,NA,NA,NA,NA,NA
153,77,16,bachelor's,female,northeast,strong democrat,liberal,about right,NA,favor,NA,NA,NA,NA,NA,yes,no,NA
154,73,12,high school,female,northeast,strong democrat,slightly conservative,about right,NA,favor,NA,NA,NA,NA,NA,no,no,56299.99999999999
155,65,20,graduate,female,northeast,strong democrat,slightly liberal,too little,NA,favor,NA,NA,NA,NA,NA,no,no,13371.249999999998
156,59,16,bachelor's,male,northeast,"independent, close to republican","moderate, middle of the road",NA,favor,favor,NA,NA,NA,NA,NA,no,yes,139024.36558999997
157,49,13,high school,male,northeast,"independent, close to republican",slightly conservative,too little,NA,favor,NA,NA,NA,NA,NA,no,yes,139024.36558999997
158,64,19,graduate,female,northeast,not very strong republican,"moderate, middle of the road",NA,oppose,NA,NA,NA,NA,NA,NA,NA,NA,78819.99999999999
159,70,18,graduate,male,northeast,"independent (neither, no response)","moderate, middle of the road",too much,oppose,NA,NA,NA,yes,no,yes,NA,NA,5066.999999999999
160,68,14,high school,male,northeast,"independent, close to democrat",extremely liberal,about right,favor,favor,NA,NA,yes,no,yes,no,no,56299.99999999999
161,31,18,graduate,male,northeast,strong democrat,liberal,NA,oppose,NA,NA,NA,NA,NA,NA,NA,NA,78819.99999999999
162,36,16,bachelor's,female,northeast,not very strong democrat,slightly liberal,NA,oppose,favor,NA,NA,NA,NA,NA,no,no,139024.36558999997
163,36,16,high school,male,northeast,strong democrat,liberal,too little,favor,favor,NA,NA,yes,no,yes,no,yes,139024.36558999997
164,45,16,bachelor's,female,northeast,not very strong republican,"moderate, middle of the road",NA,NA,favor,NA,NA,NA,NA,NA,no,no,NA
165,67,20,graduate,male,northeast,"independent, close to republican",conservative,too little,favor,favor,NA,NA,yes,no,yes,no,no,90079.99999999999
166,52,16,bachelor's,female,northeast,"independent, close to republican",slightly conservative,too little,favor,NA,NA,NA,yes,no,yes,NA,NA,139024.36558999997
167,35,20,graduate,female,northeast,"independent (neither, no response)",slightly liberal,NA,oppose,NA,NA,NA,NA,NA,NA,NA,NA,56299.99999999999
168,28,18,graduate,female,northeast,"independent (neither, no response)","moderate, middle of the road",NA,oppose,favor,NA,NA,NA,NA,NA,no,no,56299.99999999999
169,41,16,graduate,female,northeast,not very strong democrat,liberal,too much,NA,favor,NA,NA,NA,NA,NA,no,no,46447.49999999999
170,23,17,graduate,female,northeast,"independent, close to democrat",slightly liberal,NA,oppose,NA,too harshly,should be legal,NA,NA,NA,NA,NA,46447.49999999999
171,27,17,bachelor's,female,northeast,"independent (neither, no response)","moderate, middle of the road",NA,NA,NA,NA,NA,NA,NA,NA,NA,NA,11963.749999999998
172,55,16,bachelor's,male,northeast,"independent (neither, no response)","moderate, middle of the road",too little,oppose,favor,NA,NA,no,no,no,yes,no,18297.5
173,69,4,less than high school,female,northeast,"independent, close to democrat",NA,NA,NA,favor,NA,NA,NA,NA,NA,no,no,NA
174,65,12,high school,female,northeast,strong democrat,liberal,too little,oppose,NA,too harshly,should be legal,no,no,yes,NA,NA,38002.49999999999
175,38,14,associate/junior college,female,northeast,"independent, close to democrat",conservative,too little,oppose,NA,not harshly enough,should not be legal,no,no,yes,NA,NA,139024.36558999997
176,37,12,high school,male,northeast,"independent, close to republican",conservative,too little,NA,favor,NA,NA,NA,NA,NA,no,yes,25334.999999999996
177,70,12,high school,male,northeast,strong democrat,liberal,NA,oppose,NA,NA,NA,NA,NA,NA,NA,NA,38002.49999999999
178,62,12,high school,male,northeast,strong republican,extremely conservative,too little,favor,favor,not harshly enough,should be legal,yes,yes,yes,no,yes,38002.49999999999
179,70,18,graduate,female,northeast,strong democrat,conservative,too little,oppose,NA,not harshly enough,should be legal,yes,no,no,NA,NA,46447.49999999999
180,64,15,associate/junior college,female,northeast,"independent (neither, no response)","moderate, middle of the road",NA,favor,NA,not harshly enough,should be legal,NA,NA,NA,NA,NA,18297.5
181,60,16,bachelor's,female,northeast,"independent (neither, no response)",slightly liberal,too little,NA,favor,NA,NA,NA,NA,NA,yes,yes,38002.49999999999
182,42,13,high school,female,northeast,not very strong republican,"moderate, middle of the road",NA,favor,favor,NA,NA,NA,NA,NA,yes,no,46447.49999999999
183,27,16,bachelor's,male,northeast,not very strong democrat,liberal,NA,NA,favor,NA,NA,NA,NA,NA,yes,no,56299.99999999999
184,NA,20,graduate,female,northeast,not very strong republican,"moderate, middle of the road",NA,favor,NA,NA,NA,NA,NA,NA,NA,NA,46447.49999999999
185,66,18,bachelor's,male,northeast,strong democrat,liberal,NA,favor,favor,NA,NA,NA,NA,NA,yes,no,38002.49999999999
186,58,16,bachelor's,female,northeast,strong democrat,"moderate, middle of the road",too little,NA,NA,too harshly,should be legal,no,no,yes,NA,NA,56299.99999999999
187,69,16,bachelor's,male,northeast,strong democrat,liberal,about right,favor,NA,not harshly enough,should be legal,yes,no,yes,NA,NA,139024.36558999997
188,37,16,graduate,female,northeast,not very strong democrat,liberal,NA,favor,NA,NA,NA,NA,NA,NA,NA,NA,139024.36558999997
189,49,16,bachelor's,female,northeast,strong democrat,slightly conservative,NA,favor,favor,about right,should not be legal,NA,NA,NA,no,no,139024.36558999997
190,72,19,graduate,male,northeast,strong democrat,liberal,about right,oppose,favor,NA,NA,no,no,yes,no,no,46447.49999999999
191,22,16,graduate,female,northeast,other party,NA,too little,NA,oppose,NA,NA,NA,NA,NA,yes,no,NA
192,80,20,graduate,male,northeast,"independent, close to democrat",liberal,about right,oppose,NA,NA,NA,yes,no,yes,NA,NA,139024.36558999997
193,57,18,graduate,male,northeast,not very strong democrat,"moderate, middle of the road",NA,NA,favor,NA,NA,NA,NA,NA,no,no,139024.36558999997
194,75,15,high school,female,northeast,strong republican,conservative,NA,oppose,oppose,NA,NA,NA,NA,NA,yes,yes,46447.49999999999
195,32,16,bachelor's,male,northeast,not very strong democrat,extremely liberal,too little,NA,favor,NA,NA,NA,NA,NA,no,yes,46447.49999999999
196,34,14,high school,female,west,not very strong republican,"moderate, middle of the road",NA,NA,favor,NA,NA,NA,NA,NA,no,no,5066.999999999999
197,34,12,high school,male,west,"independent (neither, no response)","moderate, middle of the road",too little,oppose,NA,NA,NA,no,no,yes,NA,NA,21112.499999999996
198,34,12,high school,male,west,not very strong democrat,slightly liberal,too little,oppose,NA,about right,NA,no,no,yes,NA,NA,38002.49999999999
199,64,14,high school,male,west,"independent (neither, no response)","moderate, middle of the road",NA,favor,oppose,NA,NA,NA,NA,NA,yes,yes,78819.99999999999
200,71,9,high school,male,west,strong democrat,liberal,NA,NA,favor,NA,NA,NA,NA,NA,yes,no,56299.99999999999
201,21,12,high school,male,west,strong republican,conservative,NA,oppose,NA,about right,NA,NA,NA,NA,NA,NA,67560
202,29,20,graduate,NA,west,NA,NA,too little,oppose,favor,NA,NA,yes,no,NA,no,no,6333.749999999999
203,62,15,high school,female,west,"independent, close to republican",slightly liberal,too little,favor,NA,not harshly enough,should not be legal,yes,no,yes,NA,NA,11963.749999999998
204,73,13,less than high school,female,west,"independent (neither, no response)",slightly conservative,NA,favor,NA,NA,NA,NA,NA,NA,NA,NA,281.5
205,62,15,high school,male,west,strong republican,extremely conservative,NA,NA,oppose,NA,NA,NA,NA,NA,yes,no,NA
206,NA,1,less than high school,male,west,not very strong democrat,"moderate, middle of the road",too much,oppose,NA,about right,should not be legal,no,yes,no,NA,NA,NA
207,74,14,high school,female,west,not very strong democrat,"moderate, middle of the road",too little,favor,NA,not harshly enough,should not be legal,yes,yes,yes,NA,NA,15482.499999999998
208,26,6,less than high school,female,west,"independent (neither, no response)",slightly liberal,about right,NA,favor,NA,NA,NA,NA,NA,no,no,281.5
209,58,17,bachelor's,female,west,strong democrat,slightly liberal,NA,favor,favor,NA,NA,NA,NA,NA,yes,no,18297.5
210,18,12,high school,female,west,"independent, close to democrat",slightly liberal,NA,NA,NA,not harshly enough,NA,NA,NA,NA,NA,NA,21112.499999999996
211,22,12,high school,male,west,not very strong republican,slightly liberal,about right,favor,NA,NA,NA,yes,no,no,NA,NA,30964.999999999996
212,30,12,high school,male,west,not very strong democrat,slightly liberal,too little,oppose,favor,NA,NA,yes,no,yes,yes,no,7741.249999999999
213,39,16,bachelor's,male,west,strong republican,conservative,NA,favor,favor,not harshly enough,should be legal,NA,NA,NA,yes,yes,56299.99999999999
214,19,13,high school,male,west,"independent (neither, no response)","moderate, middle of the road",about right,NA,favor,NA,NA,NA,NA,NA,yes,no,1970.4999999999998
215,41,12,high school,female,west,"independent (neither, no response)","moderate, middle of the road",NA,NA,favor,NA,NA,NA,NA,NA,yes,no,3659.4999999999995
216,38,11,less than high school,female,west,"independent (neither, no response)","moderate, middle of the road",NA,NA,favor,NA,NA,NA,NA,NA,yes,no,281.5
217,24,18,bachelor's,female,west,other party,extremely liberal,too little,NA,oppose,NA,NA,NA,NA,NA,no,no,11963.749999999998
218,66,14,high school,male,west,not very strong democrat,slightly liberal,too little,favor,favor,not harshly enough,should be legal,yes,no,yes,no,yes,67560
219,33,12,high school,male,west,"independent, close to democrat",extremely liberal,too little,oppose,NA,NA,NA,yes,no,yes,NA,NA,78819.99999999999
220,48,16,bachelor's,female,west,strong democrat,extremely liberal,too little,favor,oppose,not harshly enough,should be legal,no,no,yes,no,no,46447.49999999999
221,21,15,high school,female,west,"independent, close to democrat",extremely liberal,too much,NA,oppose,NA,NA,NA,NA,NA,yes,no,46447.49999999999
222,28,11,high school,male,west,"independent, close to republican",slightly conservative,too little,NA,favor,NA,NA,NA,NA,NA,no,no,9148.75
223,28,12,high school,male,west,"independent (neither, no response)","moderate, middle of the road",too much,oppose,oppose,NA,NA,no,yes,yes,no,no,3659.4999999999995
224,29,12,high school,female,west,"independent (neither, no response)",conservative,NA,favor,favor,NA,should be legal,NA,NA,NA,no,no,15482.499999999998
225,18,11,less than high school,male,west,other party,NA,too little,favor,favor,not harshly enough,should be legal,yes,yes,no,no,no,NA
226,40,14,associate/junior college,male,west,"independent (neither, no response)","moderate, middle of the road",NA,favor,NA,NA,NA,NA,NA,NA,NA,NA,56299.99999999999
227,62,17,associate/junior college,male,west,not very strong republican,conservative,NA,favor,NA,NA,NA,NA,NA,NA,NA,NA,56299.99999999999
228,39,12,high school,male,west,not very strong republican,"moderate, middle of the road",NA,oppose,favor,NA,should not be legal,NA,NA,NA,no,no,67560
229,NA,12,high school,female,west,not very strong democrat,"moderate, middle of the road",NA,favor,favor,too harshly,should be legal,no,no,yes,yes,no,56299.99999999999
230,53,18,high school,female,west,not very strong democrat,liberal,NA,favor,NA,NA,NA,NA,NA,NA,NA,NA,30964.999999999996
231,41,18,graduate,female,west,not very strong democrat,slightly liberal,too little,favor,NA,NA,NA,yes,no,yes,NA,NA,139024.36558999997
232,72,14,graduate,male,west,strong democrat,liberal,about right,favor,favor,NA,NA,no,yes,yes,no,no,10556.249999999998
233,34,14,high school,female,west,not very strong democrat,"moderate, middle of the road",NA,NA,favor,NA,NA,NA,NA,NA,no,yes,139024.36558999997
234,35,16,graduate,female,west,not very strong republican,slightly liberal,NA,favor,NA,NA,NA,NA,NA,NA,NA,NA,139024.36558999997
235,46,14,associate/junior college,female,west,strong democrat,slightly liberal,NA,favor,NA,not harshly enough,should be legal,NA,NA,NA,NA,NA,78819.99999999999
236,80,18,graduate,female,west,not very strong republican,conservative,NA,favor,NA,not harshly enough,should not be legal,NA,NA,NA,NA,NA,46447.49999999999
237,34,17,bachelor's,female,west,not very strong democrat,"moderate, middle of the road",too little,favor,NA,too harshly,should be legal,yes,no,no,yes,yes,30964.999999999996
238,35,12,high school,female,west,"independent (neither, no response)","moderate, middle of the road",too little,NA,favor,NA,NA,NA,NA,NA,no,no,21112.499999999996
239,54,12,high school,male,west,"independent (neither, no response)","moderate, middle of the road",NA,NA,favor,NA,NA,NA,NA,NA,no,no,38002.49999999999
240,73,17,bachelor's,male,west,"independent, close to democrat","moderate, middle of the road",NA,favor,oppose,not harshly enough,should be legal,NA,NA,NA,no,yes,78819.99999999999
241,49,12,high school,female,west,strong democrat,extremely liberal,too little,oppose,NA,NA,NA,yes,no,yes,NA,NA,56299.99999999999
242,55,12,high school,female,west,not very strong democrat,conservative,too little,favor,favor,not harshly enough,should be legal,no,no,yes,no,no,30964.999999999996
243,37,12,less than high school,female,west,"independent (neither, no response)",liberal,NA,NA,oppose,NA,NA,NA,NA,NA,no,no,46447.49999999999
244,44,12,less than high school,female,west,NA,NA,too much,NA,NA,NA,NA,NA,NA,NA,no,no,5066.999999999999
245,47,11,less than high school,male,west,"independent (neither, no response)",liberal,too little,favor,favor,NA,NA,yes,no,yes,no,no,90079.99999999999
246,37,13,high school,male,west,"independent (neither, no response)","moderate, middle of the road",NA,favor,NA,NA,NA,NA,NA,NA,NA,NA,25334.999999999996
247,NA,17,bachelor's,female,west,strong democrat,liberal,NA,oppose,favor,NA,NA,NA,NA,NA,no,no,6333.749999999999
248,48,10,less than high school,male,west,"independent (neither, no response)","moderate, middle of the road",NA,oppose,favor,NA,NA,NA,NA,NA,no,no,3096.4999999999995
249,54,13,high school,female,west,"independent (neither, no response)","moderate, middle of the road",NA,NA,favor,NA,NA,NA,NA,NA,yes,no,46447.49999999999
250,28,14,high school,male,west,"independent, close to democrat",slightly liberal,NA,NA,favor,NA,NA,NA,NA,NA,yes,no,18297.5
251,42,13,high school,female,west,"independent (neither, no response)","moderate, middle of the road",NA,favor,favor,NA,NA,NA,NA,NA,no,no,7741.249999999999
252,64,16,high school,female,west,strong democrat,"moderate, middle of the road",too little,oppose,NA,NA,NA,yes,no,yes,NA,NA,18297.5
253,89,0,less than high school,female,west,"independent (neither, no response)",extremely conservative,NA,NA,favor,NA,NA,NA,NA,NA,yes,no,NA
254,82,6,less than high school,female,west,strong republican,liberal,NA,oppose,favor,about right,should not be legal,NA,NA,NA,no,no,7741.249999999999
255,37,16,bachelor's,female,west,not very strong democrat,"moderate, middle of the road",too little,NA,favor,NA,NA,NA,NA,NA,yes,no,139024.36558999997
256,80,6,less than high school,female,west,not very strong democrat,"moderate, middle of the road",NA,NA,favor,NA,NA,NA,NA,NA,no,no,15482.499999999998
257,19,13,high school,male,west,"independent (neither, no response)","moderate, middle of the road",NA,favor,NA,NA,NA,NA,NA,NA,NA,NA,139024.36558999997
258,69,14,high school,female,west,not very strong democrat,"moderate, middle of the road",NA,favor,favor,NA,NA,NA,NA,NA,no,no,25334.999999999996
259,51,12,high school,female,west,"independent (neither, no response)",conservative,NA,oppose,NA,NA,NA,NA,NA,NA,NA,NA,4222.5
260,68,12,high school,female,west,not very strong democrat,NA,too little,oppose,NA,NA,should not be legal,yes,no,yes,NA,NA,30964.999999999996
261,58,14,high school,male,west,"independent, close to democrat","moderate, middle of the road",NA,favor,favor,NA,NA,NA,NA,NA,no,no,56299.99999999999
262,59,16,high school,female,west,not very strong democrat,slightly conservative,NA,NA,oppose,NA,NA,NA,NA,NA,no,no,25334.999999999996
263,66,16,bachelor's,male,west,strong republican,conservative,NA,favor,favor,NA,NA,NA,NA,NA,no,yes,38002.49999999999
264,22,10,less than high school,female,west,"independent (neither, no response)",slightly liberal,too much,favor,NA,not harshly enough,should not be legal,no,no,yes,NA,NA,1970.4999999999998
265,34,16,bachelor's,male,west,"independent (neither, no response)","moderate, middle of the road",about right,NA,oppose,NA,NA,NA,NA,NA,no,no,NA
266,82,16,bachelor's,male,west,"independent (neither, no response)","moderate, middle of the road",too little,favor,NA,not harshly enough,should not be legal,yes,no,yes,NA,NA,46447.49999999999
267,74,16,associate/junior college,male,west,strong democrat,slightly liberal,NA,oppose,NA,too harshly,should be legal,NA,NA,NA,NA,NA,67560
268,61,14,high school,female,west,"independent (neither, no response)","moderate, middle of the road",NA,favor,favor,NA,NA,NA,NA,NA,yes,no,67560
269,64,17,associate/junior college,male,west,"independent (neither, no response)",slightly liberal,too little,favor,favor,NA,NA,yes,no,yes,no,yes,18297.5
270,42,14,associate/junior college,male,west,"independent (neither, no response)","moderate, middle of the road",too little,favor,favor,NA,NA,no,no,no,yes,no,NA
271,37,NA,less than high school,male,west,"independent, close to republican",conservative,NA,favor,NA,NA,NA,NA,NA,NA,NA,NA,90079.99999999999
272,19,10,less than high school,female,west,"independent, close to democrat","moderate, middle of the road",too little,favor,NA,NA,NA,yes,no,yes,NA,NA,NA
273,37,17,bachelor's,female,west,not very strong democrat,"moderate, middle of the road",too little,favor,favor,NA,NA,yes,no,yes,no,no,46447.49999999999
274,70,18,bachelor's,female,west,strong democrat,liberal,NA,NA,favor,NA,NA,NA,NA,NA,no,no,90079.99999999999
275,50,12,high school,female,west,strong democrat,liberal,NA,oppose,favor,NA,NA,NA,NA,NA,no,no,46447.49999999999
276,39,10,less than high school,female,west,"independent (neither, no response)",slightly liberal,about right,favor,NA,NA,should not be legal,no,NA,NA,NA,NA,9148.75
277,66,2,less than high school,female,west,not very strong democrat,NA,too much,NA,NA,not harshly enough,should not be legal,no,no,yes,NA,NA,NA
278,46,10,less than high school,female,west,"independent (neither, no response)",extremely liberal,too little,NA,NA,not harshly enough,should be legal,no,no,no,NA,NA,2533.4999999999995
279,41,6,less than high school,female,west,"independent (neither, no response)",liberal,too much,favor,NA,not harshly enough,should not be legal,no,yes,yes,NA,NA,11963.749999999998
280,48,18,graduate,male,west,"independent, close to democrat",slightly liberal,NA,oppose,favor,NA,NA,NA,NA,NA,no,yes,139024.36558999997
281,82,15,associate/junior college,female,west,"independent, close to democrat","moderate, middle of the road",NA,NA,favor,NA,should be legal,NA,NA,NA,yes,no,56299.99999999999
282,68,14,high school,female,west,"independent, close to democrat",liberal,too little,favor,NA,not harshly enough,should be legal,yes,no,yes,NA,NA,56299.99999999999
283,69,18,bachelor's,female,west,"independent, close to democrat","moderate, middle of the road",about right,favor,favor,NA,NA,yes,no,yes,yes,no,139024.36558999997
284,89,16,high school,female,west,strong democrat,liberal,NA,NA,NA,NA,NA,NA,NA,NA,NA,NA,56299.99999999999
285,62,16,bachelor's,male,west,other party,slightly conservative,too little,favor,NA,NA,NA,yes,no,yes,NA,NA,139024.36558999997
286,82,18,high school,female,west,"independent (neither, no response)",NA,too little,NA,NA,NA,NA,NA,no,no,NA,NA,56299.99999999999
287,60,16,graduate,male,west,"independent, close to democrat",slightly liberal,NA,oppose,favor,NA,NA,NA,NA,NA,no,no,78819.99999999999
288,18,13,high school,female,west,strong democrat,liberal,about right,oppose,favor,NA,NA,yes,no,yes,yes,no,139024.36558999997
289,64,18,bachelor's,male,west,strong republican,conservative,too little,favor,NA,NA,NA,yes,no,yes,NA,NA,139024.36558999997
290,79,20,graduate,male,west,strong republican,extremely conservative,NA,favor,NA,NA,NA,NA,NA,NA,NA,NA,38002.49999999999
291,60,18,graduate,female,west,"independent (neither, no response)","moderate, middle of the road",NA,NA,favor,NA,NA,NA,NA,NA,no,no,NA
292,38,18,graduate,male,west,other party,"moderate, middle of the road",NA,oppose,NA,NA,should be legal,NA,NA,NA,NA,NA,281.5
293,39,16,bachelor's,male,west,strong democrat,slightly liberal,NA,NA,favor,NA,NA,NA,NA,NA,no,yes,139024.36558999997
294,NA,14,high school,female,west,"independent (neither, no response)",slightly liberal,NA,NA,favor,NA,NA,NA,NA,NA,no,no,38002.49999999999
295,35,15,bachelor's,female,west,"independent, close to democrat",extremely liberal,too little,oppose,favor,NA,NA,yes,no,yes,yes,no,46447.49999999999
296,61,16,bachelor's,male,west,not very strong democrat,liberal,too much,oppose,favor,NA,NA,yes,no,yes,yes,no,90079.99999999999
297,36,16,bachelor's,male,west,"independent, close to democrat",liberal,NA,oppose,favor,NA,NA,NA,NA,NA,yes,no,10556.249999999998
298,22,16,bachelor's,female,west,"independent (neither, no response)","moderate, middle of the road",too much,NA,favor,NA,NA,NA,NA,NA,yes,no,56299.99999999999
299,33,12,high school,female,west,strong republican,conservative,NA,NA,oppose,NA,NA,NA,NA,NA,yes,yes,78819.99999999999
300,47,17,bachelor's,male,west,strong democrat,extremely liberal,NA,NA,favor,NA,NA,NA,NA,NA,no,no,67560
301,60,15,high school,male,west,"independent (neither, no response)","moderate, middle of the road",about right,oppose,NA,NA,NA,no,no,no,NA,NA,139024.36558999997
302,54,16,associate/junior college,male,west,strong democrat,liberal,too little,favor,favor,not harshly enough,should be legal,no,no,no,yes,no,38002.49999999999
303,63,17,graduate,male,west,not very strong democrat,"moderate, middle of the road",NA,favor,favor,NA,should be legal,NA,NA,NA,no,no,7741.249999999999
304,54,16,graduate,female,west,strong democrat,liberal,about right,NA,favor,NA,NA,NA,NA,NA,no,no,139024.36558999997
305,65,16,graduate,female,west,not very strong republican,slightly conservative,NA,favor,NA,NA,NA,NA,NA,NA,NA,NA,30964.999999999996
306,51,14,associate/junior college,male,west,"independent, close to democrat",slightly conservative,NA,favor,favor,NA,NA,NA,NA,NA,no,yes,30964.999999999996
307,69,4,less than high school,NA,west,"independent (neither, no response)",NA,NA,oppose,NA,NA,NA,NA,NA,NA,NA,NA,NA
308,36,15,high school,male,west,not very strong democrat,liberal,about right,oppose,favor,NA,NA,yes,no,yes,yes,no,30964.999999999996
309,NA,16,associate/junior college,female,west,"independent (neither, no response)","moderate, middle of the road",NA,NA,favor,too harshly,should be legal,no,no,yes,NA,yes,NA
310,27,13,high school,female,west,"independent, close to democrat",extremely liberal,NA,oppose,favor,NA,NA,NA,NA,NA,yes,no,46447.49999999999
311,61,16,bachelor's,male,west,"independent, close to democrat",slightly conservative,NA,favor,favor,NA,NA,NA,NA,NA,no,no,NA
312,31,16,bachelor's,male,west,not very strong democrat,liberal,too much,favor,NA,NA,NA,no,yes,no,NA,NA,56299.99999999999
313,35,12,high school,female,west,"independent, close to democrat",slightly conservative,about right,favor,favor,NA,NA,yes,no,no,yes,no,18297.5
314,50,16,bachelor's,female,west,not very strong republican,slightly conservative,NA,NA,favor,NA,NA,NA,NA,NA,yes,no,56299.99999999999
315,66,15,high school,male,west,strong democrat,liberal,NA,oppose,NA,about right,should be legal,NA,NA,NA,NA,NA,46447.49999999999
316,31,12,high school,male,west,"independent, close to democrat","moderate, middle of the road",too little,NA,favor,NA,NA,NA,NA,NA,yes,no,56299.99999999999
317,29,12,less than high school,female,west,not very strong democrat,"moderate, middle of the road",too little,oppose,oppose,NA,NA,no,NA,NA,yes,no,NA
318,35,13,high school,female,west,strong democrat,"moderate, middle of the road",NA,oppose,favor,too harshly,NA,NA,NA,NA,yes,no,281.5
319,27,15,high school,female,west,"independent, close to democrat",liberal,NA,NA,favor,NA,NA,NA,NA,NA,no,no,15482.499999999998
320,33,16,bachelor's,male,west,not very strong democrat,liberal,NA,oppose,NA,NA,NA,NA,NA,NA,NA,NA,30964.999999999996
321,69,12,high school,female,west,not very strong republican,conservative,NA,favor,NA,NA,NA,NA,NA,NA,NA,NA,NA
322,36,14,associate/junior college,male,west,other party,extremely liberal,about right,oppose,favor,NA,should be legal,yes,no,yes,no,no,90079.99999999999
323,38,12,high school,male,west,"independent (neither, no response)",slightly liberal,too little,NA,favor,NA,NA,NA,NA,NA,yes,no,56299.99999999999
324,50,12,high school,female,west,not very strong republican,liberal,NA,NA,favor,NA,NA,NA,NA,NA,yes,no,18297.5
325,33,16,bachelor's,female,west,not very strong democrat,"moderate, middle of the road",NA,oppose,oppose,NA,NA,NA,NA,NA,yes,no,78819.99999999999
326,39,16,bachelor's,female,west,"independent, close to democrat",slightly liberal,NA,NA,favor,NA,NA,NA,NA,NA,yes,no,NA
327,69,18,graduate,female,west,strong democrat,slightly liberal,NA,favor,favor,not harshly enough,should be legal,NA,NA,NA,yes,no,46447.49999999999
328,NA,18,graduate,female,west,strong democrat,liberal,too little,oppose,favor,not harshly enough,should be legal,no,no,yes,yes,no,7741.249999999999
329,32,12,high school,female,midwest,not very strong democrat,"moderate, middle of the road",too little,favor,oppose,NA,NA,no,no,yes,yes,NA,18297.5
330,57,12,less than high school,male,midwest,not very strong democrat,liberal,NA,oppose,NA,too harshly,should be legal,NA,NA,NA,NA,NA,7741.249999999999
331,40,12,high school,male,midwest,strong republican,extremely liberal,too little,favor,favor,too harshly,should not be legal,yes,yes,no,yes,no,38002.49999999999
332,27,12,less than high school,female,midwest,"independent (neither, no response)","moderate, middle of the road",NA,NA,oppose,NA,NA,NA,NA,NA,yes,no,10556.249999999998
333,54,12,high school,male,midwest,"independent, close to republican","moderate, middle of the road",NA,favor,oppose,NA,NA,NA,NA,NA,no,yes,90079.99999999999
334,44,18,bachelor's,female,midwest,other party,slightly conservative,NA,NA,favor,NA,NA,NA,NA,NA,yes,no,67560
335,32,12,high school,female,midwest,strong democrat,liberal,too little,NA,favor,NA,NA,NA,NA,NA,yes,no,25334.999999999996
336,70,18,graduate,female,midwest,"independent, close to democrat",liberal,NA,oppose,favor,NA,NA,NA,NA,NA,yes,no,46447.49999999999
337,73,15,high school,female,midwest,not very strong democrat,"moderate, middle of the road",too little,oppose,NA,NA,NA,yes,no,yes,NA,NA,21112.499999999996
338,32,14,high school,male,midwest,"independent (neither, no response)","moderate, middle of the road",too little,NA,favor,NA,NA,NA,NA,NA,no,no,21112.499999999996
339,61,16,bachelor's,male,midwest,"independent, close to democrat","moderate, middle of the road",NA,oppose,NA,too harshly,NA,NA,NA,NA,NA,NA,67560
340,NA,12,high school,female,midwest,not very strong democrat,conservative,NA,NA,favor,NA,NA,NA,NA,NA,no,no,38002.49999999999
341,67,12,high school,female,midwest,"independent (neither, no response)","moderate, middle of the road",too little,favor,NA,NA,NA,yes,no,yes,NA,NA,25334.999999999996
342,55,12,high school,male,midwest,"independent (neither, no response)","moderate, middle of the road",too little,favor,favor,NA,NA,no,no,yes,yes,no,67560
343,33,16,bachelor's,male,midwest,strong democrat,"moderate, middle of the road",about right,favor,favor,NA,NA,yes,no,yes,no,yes,139024.36558999997
344,NA,19,graduate,female,midwest,other party,conservative,NA,NA,oppose,NA,NA,NA,NA,NA,yes,no,139024.36558999997
345,31,0,less than high school,female,midwest,"independent (neither, no response)",extremely conservative,too little,NA,favor,NA,NA,NA,NA,NA,no,no,18297.5
346,31,12,high school,male,midwest,"independent (neither, no response)","moderate, middle of the road",too little,favor,favor,NA,NA,yes,no,yes,no,yes,56299.99999999999
347,38,20,graduate,male,midwest,strong republican,extremely conservative,too little,favor,favor,NA,NA,yes,no,yes,yes,yes,67560
348,38,15,high school,female,midwest,"independent (neither, no response)","moderate, middle of the road",NA,oppose,NA,NA,NA,NA,NA,NA,NA,NA,6333.749999999999
349,67,12,high school,male,midwest,strong republican,conservative,NA,favor,NA,NA,NA,NA,NA,NA,NA,NA,38002.49999999999
350,31,20,graduate,female,midwest,"independent (neither, no response)","moderate, middle of the road",too little,favor,favor,NA,NA,yes,no,yes,no,no,139024.36558999997
351,39,16,bachelor's,male,midwest,"independent (neither, no response)","moderate, middle of the road",NA,NA,oppose,NA,NA,NA,NA,NA,no,yes,139024.36558999997
352,38,16,graduate,female,midwest,"independent, close to democrat",slightly liberal,NA,NA,oppose,NA,NA,NA,NA,NA,no,yes,90079.99999999999
353,81,9,high school,male,midwest,"independent, close to democrat","moderate, middle of the road",too little,NA,favor,NA,NA,NA,NA,NA,no,yes,25334.999999999996
354,47,15,associate/junior college,female,midwest,not very strong republican,"moderate, middle of the road",NA,NA,oppose,NA,NA,NA,NA,NA,no,yes,NA
355,55,20,bachelor's,female,midwest,"independent, close to republican","moderate, middle of the road",NA,oppose,favor,not harshly enough,should be legal,NA,NA,NA,yes,yes,46447.49999999999
356,66,18,graduate,female,midwest,not very strong republican,slightly conservative,too little,NA,oppose,NA,NA,NA,NA,NA,no,yes,90079.99999999999
357,44,18,graduate,female,midwest,strong democrat,liberal,too little,favor,favor,not harshly enough,NA,yes,no,yes,no,no,139024.36558999997
358,18,11,less than high school,female,midwest,"independent, close to republican","moderate, middle of the road",NA,favor,favor,NA,NA,NA,NA,NA,no,yes,90079.99999999999
359,71,16,bachelor's,male,midwest,"independent, close to republican",conservative,too little,favor,NA,not harshly enough,should be legal,yes,no,yes,NA,NA,30964.999999999996
360,54,16,bachelor's,male,midwest,strong republican,extremely conservative,NA,favor,NA,not harshly enough,should not be legal,NA,NA,NA,NA,NA,139024.36558999997
361,19,14,high school,male,midwest,"independent, close to republican","moderate, middle of the road",NA,NA,oppose,NA,NA,NA,NA,NA,no,refused,90079.99999999999
362,58,13,high school,female,midwest,strong democrat,liberal,too little,oppose,NA,NA,NA,yes,no,yes,NA,NA,67560
363,58,12,high school,female,midwest,strong democrat,slightly liberal,about right,NA,favor,NA,NA,NA,NA,NA,no,no,21112.499999999996
364,71,12,high school,female,midwest,strong republican,"moderate, middle of the road",too little,NA,favor,NA,NA,NA,NA,NA,no,no,30964.999999999996
365,60,16,bachelor's,male,midwest,strong democrat,"moderate, middle of the road",NA,NA,favor,NA,NA,NA,NA,NA,no,yes,139024.36558999997
366,69,17,high school,male,midwest,strong democrat,slightly liberal,too little,NA,favor,NA,NA,NA,NA,NA,no,yes,67560
367,55,15,high school,female,midwest,not very strong republican,"moderate, middle of the road",NA,oppose,NA,not harshly enough,should not be legal,no,no,no,NA,NA,56299.99999999999
368,89,12,high school,female,midwest,not very strong republican,extremely conservative,too little,favor,favor,about right,should be legal,yes,no,yes,no,no,18297.5
369,42,16,bachelor's,male,midwest,strong democrat,liberal,NA,favor,NA,about right,NA,NA,NA,NA,NA,NA,67560
370,50,12,high school,male,midwest,"independent (neither, no response)","moderate, middle of the road",NA,favor,NA,not harshly enough,should be legal,NA,NA,NA,NA,NA,7741.249999999999
371,32,16,bachelor's,female,midwest,"independent (neither, no response)",extremely liberal,NA,NA,oppose,NA,NA,NA,NA,NA,no,no,5066.999999999999
372,69,13,high school,male,midwest,"independent (neither, no response)",slightly conservative,too little,oppose,NA,NA,NA,yes,no,yes,NA,NA,NA
373,28,12,high school,male,midwest,"independent (neither, no response)","moderate, middle of the road",NA,oppose,favor,NA,NA,NA,NA,NA,yes,no,18297.5
374,58,16,bachelor's,male,midwest,strong democrat,liberal,NA,oppose,favor,not harshly enough,should be legal,NA,NA,NA,no,no,139024.36558999997
375,76,14,high school,female,midwest,"independent (neither, no response)","moderate, middle of the road",too little,NA,favor,NA,NA,NA,NA,NA,no,no,38002.49999999999
376,NA,14,high school,female,midwest,"independent, close to republican","moderate, middle of the road",NA,favor,favor,not harshly enough,should not be legal,NA,NA,NA,yes,yes,NA
377,60,14,high school,female,midwest,strong democrat,extremely liberal,NA,oppose,favor,about right,should be legal,NA,NA,NA,no,no,30964.999999999996
378,26,16,bachelor's,male,midwest,"independent, close to democrat",extremely liberal,NA,NA,favor,NA,NA,NA,NA,NA,no,no,139024.36558999997
379,47,12,less than high school,female,midwest,"independent, close to republican",conservative,too little,oppose,oppose,NA,NA,yes,no,yes,yes,no,18297.5
380,52,14,high school,female,midwest,strong democrat,"moderate, middle of the road",too little,favor,favor,NA,NA,yes,no,no,yes,yes,56299.99999999999
381,46,12,high school,female,midwest,strong democrat,extremely liberal,too little,favor,NA,NA,NA,no,yes,no,NA,NA,30964.999999999996
382,80,13,high school,female,midwest,"independent (neither, no response)",slightly conservative,too little,NA,oppose,NA,NA,NA,NA,NA,no,no,25334.999999999996
383,45,14,high school,male,midwest,not very strong republican,"moderate, middle of the road",too little,favor,favor,not harshly enough,should be legal,yes,no,yes,yes,no,15482.499999999998
384,35,13,high school,male,midwest,"independent, close to republican","moderate, middle of the road",NA,favor,favor,not harshly enough,should be legal,NA,NA,NA,yes,no,46447.49999999999
385,35,16,high school,male,midwest,"independent (neither, no response)","moderate, middle of the road",too little,NA,NA,too harshly,should be legal,yes,no,yes,NA,NA,56299.99999999999
386,66,13,high school,male,midwest,strong democrat,"moderate, middle of the road",too little,favor,favor,not harshly enough,should be legal,yes,no,yes,no,yes,46447.49999999999
387,46,16,bachelor's,female,midwest,strong democrat,"moderate, middle of the road",too little,favor,favor,NA,NA,no,no,yes,yes,no,NA
388,78,11,less than high school,female,midwest,strong democrat,extremely liberal,NA,NA,oppose,NA,NA,NA,NA,NA,no,no,6333.749999999999
389,74,12,high school,female,midwest,strong democrat,slightly liberal,NA,NA,NA,NA,NA,NA,NA,NA,no,no,6333.749999999999
390,51,12,high school,male,midwest,not very strong republican,"moderate, middle of the road",NA,NA,oppose,NA,NA,NA,NA,NA,no,no,3096.4999999999995
391,59,12,high school,male,midwest,"independent (neither, no response)",NA,too little,NA,NA,NA,NA,NA,NA,no,NA,NA,13371.249999999998
392,36,13,high school,female,midwest,"independent, close to republican",extremely conservative,too little,oppose,favor,not harshly enough,should be legal,yes,no,yes,yes,no,18297.5
393,52,17,graduate,female,midwest,not very strong democrat,"moderate, middle of the road",too little,NA,favor,NA,NA,NA,NA,NA,yes,yes,78819.99999999999
394,63,16,graduate,female,midwest,"independent (neither, no response)",liberal,too little,favor,oppose,too harshly,should not be legal,no,no,no,yes,no,38002.49999999999
395,78,14,associate/junior college,male,midwest,"independent, close to democrat",liberal,too little,oppose,NA,not harshly enough,should be legal,yes,no,yes,NA,NA,56299.99999999999
396,42,13,high school,female,midwest,strong democrat,extremely liberal,too little,oppose,oppose,NA,NA,no,no,no,no,no,1126
397,77,19,bachelor's,male,midwest,strong democrat,"moderate, middle of the road",about right,NA,oppose,NA,NA,NA,NA,NA,no,yes,90079.99999999999
398,39,13,high school,female,midwest,"independent (neither, no response)","moderate, middle of the road",NA,NA,oppose,NA,NA,NA,NA,NA,yes,no,21112.499999999996
399,83,9,less than high school,female,midwest,strong democrat,liberal,NA,oppose,NA,NA,NA,NA,NA,NA,NA,NA,7741.249999999999
400,60,16,bachelor's,male,midwest,not very strong democrat,liberal,NA,oppose,NA,NA,NA,NA,NA,NA,NA,NA,56299.99999999999
401,26,16,bachelor's,male,midwest,strong democrat,extremely liberal,too little,oppose,favor,NA,NA,yes,no,yes,yes,no,90079.99999999999
402,45,16,bachelor's,male,midwest,"independent (neither, no response)",extremely liberal,too much,oppose,NA,too harshly,should be legal,no,no,no,NA,NA,67560
403,23,14,associate/junior college,female,midwest,"independent (neither, no response)","moderate, middle of the road",about right,favor,favor,NA,NA,no,no,no,yes,no,21112.499999999996
404,56,12,high school,female,midwest,strong democrat,extremely liberal,NA,oppose,NA,not harshly enough,should not be legal,NA,NA,NA,NA,NA,1126
405,54,20,graduate,female,midwest,not very strong democrat,extremely liberal,NA,NA,favor,NA,NA,NA,NA,NA,yes,no,18297.5
406,85,8,less than high school,female,midwest,not very strong democrat,"moderate, middle of the road",too little,NA,NA,NA,should be legal,yes,no,yes,no,no,5066.999999999999
407,NA,17,graduate,female,midwest,not very strong democrat,liberal,NA,oppose,NA,NA,NA,NA,NA,NA,NA,NA,NA
408,69,16,bachelor's,female,midwest,strong democrat,extremely liberal,NA,NA,favor,NA,NA,NA,NA,NA,yes,no,139024.36558999997
409,30,17,bachelor's,male,midwest,"independent, close to democrat",liberal,too little,NA,oppose,NA,NA,NA,NA,NA,yes,no,78819.99999999999
410,37,19,graduate,male,midwest,"independent (neither, no response)","moderate, middle of the road",NA,favor,favor,NA,NA,NA,NA,NA,yes,yes,139024.36558999997
411,37,16,graduate,female,midwest,strong democrat,liberal,too much,oppose,NA,NA,NA,no,no,no,NA,NA,139024.36558999997
412,30,16,bachelor's,female,midwest,strong democrat,liberal,NA,oppose,favor,NA,NA,NA,NA,NA,no,no,90079.99999999999
413,26,16,bachelor's,male,midwest,"independent, close to democrat",slightly liberal,NA,NA,oppose,NA,NA,NA,NA,NA,yes,no,46447.49999999999
414,71,18,graduate,male,midwest,strong democrat,liberal,too little,oppose,favor,NA,NA,yes,no,yes,no,no,38002.49999999999
415,60,14,associate/junior college,male,midwest,strong democrat,slightly liberal,too little,oppose,oppose,NA,NA,yes,no,yes,no,yes,46447.49999999999
416,74,16,bachelor's,male,midwest,"independent (neither, no response)","moderate, middle of the road",too little,favor,favor,NA,NA,no,no,no,no,no,25334.999999999996
417,61,12,high school,male,midwest,"independent (neither, no response)",conservative,NA,NA,favor,NA,NA,NA,NA,NA,NA,no,NA
418,43,17,bachelor's,female,midwest,strong republican,conservative,NA,oppose,NA,not harshly enough,should not be legal,NA,NA,NA,NA,NA,139024.36558999997
419,59,16,bachelor's,male,midwest,not very strong democrat,conservative,NA,oppose,favor,NA,NA,NA,NA,NA,no,no,46447.49999999999
420,53,16,bachelor's,female,midwest,"independent (neither, no response)",slightly liberal,NA,favor,favor,NA,NA,NA,NA,NA,yes,no,139024.36558999997
421,49,12,high school,female,midwest,"independent (neither, no response)","moderate, middle of the road",too little,NA,favor,NA,NA,NA,NA,NA,yes,no,6333.749999999999
422,40,16,bachelor's,female,midwest,not very strong republican,slightly conservative,NA,favor,NA,NA,NA,NA,NA,NA,NA,NA,90079.99999999999
423,39,17,bachelor's,male,midwest,not very strong republican,slightly conservative,NA,favor,NA,not harshly enough,should be legal,NA,NA,NA,NA,NA,139024.36558999997
424,60,12,high school,female,midwest,other party,"moderate, middle of the road",too little,oppose,NA,not harshly enough,NA,yes,no,yes,NA,NA,56299.99999999999
425,77,12,high school,male,midwest,"independent, close to democrat",liberal,about right,oppose,NA,NA,NA,yes,no,yes,NA,NA,NA
426,67,13,high school,male,midwest,"independent, close to republican",slightly conservative,NA,favor,favor,NA,NA,NA,NA,NA,no,no,67560
427,45,17,bachelor's,male,midwest,strong republican,conservative,NA,NA,favor,NA,NA,NA,NA,NA,no,yes,78819.99999999999
428,47,12,high school,male,midwest,"independent (neither, no response)","moderate, middle of the road",NA,favor,NA,about right,should not be legal,NA,NA,NA,NA,NA,18297.5
429,43,9,less than high school,male,midwest,"independent (neither, no response)","moderate, middle of the road",too little,NA,favor,NA,NA,NA,NA,NA,no,no,38002.49999999999
430,46,17,bachelor's,female,midwest,"independent (neither, no response)",slightly conservative,too little,oppose,favor,not harshly enough,should not be legal,no,no,no,no,no,78819.99999999999
431,53,14,high school,female,midwest,not very strong republican,"moderate, middle of the road",too little,favor,NA,NA,NA,yes,no,yes,NA,NA,46447.49999999999
432,65,16,graduate,female,south,"independent (neither, no response)","moderate, middle of the road",NA,NA,favor,NA,NA,NA,NA,NA,no,yes,90079.99999999999
433,58,13,high school,female,south,"independent (neither, no response)","moderate, middle of the road",about right,favor,oppose,NA,NA,no,no,yes,no,no,6333.749999999999
434,47,16,bachelor's,male,south,"independent, close to republican","moderate, middle of the road",NA,oppose,favor,NA,NA,NA,NA,NA,no,no,78819.99999999999
435,45,14,high school,male,south,"independent, close to republican",conservative,too little,favor,favor,NA,NA,yes,no,yes,no,yes,139024.36558999997
436,67,17,bachelor's,male,south,"independent, close to republican",slightly conservative,NA,NA,oppose,NA,NA,NA,NA,NA,no,yes,139024.36558999997
437,37,13,high school,female,south,not very strong republican,extremely liberal,too little,oppose,NA,about right,should not be legal,no,no,yes,NA,NA,139024.36558999997
438,60,17,graduate,male,south,"independent (neither, no response)",slightly conservative,about right,NA,favor,NA,NA,NA,NA,NA,NA,no,139024.36558999997
439,74,16,graduate,female,south,strong democrat,liberal,NA,oppose,favor,NA,NA,NA,NA,NA,yes,no,46447.49999999999
440,70,12,high school,female,south,"independent, close to democrat","moderate, middle of the road",too little,oppose,favor,NA,NA,no,no,no,yes,no,56299.99999999999
441,66,16,bachelor's,female,south,strong democrat,"moderate, middle of the road",NA,NA,favor,NA,NA,NA,NA,NA,yes,no,56299.99999999999
442,65,14,associate/junior college,female,south,strong democrat,"moderate, middle of the road",too little,NA,favor,NA,NA,NA,NA,NA,no,no,30964.999999999996
443,47,18,graduate,female,south,not very strong democrat,liberal,too much,favor,NA,NA,NA,yes,no,yes,NA,NA,139024.36558999997
444,32,14,high school,male,south,strong democrat,slightly liberal,NA,oppose,NA,NA,NA,NA,NA,NA,NA,NA,90079.99999999999
445,49,13,high school,female,south,"independent, close to republican","moderate, middle of the road",NA,oppose,favor,NA,NA,NA,NA,NA,no,no,139024.36558999997
446,58,18,bachelor's,female,south,"independent (neither, no response)","moderate, middle of the road",NA,oppose,NA,about right,should be legal,NA,NA,NA,NA,NA,10556.249999999998
447,66,16,bachelor's,female,south,"independent (neither, no response)",conservative,too little,NA,favor,NA,NA,NA,NA,NA,yes,no,38002.49999999999
448,52,19,graduate,female,south,not very strong democrat,liberal,too much,oppose,oppose,NA,NA,no,no,yes,yes,no,90079.99999999999
449,34,15,high school,female,south,strong democrat,slightly liberal,too little,NA,favor,NA,NA,NA,NA,NA,no,no,56299.99999999999
450,46,20,graduate,male,south,"independent, close to republican",slightly conservative,too little,oppose,oppose,NA,should be legal,yes,no,yes,yes,no,30964.999999999996
451,59,17,graduate,female,south,"independent (neither, no response)","moderate, middle of the road",NA,oppose,favor,NA,NA,NA,NA,NA,yes,no,139024.36558999997
452,66,12,high school,female,south,"independent (neither, no response)","moderate, middle of the road",NA,NA,favor,NA,NA,NA,NA,NA,no,no,30964.999999999996
453,35,16,graduate,male,south,"independent (neither, no response)",slightly conservative,NA,oppose,oppose,NA,NA,NA,NA,NA,yes,no,38002.49999999999
454,23,16,bachelor's,male,south,strong democrat,liberal,NA,NA,favor,NA,NA,NA,NA,NA,no,no,3096.4999999999995
455,22,16,bachelor's,female,south,"independent, close to democrat",liberal,NA,NA,oppose,NA,NA,NA,NA,NA,no,no,5066.999999999999
456,25,16,graduate,male,south,"independent, close to democrat",slightly liberal,too little,favor,NA,too harshly,should be legal,yes,no,yes,NA,NA,38002.49999999999
457,32,18,graduate,male,south,not very strong democrat,slightly liberal,too little,oppose,favor,NA,NA,yes,no,yes,no,no,56299.99999999999
458,55,20,graduate,female,south,"independent, close to republican",slightly conservative,NA,oppose,favor,NA,NA,NA,NA,NA,yes,no,90079.99999999999
459,45,17,bachelor's,male,south,strong democrat,liberal,about right,NA,favor,NA,NA,NA,NA,NA,no,no,38002.49999999999
460,59,18,graduate,female,south,strong republican,slightly conservative,NA,NA,favor,NA,NA,NA,NA,NA,yes,yes,139024.36558999997
461,52,16,bachelor's,male,south,strong republican,conservative,NA,favor,NA,NA,NA,NA,NA,NA,NA,NA,46447.49999999999
462,33,17,bachelor's,male,south,"independent, close to democrat",slightly liberal,NA,favor,favor,not harshly enough,should be legal,NA,NA,NA,yes,no,18297.5
463,20,10,high school,male,south,strong republican,conservative,too little,NA,oppose,NA,NA,NA,NA,NA,no,no,46447.49999999999
464,28,17,graduate,male,south,"independent, close to democrat","moderate, middle of the road",NA,oppose,NA,about right,should be legal,NA,NA,NA,NA,NA,18297.5
465,43,0,less than high school,female,south,"independent (neither, no response)","moderate, middle of the road",NA,NA,favor,NA,NA,NA,NA,NA,yes,no,NA
466,42,20,bachelor's,male,south,"independent (neither, no response)","moderate, middle of the road",NA,oppose,favor,NA,should not be legal,NA,NA,NA,yes,no,11963.749999999998
467,66,16,bachelor's,female,south,not very strong democrat,slightly liberal,about right,NA,favor,NA,NA,NA,NA,NA,no,no,139024.36558999997
468,52,16,bachelor's,female,south,"independent, close to republican",slightly conservative,NA,favor,NA,NA,NA,NA,NA,NA,NA,NA,139024.36558999997
469,49,16,bachelor's,male,south,"independent (neither, no response)",liberal,too little,favor,NA,NA,NA,yes,no,no,NA,NA,67560
470,40,18,graduate,male,south,"independent (neither, no response)",slightly liberal,about right,oppose,favor,NA,NA,no,no,no,no,yes,46447.49999999999
471,53,19,graduate,female,south,strong democrat,liberal,NA,favor,NA,NA,NA,NA,NA,NA,NA,NA,139024.36558999997
472,31,16,bachelor's,female,south,not very strong democrat,"moderate, middle of the road",too little,favor,favor,NA,NA,yes,no,yes,no,yes,139024.36558999997
473,36,12,high school,male,south,strong republican,conservative,NA,oppose,NA,NA,NA,NA,NA,NA,NA,NA,38002.49999999999
474,20,12,high school,female,south,strong republican,conservative,NA,favor,oppose,NA,NA,NA,NA,NA,no,yes,18297.5
475,34,14,associate/junior college,male,south,strong democrat,slightly conservative,NA,NA,oppose,NA,NA,NA,NA,NA,no,yes,25334.999999999996
476,58,16,associate/junior college,male,south,"independent, close to republican",slightly conservative,NA,NA,oppose,NA,NA,NA,NA,NA,no,yes,78819.99999999999
477,NA,12,less than high school,female,south,strong democrat,liberal,about right,NA,NA,NA,should not be legal,NA,NA,NA,NA,NA,3659.4999999999995
478,68,20,graduate,male,south,not very strong democrat,extremely liberal,too little,oppose,favor,NA,NA,yes,no,yes,no,no,67560
479,36,15,associate/junior college,male,south,"independent, close to republican",slightly conservative,NA,favor,favor,NA,NA,NA,NA,NA,no,no,38002.49999999999
480,29,16,bachelor's,female,south,strong democrat,extremely liberal,too much,oppose,NA,NA,NA,yes,no,no,NA,NA,67560
481,35,16,graduate,male,south,not very strong democrat,liberal,NA,oppose,NA,NA,NA,NA,NA,NA,NA,NA,139024.36558999997
482,61,12,high school,male,south,strong republican,conservative,too little,favor,oppose,NA,should be legal,yes,no,yes,no,no,38002.49999999999
483,89,17,bachelor's,female,south,"independent, close to democrat","moderate, middle of the road",NA,oppose,favor,not harshly enough,should be legal,NA,NA,NA,no,no,18297.5
484,47,16,graduate,male,south,"independent, close to democrat",slightly liberal,NA,oppose,favor,NA,NA,NA,NA,NA,no,no,78819.99999999999
485,23,12,high school,male,south,"independent (neither, no response)","moderate, middle of the road",too little,favor,NA,about right,NA,yes,no,yes,NA,NA,25334.999999999996
486,38,17,graduate,female,south,"independent, close to republican",slightly conservative,NA,NA,favor,NA,NA,NA,NA,NA,yes,no,13371.249999999998
487,NA,16,associate/junior college,male,south,other party,slightly liberal,too little,NA,favor,NA,NA,NA,NA,NA,yes,NA,NA
488,41,16,graduate,male,south,strong democrat,liberal,NA,oppose,favor,too harshly,should be legal,no,no,no,no,no,90079.99999999999
489,30,16,bachelor's,female,south,"independent, close to democrat","moderate, middle of the road",too much,oppose,favor,NA,NA,no,no,yes,no,no,46447.49999999999
490,34,18,graduate,female,south,not very strong democrat,liberal,too little,NA,favor,NA,NA,NA,NA,NA,yes,yes,56299.99999999999
491,55,18,bachelor's,female,south,strong democrat,liberal,too little,oppose,NA,NA,NA,no,no,yes,NA,NA,56299.99999999999
492,53,12,high school,male,south,strong democrat,"moderate, middle of the road",too little,favor,NA,too harshly,should be legal,yes,no,yes,NA,NA,7741.249999999999
493,36,14,high school,male,south,"independent (neither, no response)","moderate, middle of the road",NA,oppose,favor,NA,NA,NA,NA,NA,yes,yes,30964.999999999996
494,67,16,bachelor's,female,south,"independent (neither, no response)",slightly conservative,NA,NA,NA,NA,NA,NA,NA,NA,NA,NA,56299.99999999999
495,25,12,high school,female,south,"independent, close to republican",slightly conservative,too little,NA,oppose,NA,NA,NA,NA,NA,yes,no,38002.49999999999
496,66,17,bachelor's,male,south,"independent (neither, no response)",extremely liberal,NA,NA,favor,NA,NA,NA,NA,NA,no,no,139024.36558999997
497,45,18,graduate,female,south,"independent, close to democrat","moderate, middle of the road",too little,oppose,NA,NA,NA,yes,no,yes,NA,NA,139024.36558999997
498,19,12,high school,male,south,NA,"moderate, middle of the road",too little,oppose,oppose,too harshly,should be legal,yes,no,yes,no,no,7741.249999999999
499,55,14,high school,female,south,other party,liberal,too little,NA,favor,NA,NA,NA,NA,NA,no,no,46447.49999999999
500,44,16,graduate,female,south,strong democrat,"moderate, middle of the road",NA,oppose,favor,NA,should not be legal,NA,NA,NA,yes,no,46447.49999999999
501,32,11,high school,female,south,not very strong republican,conservative,too little,favor,NA,NA,NA,yes,no,yes,NA,NA,38002.49999999999
502,74,16,bachelor's,male,south,strong democrat,slightly liberal,too little,favor,NA,about right,should be legal,yes,no,yes,NA,NA,25334.999999999996
503,30,10,less than high school,female,south,"independent (neither, no response)","moderate, middle of the road",too little,favor,oppose,too harshly,should be legal,no,no,no,no,no,281.5
504,43,13,high school,female,south,strong democrat,"moderate, middle of the road",about right,oppose,oppose,NA,should be legal,yes,no,yes,no,no,11963.749999999998
505,66,13,high school,female,south,strong democrat,"moderate, middle of the road",NA,NA,oppose,NA,NA,NA,NA,NA,yes,no,15482.499999999998
506,27,13,high school,male,south,strong democrat,"moderate, middle of the road",too much,oppose,NA,NA,NA,no,no,yes,NA,NA,30964.999999999996
507,68,13,high school,female,south,strong democrat,slightly liberal,too little,NA,favor,NA,NA,NA,NA,NA,yes,no,38002.49999999999
508,26,15,high school,female,south,not very strong democrat,NA,NA,oppose,NA,NA,should be legal,NA,NA,NA,NA,NA,21112.499999999996
509,NA,13,high school,male,south,not very strong republican,conservative,NA,NA,oppose,NA,NA,NA,NA,NA,yes,NA,NA
510,50,16,graduate,male,south,strong democrat,extremely liberal,too much,oppose,NA,NA,NA,yes,no,no,NA,NA,78819.99999999999
511,59,12,high school,male,south,strong democrat,"moderate, middle of the road",NA,NA,NA,NA,NA,NA,NA,NA,no,no,67560
512,NA,18,graduate,male,south,"independent (neither, no response)","moderate, middle of the road",NA,NA,oppose,NA,NA,NA,NA,NA,no,yes,67560
513,49,16,bachelor's,female,south,not very strong democrat,slightly liberal,NA,favor,NA,NA,NA,NA,NA,NA,NA,NA,139024.36558999997
514,67,16,high school,male,west,strong democrat,extremely liberal,NA,favor,NA,about right,should be legal,NA,NA,NA,NA,NA,30964.999999999996
515,52,13,high school,male,west,strong republican,extremely conservative,too little,NA,favor,NA,NA,NA,NA,NA,no,no,281.5
516,33,16,bachelor's,female,west,not very strong democrat,liberal,NA,oppose,NA,too harshly,should be legal,NA,NA,NA,NA,NA,139024.36558999997
517,71,16,bachelor's,male,west,strong democrat,liberal,NA,oppose,NA,NA,NA,NA,NA,NA,NA,NA,6333.749999999999
518,47,20,graduate,male,west,"independent, close to republican",slightly conservative,too much,favor,NA,NA,NA,yes,no,yes,NA,NA,139024.36558999997
519,41,16,bachelor's,female,west,not very strong democrat,"moderate, middle of the road",about right,NA,favor,NA,NA,NA,NA,NA,no,no,67560
520,33,16,graduate,male,west,"independent (neither, no response)","moderate, middle of the road",NA,NA,favor,NA,NA,NA,NA,NA,no,no,139024.36558999997
521,33,18,graduate,female,west,not very strong democrat,liberal,too little,favor,favor,NA,NA,no,no,NA,yes,no,90079.99999999999
522,NA,18,bachelor's,male,west,not very strong democrat,"moderate, middle of the road",too little,favor,favor,NA,NA,yes,no,no,no,yes,139024.36558999997
523,NA,NA,less than high school,female,west,NA,NA,NA,oppose,favor,NA,NA,NA,NA,NA,NA,NA,NA
524,42,17,bachelor's,male,west,not very strong democrat,slightly liberal,about right,oppose,NA,NA,NA,yes,no,yes,NA,NA,139024.36558999997
525,40,12,high school,male,west,"independent (neither, no response)",slightly conservative,NA,favor,NA,not harshly enough,should not be legal,NA,NA,NA,NA,NA,56299.99999999999
526,NA,20,graduate,male,west,not very strong democrat,liberal,too little,favor,NA,NA,NA,yes,no,no,NA,NA,NA
527,60,16,bachelor's,female,west,not very strong republican,"moderate, middle of the road",too little,favor,favor,NA,NA,yes,no,yes,yes,no,38002.49999999999
528,56,16,bachelor's,male,west,not very strong republican,conservative,too little,favor,favor,not harshly enough,should not be legal,yes,no,no,no,no,30964.999999999996
529,53,14,high school,female,west,"independent, close to democrat",conservative,NA,favor,favor,not harshly enough,should not be legal,NA,NA,NA,no,no,90079.99999999999
530,52,12,high school,female,west,"independent (neither, no response)",conservative,NA,oppose,oppose,NA,NA,NA,NA,NA,no,no,46447.49999999999
531,75,12,high school,male,west,not very strong democrat,"moderate, middle of the road",about right,NA,oppose,NA,NA,NA,NA,NA,no,no,139024.36558999997
532,32,17,graduate,male,west,not very strong republican,"moderate, middle of the road",too much,favor,favor,NA,NA,yes,yes,no,no,no,46447.49999999999
533,44,16,bachelor's,female,west,"independent (neither, no response)","moderate, middle of the road",NA,oppose,favor,NA,NA,NA,NA,NA,no,no,18297.5
534,33,15,graduate,female,west,"independent (neither, no response)","moderate, middle of the road",NA,oppose,NA,NA,NA,NA,NA,NA,NA,NA,139024.36558999997
535,37,12,high school,female,west,strong democrat,slightly liberal,NA,NA,oppose,NA,NA,NA,NA,NA,no,no,18297.5
536,24,16,bachelor's,male,west,strong democrat,liberal,too little,NA,favor,NA,NA,NA,NA,NA,no,yes,NA
537,NA,12,high school,female,west,"independent (neither, no response)",NA,NA,favor,favor,not harshly enough,should be legal,NA,NA,NA,no,no,NA
538,30,16,bachelor's,female,west,strong democrat,liberal,NA,oppose,NA,NA,NA,NA,NA,NA,NA,NA,67560
539,63,13,high school,male,west,strong republican,conservative,too little,favor,oppose,NA,NA,yes,no,yes,no,yes,90079.99999999999
540,42,16,bachelor's,male,west,"independent (neither, no response)","moderate, middle of the road",NA,oppose,favor,NA,NA,NA,NA,NA,no,no,139024.36558999997
541,28,16,bachelor's,male,west,"independent, close to democrat",slightly liberal,about right,NA,favor,NA,NA,NA,NA,NA,no,no,90079.99999999999
542,37,16,bachelor's,female,west,not very strong democrat,"moderate, middle of the road",too little,oppose,favor,NA,NA,no,no,no,no,no,139024.36558999997
543,47,18,graduate,male,west,"independent (neither, no response)",slightly conservative,too little,NA,NA,not harshly enough,should not be legal,yes,NA,yes,NA,NA,NA
544,NA,19,bachelor's,male,west,not very strong democrat,slightly liberal,about right,favor,favor,about right,should be legal,yes,no,yes,no,no,139024.36558999997
545,60,16,bachelor's,female,west,strong democrat,liberal,about right,NA,favor,NA,NA,NA,NA,NA,yes,no,NA
546,36,16,graduate,female,west,"independent (neither, no response)",slightly conservative,NA,favor,favor,NA,NA,NA,NA,NA,yes,no,78819.99999999999
547,29,16,graduate,female,west,"independent (neither, no response)","moderate, middle of the road",too much,NA,favor,NA,NA,NA,NA,NA,no,no,NA
548,43,19,bachelor's,male,west,not very strong democrat,slightly liberal,about right,favor,NA,NA,NA,yes,no,yes,NA,NA,67560
549,56,16,bachelor's,male,west,"independent (neither, no response)",slightly liberal,too little,favor,favor,too harshly,should be legal,yes,no,yes,no,no,139024.36558999997
550,66,14,high school,female,west,strong republican,conservative,NA,favor,NA,not harshly enough,should be legal,NA,NA,NA,NA,NA,139024.36558999997
551,66,12,high school,female,west,"independent, close to democrat",slightly liberal,NA,oppose,favor,NA,NA,NA,NA,NA,yes,no,78819.99999999999
552,NA,16,graduate,male,west,"independent (neither, no response)","moderate, middle of the road",too little,favor,NA,NA,NA,no,yes,yes,NA,NA,139024.36558999997
553,59,16,high school,female,west,strong republican,conservative,NA,favor,favor,NA,NA,NA,NA,NA,yes,no,67560
554,42,16,bachelor's,male,west,"independent (neither, no response)","moderate, middle of the road",too little,NA,oppose,NA,NA,NA,NA,NA,no,yes,78819.99999999999
555,45,16,graduate,female,west,not very strong democrat,extremely liberal,about right,NA,favor,NA,NA,NA,NA,NA,yes,no,25334.999999999996
556,77,16,bachelor's,female,west,strong democrat,extremely liberal,too much,oppose,NA,NA,NA,no,no,yes,NA,NA,38002.49999999999
557,67,16,graduate,male,west,strong democrat,slightly liberal,too little,oppose,NA,NA,NA,no,no,yes,NA,NA,139024.36558999997
558,64,16,bachelor's,male,west,"independent (neither, no response)","moderate, middle of the road",NA,favor,NA,NA,NA,NA,NA,NA,NA,NA,281.5
559,70,17,bachelor's,female,west,strong democrat,slightly liberal,NA,oppose,favor,NA,NA,NA,NA,NA,no,no,139024.36558999997
560,26,14,high school,male,west,"independent, close to republican",slightly conservative,too much,oppose,oppose,NA,NA,yes,no,yes,no,no,38002.49999999999
561,62,16,bachelor's,male,west,"independent (neither, no response)",conservative,NA,oppose,NA,NA,NA,NA,NA,NA,NA,NA,NA
562,55,16,bachelor's,female,west,"independent (neither, no response)","moderate, middle of the road",too little,favor,NA,NA,NA,no,no,yes,NA,NA,78819.99999999999
563,41,12,less than high school,male,west,"independent (neither, no response)","moderate, middle of the road",too little,NA,favor,NA,NA,NA,NA,NA,no,no,15482.499999999998
564,74,17,graduate,female,west,strong democrat,liberal,NA,NA,favor,NA,NA,NA,NA,NA,yes,no,56299.99999999999
565,59,16,bachelor's,female,west,strong democrat,extremely liberal,NA,NA,favor,NA,NA,NA,NA,NA,no,no,38002.49999999999
566,21,13,associate/junior college,female,west,"independent (neither, no response)","moderate, middle of the road",NA,favor,favor,NA,NA,NA,NA,NA,yes,no,1126
567,25,13,high school,female,west,"independent (neither, no response)",extremely conservative,too little,favor,favor,NA,NA,no,no,yes,yes,no,6333.749999999999
568,39,12,high school,female,west,"independent (neither, no response)","moderate, middle of the road",too little,oppose,oppose,about right,should be legal,no,no,yes,yes,no,9148.75
569,18,12,high school,male,west,not very strong democrat,slightly liberal,too little,oppose,NA,not harshly enough,should be legal,yes,no,yes,NA,NA,11963.749999999998
570,30,7,less than high school,female,west,"independent (neither, no response)",slightly liberal,too little,NA,favor,NA,NA,NA,NA,NA,yes,no,281.5
571,58,9,less than high school,female,west,not very strong republican,"moderate, middle of the road",too little,favor,NA,NA,NA,no,no,yes,NA,NA,30964.999999999996
572,21,12,high school,male,west,strong democrat,conservative,NA,NA,oppose,NA,NA,NA,NA,NA,no,no,NA
573,41,16,associate/junior college,female,west,not very strong democrat,"moderate, middle of the road",NA,favor,favor,NA,NA,NA,NA,NA,yes,no,139024.36558999997
574,38,13,high school,female,west,not very strong republican,"moderate, middle of the road",too little,NA,favor,NA,NA,NA,NA,NA,no,no,90079.99999999999
575,52,17,bachelor's,male,west,"independent (neither, no response)","moderate, middle of the road",too little,favor,oppose,NA,NA,yes,yes,yes,no,yes,67560
576,33,14,high school,female,west,"independent (neither, no response)",slightly liberal,NA,favor,favor,NA,NA,NA,NA,NA,no,no,281.5
577,64,12,high school,female,west,strong republican,"moderate, middle of the road",too little,favor,NA,NA,NA,yes,no,yes,NA,NA,9148.75
578,42,15,high school,female,northeast,strong republican,conservative,about right,NA,favor,NA,NA,NA,NA,NA,yes,yes,30964.999999999996
579,61,12,high school,female,northeast,"independent (neither, no response)",NA,too little,oppose,NA,about right,should not be legal,no,no,yes,yes,no,NA
580,39,13,high school,male,northeast,"independent, close to republican",slightly conservative,too little,favor,NA,NA,NA,yes,no,yes,NA,NA,25334.999999999996
581,49,13,high school,female,northeast,strong republican,conservative,NA,favor,NA,not harshly enough,should be legal,yes,no,yes,NA,NA,18297.5
582,24,12,high school,male,northeast,"independent, close to democrat",slightly liberal,NA,NA,favor,NA,NA,NA,NA,NA,yes,no,56299.99999999999
583,59,9,less than high school,male,northeast,"independent, close to republican",liberal,about right,favor,favor,not harshly enough,should be legal,yes,no,yes,no,no,21112.499999999996
584,37,13,high school,female,northeast,other party,slightly liberal,too little,oppose,NA,not harshly enough,should be legal,yes,no,yes,NA,NA,15482.499999999998
585,45,16,bachelor's,female,northeast,"independent, close to democrat","moderate, middle of the road",NA,favor,oppose,NA,NA,NA,NA,NA,yes,no,78819.99999999999
586,42,14,associate/junior college,male,northeast,not very strong democrat,"moderate, middle of the road",NA,oppose,NA,NA,NA,NA,NA,NA,NA,NA,78819.99999999999
587,64,5,less than high school,female,northeast,"independent (neither, no response)",NA,NA,NA,favor,NA,NA,NA,NA,NA,yes,no,281.5
588,76,14,high school,male,northeast,strong democrat,extremely conservative,about right,favor,oppose,NA,should not be legal,no,no,yes,no,no,15482.499999999998
589,32,13,high school,female,northeast,"independent (neither, no response)",slightly liberal,NA,NA,favor,NA,NA,NA,NA,NA,yes,yes,46447.49999999999
590,45,14,associate/junior college,female,northeast,strong republican,conservative,NA,oppose,NA,NA,NA,NA,NA,NA,NA,NA,7741.249999999999
591,32,12,high school,female,northeast,"independent (neither, no response)","moderate, middle of the road",too little,favor,NA,NA,NA,yes,no,yes,NA,NA,15482.499999999998
592,43,12,less than high school,female,northeast,not very strong republican,conservative,too much,oppose,oppose,NA,NA,no,no,yes,no,no,NA
593,42,9,high school,female,northeast,"independent, close to democrat",extremely conservative,NA,NA,oppose,NA,NA,NA,NA,NA,yes,yes,6333.749999999999
594,59,16,bachelor's,male,northeast,strong republican,extremely conservative,too little,favor,oppose,NA,NA,yes,NA,yes,yes,no,11963.749999999998
595,77,8,less than high school,male,northeast,"independent, close to republican",slightly liberal,too little,favor,NA,not harshly enough,should be legal,no,no,yes,NA,NA,1126
596,74,10,less than high school,female,northeast,NA,NA,about right,NA,NA,NA,NA,NA,NA,NA,yes,no,NA
597,68,16,bachelor's,male,northeast,strong democrat,"moderate, middle of the road",NA,favor,favor,NA,NA,NA,NA,NA,no,yes,38002.49999999999
598,68,10,high school,female,northeast,not very strong democrat,slightly conservative,too little,NA,favor,NA,NA,NA,NA,NA,no,no,5066.999999999999
599,64,20,graduate,male,northeast,not very strong republican,liberal,about right,oppose,favor,about right,should not be legal,yes,no,yes,no,no,7741.249999999999
600,73,9,less than high school,female,northeast,"independent (neither, no response)",extremely conservative,too little,oppose,oppose,not harshly enough,should not be legal,no,no,no,yes,no,NA
601,56,11,less than high school,male,northeast,"independent, close to democrat",slightly conservative,too little,NA,oppose,about right,should be legal,yes,no,yes,no,no,7741.249999999999
602,42,14,high school,female,northeast,not very strong democrat,slightly liberal,about right,oppose,NA,too harshly,should be legal,no,no,no,NA,NA,6333.749999999999
603,56,14,high school,female,northeast,strong democrat,liberal,NA,NA,favor,NA,NA,NA,NA,NA,yes,no,11963.749999999998
604,53,12,high school,male,northeast,"independent, close to republican","moderate, middle of the road",too little,favor,oppose,NA,NA,yes,yes,yes,yes,no,46447.49999999999
605,65,16,bachelor's,male,northeast,strong democrat,liberal,about right,NA,favor,NA,NA,NA,NA,NA,yes,no,78819.99999999999
606,74,8,less than high school,female,northeast,"independent, close to republican",slightly conservative,too little,favor,NA,NA,NA,yes,no,yes,NA,NA,56299.99999999999
607,28,16,graduate,male,northeast,not very strong republican,extremely conservative,too little,favor,NA,NA,NA,yes,yes,yes,NA,NA,25334.999999999996
608,35,14,associate/junior college,male,northeast,"independent, close to democrat",slightly liberal,NA,NA,favor,NA,NA,NA,NA,NA,no,yes,38002.49999999999
609,54,14,associate/junior college,female,northeast,"independent (neither, no response)","moderate, middle of the road",too little,favor,favor,NA,NA,yes,no,yes,no,yes,56299.99999999999
610,78,10,less than high school,female,northeast,"independent (neither, no response)",slightly liberal,too little,NA,favor,NA,NA,NA,NA,NA,no,no,30964.999999999996
611,31,14,high school,male,northeast,strong democrat,liberal,too little,oppose,favor,NA,NA,yes,no,yes,no,no,56299.99999999999
612,36,12,high school,female,northeast,not very strong democrat,slightly conservative,NA,favor,favor,too harshly,should not be legal,NA,NA,NA,yes,no,67560
613,65,15,associate/junior college,female,northeast,"independent (neither, no response)","moderate, middle of the road",too little,favor,favor,not harshly enough,should be legal,no,no,yes,yes,no,25334.999999999996
614,36,16,graduate,male,northeast,"independent, close to democrat",slightly liberal,NA,favor,NA,not harshly enough,should not be legal,NA,NA,NA,NA,NA,10556.249999999998
615,64,18,graduate,male,northeast,strong democrat,liberal,about right,oppose,favor,NA,NA,yes,no,yes,no,no,139024.36558999997
616,67,12,high school,male,northeast,"independent (neither, no response)","moderate, middle of the road",NA,NA,favor,NA,NA,NA,NA,NA,yes,no,139024.36558999997
617,33,16,graduate,female,northeast,"independent, close to democrat",liberal,NA,NA,favor,NA,NA,NA,NA,NA,yes,no,139024.36558999997
618,69,13,high school,male,northeast,"independent, close to democrat","moderate, middle of the road",NA,favor,favor,about right,should be legal,NA,NA,NA,no,no,7741.249999999999
619,24,16,graduate,female,northeast,"independent, close to democrat",slightly liberal,about right,NA,favor,NA,NA,NA,NA,NA,yes,no,38002.49999999999
620,64,16,graduate,male,northeast,strong democrat,liberal,NA,oppose,favor,NA,NA,NA,NA,NA,no,no,139024.36558999997
621,60,14,high school,male,northeast,"independent, close to republican",slightly conservative,NA,NA,favor,NA,NA,NA,NA,NA,no,no,38002.49999999999
622,74,16,bachelor's,male,northeast,not very strong democrat,liberal,NA,NA,favor,NA,NA,NA,NA,NA,no,no,67560
623,74,17,bachelor's,male,northeast,"independent, close to democrat",slightly liberal,NA,favor,NA,not harshly enough,should be legal,NA,NA,NA,NA,NA,NA
624,49,16,bachelor's,female,northeast,strong democrat,extremely liberal,NA,NA,favor,NA,NA,NA,NA,NA,no,no,139024.36558999997
625,64,16,bachelor's,female,northeast,strong democrat,liberal,NA,NA,favor,NA,NA,NA,NA,NA,no,no,139024.36558999997
626,30,12,high school,female,northeast,strong democrat,slightly liberal,about right,oppose,NA,NA,NA,yes,no,yes,NA,NA,46447.49999999999
627,NA,20,graduate,female,northeast,strong democrat,"moderate, middle of the road",NA,NA,favor,NA,NA,NA,NA,NA,no,no,NA
628,43,12,high school,male,northeast,strong democrat,extremely liberal,about right,NA,favor,NA,NA,NA,NA,NA,no,no,78819.99999999999
629,27,16,graduate,male,northeast,"independent, close to democrat",slightly liberal,NA,NA,favor,NA,NA,NA,NA,NA,no,no,56299.99999999999
630,86,16,graduate,female,northeast,"independent, close to republican","moderate, middle of the road",too little,favor,NA,not harshly enough,should be legal,no,no,no,NA,NA,46447.49999999999
631,31,16,graduate,male,northeast,strong democrat,extremely liberal,too much,oppose,favor,NA,NA,yes,no,yes,no,no,30964.999999999996
632,41,16,graduate,female,northeast,not very strong democrat,liberal,about right,oppose,favor,NA,NA,no,no,yes,yes,no,139024.36558999997
633,30,19,graduate,female,northeast,"independent, close to democrat",slightly liberal,too little,oppose,favor,NA,NA,yes,no,yes,no,yes,139024.36558999997
634,73,18,graduate,male,northeast,"independent, close to democrat",slightly conservative,NA,NA,favor,NA,NA,NA,NA,NA,no,no,56299.99999999999
635,55,13,high school,female,northeast,not very strong republican,conservative,too little,favor,favor,NA,NA,no,no,yes,no,no,46447.49999999999
636,26,16,bachelor's,female,northeast,strong democrat,liberal,about right,NA,favor,NA,NA,NA,NA,NA,no,no,21112.499999999996
637,64,18,graduate,female,northeast,"independent, close to democrat",liberal,NA,favor,NA,NA,NA,NA,NA,NA,NA,NA,30964.999999999996
638,47,18,graduate,female,northeast,not very strong democrat,slightly liberal,too little,oppose,NA,NA,NA,no,no,no,NA,NA,139024.36558999997
639,71,13,high school,female,northeast,"independent (neither, no response)",slightly conservative,NA,favor,oppose,NA,NA,NA,NA,NA,yes,no,30964.999999999996
640,39,16,bachelor's,female,northeast,"independent, close to democrat","moderate, middle of the road",NA,favor,oppose,NA,NA,NA,NA,NA,no,no,139024.36558999997
641,55,12,high school,male,northeast,"independent, close to democrat","moderate, middle of the road",too little,NA,favor,NA,NA,NA,NA,NA,no,no,46447.49999999999
642,65,18,graduate,female,northeast,strong democrat,liberal,NA,oppose,NA,NA,NA,NA,NA,NA,NA,NA,46447.49999999999
643,80,14,high school,male,northeast,not very strong democrat,slightly conservative,NA,oppose,favor,not harshly enough,should be legal,NA,NA,NA,no,yes,78819.99999999999
644,39,17,associate/junior college,female,northeast,not very strong democrat,"moderate, middle of the road",NA,oppose,favor,NA,should be legal,NA,NA,NA,no,no,56299.99999999999
645,49,16,bachelor's,female,south,other party,slightly liberal,too little,oppose,NA,too harshly,should not be legal,yes,no,yes,NA,NA,38002.49999999999
646,44,16,bachelor's,female,south,"independent (neither, no response)","moderate, middle of the road",too little,oppose,favor,NA,NA,yes,no,yes,no,no,67560
647,33,10,high school,female,south,"independent (neither, no response)",NA,too little,NA,favor,NA,NA,NA,NA,NA,no,no,6333.749999999999
648,NA,NA,less than high school,female,south,not very strong democrat,"moderate, middle of the road",too little,favor,oppose,NA,NA,no,no,yes,no,no,NA
649,46,12,high school,female,south,"independent (neither, no response)",conservative,about right,NA,oppose,NA,NA,NA,NA,NA,no,no,38002.49999999999
650,37,12,less than high school,female,south,"independent, close to democrat",extremely liberal,NA,oppose,NA,NA,should be legal,NA,NA,NA,NA,NA,25334.999999999996
651,24,12,high school,female,south,not very strong republican,conservative,NA,favor,NA,not harshly enough,should be legal,NA,NA,NA,NA,NA,46447.49999999999
652,49,12,less than high school,female,south,"independent (neither, no response)",NA,NA,NA,favor,NA,NA,NA,NA,NA,no,no,3659.4999999999995
653,75,2,less than high school,male,south,not very strong democrat,"moderate, middle of the road",NA,oppose,oppose,NA,should not be legal,NA,NA,NA,no,yes,18297.5
654,NA,12,high school,male,south,strong democrat,liberal,about right,oppose,NA,too harshly,should be legal,no,no,yes,NA,NA,NA
655,36,16,bachelor's,female,south,"independent (neither, no response)","moderate, middle of the road",NA,NA,favor,NA,NA,NA,NA,NA,no,no,30964.999999999996
656,56,14,graduate,female,south,"independent (neither, no response)",slightly conservative,too little,NA,oppose,NA,NA,NA,NA,NA,no,yes,78819.99999999999
657,60,16,bachelor's,female,south,"independent, close to democrat","moderate, middle of the road",NA,NA,favor,NA,NA,NA,NA,NA,no,yes,139024.36558999997
658,53,16,bachelor's,female,south,not very strong democrat,slightly liberal,NA,oppose,NA,too harshly,should be legal,NA,NA,NA,NA,NA,90079.99999999999
659,36,18,graduate,male,south,other party,"moderate, middle of the road",too little,NA,favor,NA,NA,NA,NA,NA,no,no,78819.99999999999
660,53,18,graduate,female,south,not very strong republican,conservative,NA,NA,favor,NA,NA,NA,NA,NA,no,yes,139024.36558999997
661,35,18,graduate,male,south,"independent, close to republican",slightly conservative,too little,favor,favor,NA,NA,yes,yes,yes,no,yes,30964.999999999996
662,66,12,high school,male,south,strong democrat,extremely conservative,too little,favor,NA,NA,NA,yes,no,no,NA,NA,25334.999999999996
663,30,13,high school,female,south,"independent (neither, no response)","moderate, middle of the road",too little,NA,favor,NA,NA,NA,NA,NA,no,no,21112.499999999996
664,50,16,bachelor's,male,south,strong republican,conservative,too little,favor,NA,about right,should not be legal,yes,no,yes,NA,NA,78819.99999999999
665,66,14,associate/junior college,female,south,strong republican,conservative,NA,NA,favor,NA,NA,NA,NA,NA,no,no,25334.999999999996
666,42,18,graduate,female,south,"independent (neither, no response)","moderate, middle of the road",too little,NA,favor,NA,NA,NA,NA,NA,no,yes,139024.36558999997
667,57,18,graduate,female,south,strong republican,conservative,NA,NA,oppose,NA,NA,NA,NA,NA,no,refused,139024.36558999997
668,59,16,bachelor's,female,south,strong democrat,"moderate, middle of the road",NA,favor,NA,not harshly enough,should not be legal,NA,NA,NA,NA,NA,56299.99999999999
669,58,12,high school,male,south,"independent, close to republican",conservative,too little,favor,favor,NA,NA,yes,yes,yes,yes,yes,67560
670,54,18,graduate,female,south,strong republican,extremely conservative,NA,favor,oppose,NA,NA,NA,NA,NA,no,yes,139024.36558999997
671,60,16,bachelor's,male,south,"independent, close to republican",slightly conservative,NA,favor,favor,NA,NA,NA,NA,NA,no,yes,90079.99999999999
672,56,15,high school,female,south,NA,conservative,NA,NA,oppose,NA,NA,NA,NA,NA,no,refused,11963.749999999998
673,46,15,high school,female,south,"independent (neither, no response)",NA,too little,NA,NA,NA,NA,NA,NA,no,no,no,281.5
674,NA,NA,less than high school,male,south,not very strong republican,"moderate, middle of the road",NA,favor,oppose,NA,should be legal,yes,no,yes,NA,refused,NA
675,75,14,high school,female,south,not very strong republican,slightly conservative,NA,favor,NA,NA,NA,NA,NA,NA,NA,NA,90079.99999999999
676,67,16,bachelor's,male,south,strong democrat,liberal,NA,NA,favor,NA,NA,NA,NA,NA,no,yes,NA
677,40,20,bachelor's,female,south,not very strong republican,conservative,too little,NA,favor,NA,NA,NA,NA,NA,yes,no,56299.99999999999
678,39,13,high school,female,south,not very strong democrat,"moderate, middle of the road",NA,NA,oppose,NA,NA,NA,NA,NA,no,no,30964.999999999996
679,58,16,bachelor's,female,south,strong republican,conservative,too little,favor,NA,NA,NA,yes,no,yes,NA,NA,38002.49999999999
680,72,12,high school,female,south,strong republican,conservative,NA,favor,oppose,NA,NA,NA,NA,NA,no,no,56299.99999999999
681,44,16,bachelor's,female,south,"independent, close to democrat",liberal,about right,favor,NA,not harshly enough,should be legal,yes,no,yes,NA,NA,46447.49999999999
682,39,16,bachelor's,male,south,"independent (neither, no response)",conservative,about right,NA,favor,NA,NA,NA,NA,NA,no,yes,NA
683,41,17,graduate,male,south,strong republican,extremely conservative,too little,NA,favor,NA,NA,NA,NA,NA,no,no,3096.4999999999995
684,32,10,less than high school,male,south,"independent (neither, no response)",liberal,NA,favor,favor,NA,NA,NA,NA,NA,yes,yes,11963.749999999998
685,30,16,bachelor's,male,south,"independent (neither, no response)","moderate, middle of the road",NA,favor,favor,NA,should be legal,NA,NA,NA,no,no,38002.49999999999
686,25,14,high school,male,south,other party,liberal,NA,NA,oppose,NA,NA,NA,NA,NA,no,no,13371.249999999998
687,30,10,less than high school,female,south,"independent (neither, no response)",slightly conservative,NA,NA,NA,NA,should not be legal,NA,NA,NA,no,no,NA
688,34,14,associate/junior college,male,south,not very strong republican,"moderate, middle of the road",NA,NA,oppose,NA,NA,NA,NA,NA,no,yes,30964.999999999996
689,NA,17,graduate,male,south,"independent (neither, no response)",conservative,NA,NA,favor,NA,NA,NA,NA,NA,no,no,NA
690,37,18,graduate,male,south,"independent (neither, no response)",slightly conservative,about right,NA,favor,NA,NA,NA,NA,NA,no,no,56299.99999999999
691,24,16,bachelor's,female,south,"independent, close to republican","moderate, middle of the road",too little,favor,favor,NA,NA,yes,no,yes,no,no,90079.99999999999
692,25,13,high school,female,south,"independent (neither, no response)","moderate, middle of the road",NA,favor,NA,NA,should not be legal,no,no,yes,NA,NA,67560
693,70,14,high school,female,south,"independent, close to democrat","moderate, middle of the road",NA,favor,NA,NA,NA,NA,NA,NA,NA,NA,67560
694,37,12,high school,male,south,"independent (neither, no response)","moderate, middle of the road",too little,favor,favor,NA,NA,no,yes,yes,no,no,281.5
695,24,14,high school,male,south,not very strong republican,liberal,too little,favor,favor,NA,NA,yes,no,yes,yes,no,281.5
696,43,10,less than high school,male,south,"independent, close to republican",conservative,too little,NA,oppose,NA,NA,NA,NA,NA,no,no,21112.499999999996
697,33,18,high school,female,south,"independent (neither, no response)","moderate, middle of the road",too little,NA,oppose,NA,NA,NA,NA,NA,no,no,46447.49999999999
698,64,12,high school,male,south,strong democrat,"moderate, middle of the road",NA,oppose,favor,NA,NA,NA,NA,NA,yes,no,46447.49999999999
699,72,15,high school,female,south,"independent (neither, no response)","moderate, middle of the road",NA,oppose,favor,NA,NA,NA,NA,NA,yes,no,25334.999999999996
700,NA,12,high school,female,south,strong democrat,"moderate, middle of the road",too little,favor,favor,NA,NA,no,no,no,yes,no,15482.499999999998
701,32,17,graduate,female,south,not very strong democrat,slightly liberal,too little,NA,favor,NA,NA,NA,NA,NA,yes,no,30964.999999999996
702,51,11,less than high school,male,south,"independent (neither, no response)",extremely liberal,NA,favor,oppose,not harshly enough,should not be legal,NA,NA,NA,yes,no,38002.49999999999
703,38,15,high school,female,south,"independent, close to democrat","moderate, middle of the road",too much,oppose,NA,NA,NA,yes,yes,no,NA,NA,NA
704,23,12,high school,female,south,"independent (neither, no response)","moderate, middle of the road",too little,favor,favor,NA,NA,yes,no,no,yes,no,21112.499999999996
705,24,NA,less than high school,NA,south,"independent (neither, no response)",NA,NA,favor,favor,NA,NA,NA,NA,NA,yes,no,NA
706,34,16,bachelor's,male,south,"independent, close to democrat",slightly liberal,about right,oppose,favor,NA,should be legal,yes,no,no,yes,yes,56299.99999999999
707,37,14,high school,female,south,strong republican,"moderate, middle of the road",NA,oppose,NA,too harshly,should be legal,yes,NA,yes,NA,NA,1970.4999999999998
708,77,14,high school,female,south,"independent (neither, no response)","moderate, middle of the road",NA,NA,oppose,NA,NA,NA,NA,NA,no,no,NA
709,36,18,graduate,male,south,other party,"moderate, middle of the road",NA,favor,oppose,NA,NA,NA,NA,NA,no,no,1970.4999999999998
710,44,12,high school,male,south,strong democrat,extremely liberal,too little,NA,favor,NA,NA,NA,NA,NA,no,no,38002.49999999999
711,29,13,high school,male,south,not very strong democrat,liberal,too little,favor,oppose,too harshly,should be legal,yes,no,yes,no,yes,18297.5
712,55,12,high school,male,south,"independent (neither, no response)",slightly liberal,NA,favor,NA,NA,NA,NA,NA,NA,NA,NA,25334.999999999996
713,23,15,high school,female,south,"independent (neither, no response)","moderate, middle of the road",NA,oppose,favor,about right,should be legal,NA,NA,NA,no,no,25334.999999999996
714,NA,16,bachelor's,male,south,"independent (neither, no response)",slightly conservative,too little,NA,favor,NA,NA,NA,NA,NA,yes,no,NA
715,33,13,high school,female,south,strong democrat,"moderate, middle of the road",too much,oppose,favor,too harshly,should be legal,yes,no,yes,yes,no,30964.999999999996
716,37,16,bachelor's,male,south,"independent (neither, no response)","moderate, middle of the road",NA,oppose,NA,NA,NA,NA,NA,NA,NA,NA,21112.499999999996
717,45,14,high school,female,south,strong democrat,"moderate, middle of the road",NA,oppose,favor,NA,NA,NA,NA,NA,yes,no,139024.36558999997
718,33,12,high school,female,south,strong republican,slightly liberal,NA,NA,favor,NA,NA,NA,NA,NA,no,yes,281.5
719,28,13,high school,male,south,"independent, close to republican","moderate, middle of the road",too little,NA,favor,NA,NA,NA,NA,NA,yes,no,25334.999999999996
720,57,15,bachelor's,female,south,strong democrat,liberal,about right,oppose,NA,NA,NA,yes,no,no,NA,NA,90079.99999999999
721,30,13,high school,male,south,strong democrat,slightly liberal,about right,oppose,favor,NA,should be legal,no,no,yes,no,yes,30964.999999999996
722,40,12,high school,female,south,strong republican,"moderate, middle of the road",too little,favor,favor,NA,NA,no,no,no,yes,no,30964.999999999996
723,23,14,high school,female,south,"independent (neither, no response)","moderate, middle of the road",NA,oppose,NA,too harshly,should be legal,NA,NA,NA,NA,NA,15482.499999999998
724,20,14,associate/junior college,female,south,strong democrat,slightly liberal,too much,NA,NA,NA,NA,NA,NA,NA,no,no,3659.4999999999995
725,49,19,graduate,female,south,"independent (neither, no response)","moderate, middle of the road",too little,oppose,NA,not harshly enough,should not be legal,no,no,no,NA,NA,38002.49999999999
726,62,15,high school,male,south,"independent, close to republican","moderate, middle of the road",NA,NA,favor,NA,NA,NA,NA,NA,no,yes,25334.999999999996
727,45,10,high school,female,south,strong republican,conservative,too little,favor,NA,not harshly enough,should not be legal,yes,no,yes,NA,NA,30964.999999999996
728,30,17,bachelor's,female,south,not very strong republican,slightly liberal,NA,favor,NA,too harshly,should not be legal,NA,NA,NA,NA,NA,25334.999999999996
729,48,15,high school,female,south,not very strong republican,conservative,too little,favor,favor,not harshly enough,should not be legal,no,no,no,no,no,46447.49999999999
730,41,13,high school,female,south,strong democrat,"moderate, middle of the road",NA,oppose,oppose,NA,NA,NA,NA,NA,no,no,21112.499999999996
731,81,13,high school,female,south,strong democrat,conservative,NA,oppose,favor,not harshly enough,should be legal,NA,NA,NA,yes,no,6333.749999999999
732,59,16,bachelor's,female,south,"independent (neither, no response)","moderate, middle of the road",NA,NA,favor,NA,NA,NA,NA,NA,no,no,21112.499999999996
733,NA,14,associate/junior college,female,south,NA,NA,NA,NA,NA,NA,should not be legal,NA,NA,NA,NA,NA,NA
734,86,10,high school,male,south,strong republican,extremely conservative,NA,favor,oppose,NA,NA,NA,NA,NA,no,yes,56299.99999999999
735,24,14,high school,male,south,not very strong republican,"moderate, middle of the road",too little,oppose,NA,NA,NA,yes,no,yes,NA,NA,21112.499999999996
736,52,16,graduate,female,south,strong republican,slightly conservative,NA,favor,NA,NA,NA,NA,NA,NA,NA,NA,78819.99999999999
737,18,12,high school,female,south,"independent (neither, no response)",slightly liberal,about right,favor,NA,NA,NA,yes,yes,yes,yes,yes,18297.5
738,82,16,bachelor's,male,south,strong republican,conservative,NA,favor,NA,NA,NA,NA,NA,NA,NA,NA,67560
739,66,16,bachelor's,male,south,strong republican,conservative,too little,favor,favor,about right,should be legal,no,no,no,no,yes,21112.499999999996
740,81,13,high school,female,south,strong republican,slightly conservative,NA,oppose,NA,NA,NA,NA,NA,NA,NA,NA,NA
741,71,8,less than high school,male,south,not very strong republican,conservative,too much,NA,oppose,NA,NA,NA,NA,NA,no,NA,NA
742,62,11,less than high school,male,south,strong republican,conservative,NA,favor,NA,NA,should not be legal,NA,NA,NA,NA,NA,46447.49999999999
743,34,16,associate/junior college,female,south,strong republican,"moderate, middle of the road",too little,favor,favor,not harshly enough,should be legal,NA,no,yes,no,yes,30964.999999999996
744,74,18,graduate,female,south,strong republican,conservative,NA,oppose,NA,not harshly enough,should not be legal,NA,NA,NA,NA,NA,139024.36558999997
745,22,16,bachelor's,female,south,strong republican,conservative,NA,NA,favor,NA,NA,NA,NA,NA,no,no,56299.99999999999
746,42,16,bachelor's,female,south,"independent, close to democrat",liberal,too little,oppose,favor,NA,NA,yes,no,yes,no,no,139024.36558999997
747,45,12,high school,female,south,strong republican,conservative,NA,NA,oppose,NA,NA,NA,NA,NA,no,yes,38002.49999999999
748,42,14,associate/junior college,female,northeast,strong republican,"moderate, middle of the road",too little,NA,oppose,NA,NA,NA,NA,NA,no,yes,139024.36558999997
749,64,18,graduate,female,northeast,not very strong republican,"moderate, middle of the road",NA,favor,NA,not harshly enough,should be legal,NA,NA,NA,NA,NA,46447.49999999999
750,62,16,bachelor's,female,northeast,strong democrat,"moderate, middle of the road",NA,NA,favor,NA,should be legal,NA,NA,NA,no,yes,18297.5
751,67,18,graduate,female,northeast,"independent (neither, no response)","moderate, middle of the road",NA,NA,favor,not harshly enough,should be legal,NA,NA,NA,no,no,38002.49999999999
752,47,16,bachelor's,female,northeast,strong democrat,liberal,NA,NA,favor,NA,NA,NA,NA,NA,no,no,139024.36558999997
753,55,16,bachelor's,female,northeast,"independent, close to republican",slightly conservative,too little,NA,favor,NA,NA,NA,NA,NA,no,no,25334.999999999996
754,34,16,bachelor's,male,northeast,not very strong democrat,extremely liberal,NA,NA,favor,NA,NA,NA,NA,NA,no,no,38002.49999999999
755,47,12,high school,female,northeast,"independent, close to democrat",conservative,too little,favor,oppose,about right,should be legal,no,no,no,no,no,46447.49999999999
756,55,12,high school,female,northeast,not very strong democrat,liberal,too little,favor,favor,NA,NA,no,no,yes,yes,yes,90079.99999999999
757,65,13,high school,male,northeast,"independent (neither, no response)","moderate, middle of the road",NA,NA,favor,NA,NA,NA,NA,NA,yes,no,30964.999999999996
758,33,20,graduate,female,northeast,"independent (neither, no response)",slightly conservative,NA,favor,NA,NA,NA,NA,NA,NA,NA,NA,46447.49999999999
759,29,16,bachelor's,male,northeast,strong democrat,liberal,about right,favor,NA,about right,should be legal,yes,no,yes,NA,NA,56299.99999999999
760,47,12,high school,female,northeast,not very strong republican,slightly conservative,too little,favor,favor,about right,should not be legal,yes,no,yes,yes,no,67560
761,62,12,high school,male,northeast,"independent (neither, no response)","moderate, middle of the road",NA,favor,NA,NA,NA,NA,NA,NA,NA,NA,46447.49999999999
762,40,11,less than high school,male,northeast,strong democrat,slightly conservative,NA,oppose,NA,too harshly,should be legal,NA,NA,NA,NA,NA,3659.4999999999995
763,19,13,high school,male,northeast,"independent (neither, no response)",NA,NA,favor,favor,about right,should be legal,NA,NA,NA,no,yes,6333.749999999999
764,60,20,graduate,female,northeast,strong democrat,slightly liberal,NA,oppose,NA,NA,NA,NA,NA,NA,NA,NA,139024.36558999997
765,89,12,high school,female,northeast,strong democrat,liberal,too little,NA,favor,NA,NA,NA,NA,NA,yes,no,90079.99999999999
766,55,18,graduate,female,northeast,strong republican,conservative,NA,NA,NA,NA,NA,NA,NA,NA,no,yes,139024.36558999997
767,67,14,associate/junior college,female,northeast,not very strong democrat,slightly liberal,NA,favor,NA,NA,NA,NA,NA,NA,NA,NA,78819.99999999999
768,58,20,graduate,female,northeast,strong democrat,liberal,NA,NA,favor,NA,NA,NA,NA,NA,no,no,139024.36558999997
769,44,12,high school,female,northeast,"independent (neither, no response)","moderate, middle of the road",too little,NA,oppose,NA,NA,NA,NA,NA,yes,no,2533.4999999999995
770,55,14,high school,female,northeast,"independent, close to democrat",slightly liberal,NA,oppose,favor,NA,NA,NA,NA,NA,no,no,25334.999999999996
771,59,11,high school,male,northeast,not very strong democrat,"moderate, middle of the road",too little,oppose,NA,NA,NA,yes,no,no,NA,NA,3096.4999999999995
772,31,12,high school,female,northeast,"independent, close to democrat",liberal,NA,NA,favor,NA,NA,NA,NA,NA,yes,no,3096.4999999999995
773,21,12,high school,female,northeast,"independent (neither, no response)",conservative,NA,NA,favor,NA,NA,NA,NA,NA,no,no,281.5
774,50,12,high school,female,northeast,strong democrat,extremely liberal,NA,favor,favor,NA,NA,NA,NA,NA,yes,no,281.5
775,42,15,associate/junior college,male,northeast,strong democrat,liberal,about right,oppose,oppose,NA,NA,yes,no,yes,yes,no,90079.99999999999
776,19,13,high school,male,northeast,"independent, close to democrat","moderate, middle of the road",about right,oppose,favor,about right,NA,no,no,yes,yes,no,1126
777,41,12,high school,female,northeast,"independent, close to republican",extremely conservative,too little,oppose,NA,not harshly enough,should not be legal,yes,no,yes,NA,NA,21112.499999999996
778,32,14,associate/junior college,female,northeast,"independent (neither, no response)","moderate, middle of the road",NA,favor,NA,NA,NA,NA,NA,NA,NA,NA,11963.749999999998
779,37,16,bachelor's,female,northeast,not very strong democrat,"moderate, middle of the road",too little,oppose,oppose,about right,should be legal,yes,no,yes,yes,no,21112.499999999996
780,44,12,high school,female,northeast,"independent (neither, no response)","moderate, middle of the road",too little,NA,oppose,NA,NA,NA,NA,NA,no,no,NA
781,52,13,high school,female,northeast,strong democrat,"moderate, middle of the road",too little,oppose,NA,NA,NA,yes,no,yes,NA,NA,38002.49999999999
782,31,12,high school,male,northeast,"independent (neither, no response)","moderate, middle of the road",NA,NA,favor,NA,NA,NA,NA,NA,yes,no,NA
783,NA,16,high school,female,northeast,strong democrat,"moderate, middle of the road",too little,NA,favor,NA,NA,NA,NA,NA,yes,no,7741.249999999999
784,23,16,bachelor's,female,northeast,not very strong democrat,extremely liberal,about right,favor,NA,NA,NA,no,no,yes,NA,NA,25334.999999999996
785,20,14,high school,female,northeast,"independent (neither, no response)",extremely liberal,too much,oppose,favor,NA,NA,yes,no,yes,yes,no,NA
786,63,10,less than high school,male,northeast,"independent, close to republican","moderate, middle of the road",NA,oppose,NA,about right,should not be legal,NA,NA,NA,NA,NA,5066.999999999999
787,84,12,high school,male,northeast,strong democrat,extremely conservative,NA,NA,favor,NA,NA,NA,NA,NA,no,yes,13371.249999999998
788,66,18,graduate,female,northeast,not very strong democrat,slightly liberal,NA,oppose,favor,NA,NA,NA,NA,NA,yes,no,78819.99999999999
789,56,14,associate/junior college,male,northeast,"independent (neither, no response)",liberal,NA,oppose,oppose,NA,NA,NA,NA,NA,no,no,56299.99999999999
790,51,16,bachelor's,female,northeast,strong republican,extremely conservative,too little,favor,NA,NA,NA,no,no,yes,NA,NA,38002.49999999999
791,38,18,graduate,male,northeast,"independent (neither, no response)",slightly liberal,NA,oppose,NA,NA,NA,NA,NA,NA,NA,NA,67560
792,47,12,high school,male,northeast,"independent (neither, no response)",slightly conservative,NA,NA,favor,NA,NA,NA,NA,NA,yes,no,21112.499999999996
793,32,12,high school,female,northeast,"independent, close to republican",conservative,too much,favor,NA,not harshly enough,should not be legal,no,no,yes,NA,NA,1126
794,66,12,high school,male,northeast,not very strong republican,conservative,too little,favor,NA,NA,NA,no,no,no,NA,NA,NA
795,32,16,bachelor's,female,northeast,"independent (neither, no response)",slightly liberal,NA,oppose,NA,NA,NA,NA,NA,NA,NA,NA,56299.99999999999
796,31,12,high school,male,northeast,strong democrat,"moderate, middle of the road",too little,favor,oppose,NA,NA,no,no,yes,no,no,6333.749999999999
797,69,14,high school,male,northeast,strong democrat,slightly liberal,NA,NA,favor,NA,NA,NA,NA,NA,no,yes,139024.36558999997
798,57,11,less than high school,male,northeast,strong democrat,extremely conservative,NA,oppose,favor,about right,should be legal,NA,NA,NA,no,no,7741.249999999999
799,30,16,bachelor's,female,northeast,"independent (neither, no response)","moderate, middle of the road",too little,oppose,NA,NA,NA,yes,no,no,NA,NA,21112.499999999996
800,72,17,bachelor's,male,northeast,"independent (neither, no response)",slightly conservative,too little,favor,favor,NA,NA,yes,no,yes,no,yes,38002.49999999999
801,60,12,high school,female,northeast,strong democrat,slightly liberal,too little,NA,favor,NA,NA,NA,NA,NA,no,yes,25334.999999999996
802,69,18,graduate,female,northeast,strong democrat,liberal,NA,NA,favor,NA,NA,NA,NA,NA,no,no,18297.5
803,45,17,graduate,female,northeast,other party,slightly conservative,too much,oppose,NA,NA,should be legal,no,no,yes,NA,NA,139024.36558999997
804,67,18,graduate,female,northeast,strong democrat,slightly liberal,too little,favor,NA,NA,NA,no,no,no,NA,NA,139024.36558999997
805,34,16,bachelor's,female,northeast,"independent, close to democrat",slightly liberal,NA,favor,NA,NA,NA,NA,NA,NA,NA,NA,90079.99999999999
806,78,14,high school,female,northeast,strong republican,conservative,too little,favor,favor,NA,NA,yes,no,yes,no,no,67560
807,37,14,high school,male,south,"independent (neither, no response)",slightly liberal,too little,favor,favor,not harshly enough,should be legal,no,no,no,no,no,78819.99999999999
808,70,0,less than high school,female,south,"independent (neither, no response)",NA,too little,NA,oppose,NA,NA,NA,NA,NA,yes,no,NA
809,32,13,high school,female,south,"independent, close to democrat",slightly conservative,NA,favor,NA,about right,should be legal,NA,NA,NA,NA,NA,4222.5
810,37,13,high school,male,south,"independent (neither, no response)",slightly conservative,about right,oppose,oppose,about right,should not be legal,yes,no,yes,no,yes,56299.99999999999
811,61,18,graduate,male,south,strong republican,extremely conservative,too little,favor,NA,about right,should not be legal,yes,no,yes,NA,NA,46447.49999999999
812,51,12,high school,female,south,NA,NA,NA,oppose,oppose,not harshly enough,should be legal,NA,NA,NA,no,no,30964.999999999996
813,65,3,less than high school,male,south,not very strong republican,"moderate, middle of the road",NA,favor,NA,too harshly,should not be legal,NA,NA,NA,NA,NA,21112.499999999996
814,NA,16,bachelor's,female,south,strong republican,extremely conservative,too little,favor,oppose,NA,NA,yes,no,yes,yes,no,NA
815,64,16,bachelor's,male,south,strong republican,extremely conservative,NA,favor,NA,not harshly enough,should not be legal,NA,NA,NA,NA,NA,139024.36558999997
816,59,12,high school,female,south,"independent, close to republican",extremely conservative,too little,NA,oppose,NA,NA,NA,NA,NA,yes,yes,NA
817,22,12,high school,female,south,"independent (neither, no response)","moderate, middle of the road",NA,NA,favor,NA,NA,NA,NA,NA,no,no,1126
818,19,12,high school,female,south,"independent, close to democrat",slightly liberal,NA,oppose,favor,NA,NA,NA,NA,NA,yes,yes,139024.36558999997
819,55,13,high school,male,south,not very strong republican,conservative,too little,favor,favor,NA,NA,yes,yes,yes,no,yes,139024.36558999997
820,18,12,less than high school,female,south,"independent (neither, no response)",slightly conservative,NA,favor,NA,NA,should be legal,NA,NA,NA,NA,NA,25334.999999999996
821,41,16,bachelor's,female,south,strong democrat,liberal,NA,favor,NA,not harshly enough,should not be legal,NA,NA,NA,NA,NA,90079.99999999999
822,58,16,bachelor's,female,south,not very strong republican,conservative,NA,favor,favor,not harshly enough,should not be legal,NA,NA,NA,no,no,38002.49999999999
823,79,13,high school,male,south,strong republican,extremely conservative,too little,favor,favor,about right,should be legal,yes,no,no,no,yes,15482.499999999998
824,21,9,less than high school,female,south,"independent (neither, no response)","moderate, middle of the road",about right,NA,favor,NA,NA,NA,NA,NA,yes,yes,3096.4999999999995
825,76,9,less than high school,male,south,"independent (neither, no response)","moderate, middle of the road",NA,NA,oppose,NA,NA,NA,NA,NA,yes,yes,25334.999999999996
826,32,12,high school,male,south,"independent (neither, no response)",extremely conservative,too little,oppose,oppose,NA,NA,no,no,no,no,no,38002.49999999999
827,29,13,high school,female,south,strong republican,conservative,too much,favor,favor,NA,NA,yes,NA,yes,no,no,NA
828,28,13,high school,female,south,"independent, close to democrat",slightly liberal,too little,favor,NA,NA,NA,yes,no,yes,NA,NA,56299.99999999999
829,26,15,bachelor's,female,south,"independent (neither, no response)","moderate, middle of the road",too little,NA,favor,NA,NA,NA,NA,NA,no,no,7741.249999999999
830,59,3,less than high school,female,south,"independent (neither, no response)","moderate, middle of the road",NA,NA,NA,NA,NA,NA,NA,NA,NA,no,38002.49999999999
831,18,14,associate/junior college,female,south,"independent (neither, no response)",slightly liberal,about right,favor,NA,NA,NA,yes,no,yes,NA,NA,NA
832,52,12,high school,female,south,"independent (neither, no response)",NA,NA,favor,favor,NA,should not be legal,NA,NA,NA,yes,no,NA
833,28,15,high school,female,south,other party,"moderate, middle of the road",too little,oppose,NA,NA,NA,no,no,no,NA,NA,25334.999999999996
834,50,10,less than high school,female,south,strong democrat,NA,NA,NA,favor,NA,NA,NA,NA,NA,no,no,NA
835,42,17,bachelor's,female,south,"independent (neither, no response)","moderate, middle of the road",NA,NA,favor,NA,NA,NA,NA,NA,yes,yes,46447.49999999999
836,54,12,high school,female,south,"independent, close to democrat","moderate, middle of the road",NA,NA,oppose,NA,NA,NA,NA,NA,yes,no,4222.5
837,64,12,high school,male,south,strong republican,liberal,NA,favor,favor,not harshly enough,NA,NA,NA,NA,yes,yes,1126
838,20,14,high school,male,south,"independent, close to republican","moderate, middle of the road",NA,NA,favor,NA,NA,NA,NA,NA,no,no,NA
839,20,13,high school,male,south,"independent (neither, no response)","moderate, middle of the road",about right,favor,favor,about right,should be legal,yes,yes,no,yes,no,13371.249999999998
840,60,14,high school,female,south,"independent (neither, no response)","moderate, middle of the road",too little,NA,favor,NA,NA,NA,NA,NA,yes,yes,25334.999999999996
841,45,12,less than high school,male,south,"independent (neither, no response)","moderate, middle of the road",too little,NA,favor,NA,NA,NA,NA,NA,yes,no,15482.499999999998
842,61,13,high school,female,south,"independent (neither, no response)","moderate, middle of the road",NA,favor,favor,not harshly enough,should not be legal,NA,NA,NA,yes,no,30964.999999999996
843,22,14,associate/junior college,female,south,strong democrat,liberal,NA,oppose,NA,NA,NA,NA,NA,NA,NA,NA,11963.749999999998
844,39,14,high school,male,south,not very strong republican,extremely conservative,too much,NA,oppose,NA,NA,NA,NA,NA,no,no,139024.36558999997
845,77,20,graduate,male,south,"independent (neither, no response)",slightly conservative,NA,favor,favor,NA,NA,NA,NA,NA,no,yes,139024.36558999997
846,32,17,bachelor's,female,south,strong republican,conservative,NA,NA,oppose,NA,NA,NA,NA,NA,yes,no,67560
847,35,12,high school,male,south,"independent (neither, no response)","moderate, middle of the road",about right,oppose,oppose,NA,NA,yes,no,yes,no,yes,139024.36558999997
848,66,16,bachelor's,female,south,not very strong democrat,"moderate, middle of the road",NA,favor,favor,NA,NA,NA,NA,NA,yes,no,38002.49999999999
849,36,13,high school,female,south,strong republican,liberal,about right,oppose,NA,NA,should not be legal,no,no,yes,NA,NA,38002.49999999999
850,54,20,graduate,female,south,not very strong democrat,"moderate, middle of the road",about right,NA,favor,NA,NA,NA,NA,NA,no,no,NA
851,48,13,high school,male,south,"independent (neither, no response)",conservative,too much,favor,favor,NA,NA,yes,no,yes,no,no,67560
852,40,16,bachelor's,male,south,strong republican,slightly conservative,NA,oppose,favor,NA,NA,NA,NA,NA,yes,no,46447.49999999999
853,46,12,high school,female,south,"independent, close to republican","moderate, middle of the road",NA,NA,favor,NA,NA,NA,NA,NA,no,no,18297.5
854,59,12,high school,female,south,strong republican,NA,too much,NA,oppose,NA,NA,NA,NA,NA,no,no,NA
855,24,12,high school,male,south,"independent, close to democrat","moderate, middle of the road",NA,favor,NA,too harshly,NA,NA,NA,NA,NA,NA,25334.999999999996
856,70,6,less than high school,female,south,not very strong democrat,slightly conservative,about right,NA,oppose,NA,NA,NA,NA,NA,yes,no,NA
857,27,18,graduate,male,south,strong democrat,liberal,NA,NA,favor,NA,NA,NA,NA,NA,yes,no,46447.49999999999
858,55,16,high school,female,south,"independent, close to republican","moderate, middle of the road",too little,NA,favor,NA,NA,NA,NA,NA,yes,no,78819.99999999999
859,69,12,high school,female,south,not very strong republican,"moderate, middle of the road",too little,NA,favor,NA,NA,NA,NA,NA,yes,yes,139024.36558999997
860,77,20,graduate,male,south,strong democrat,liberal,NA,oppose,NA,NA,NA,NA,NA,NA,NA,NA,139024.36558999997
861,41,20,graduate,male,south,"independent (neither, no response)","moderate, middle of the road",too little,favor,favor,NA,NA,no,no,yes,yes,no,139024.36558999997
862,83,16,bachelor's,male,south,NA,slightly conservative,NA,NA,favor,NA,NA,NA,NA,NA,yes,yes,139024.36558999997
863,49,17,graduate,female,south,not very strong democrat,slightly liberal,about right,favor,NA,NA,NA,yes,no,yes,NA,NA,139024.36558999997
864,71,18,graduate,female,south,strong democrat,liberal,about right,oppose,favor,NA,NA,yes,no,yes,yes,no,46447.49999999999
865,24,14,high school,male,south,strong republican,conservative,too little,NA,oppose,NA,NA,NA,NA,NA,no,yes,56299.99999999999
866,45,16,bachelor's,male,south,"independent (neither, no response)","moderate, middle of the road",too little,favor,favor,NA,NA,yes,no,yes,no,yes,46447.49999999999
867,74,17,bachelor's,male,south,strong republican,conservative,too little,favor,NA,NA,NA,yes,no,no,NA,NA,NA
868,43,16,bachelor's,female,south,not very strong democrat,conservative,too little,NA,favor,NA,NA,NA,NA,NA,no,no,NA
869,30,12,high school,male,south,not very strong democrat,liberal,too little,NA,favor,NA,NA,NA,NA,NA,no,no,21112.499999999996
870,19,12,high school,female,south,not very strong republican,"moderate, middle of the road",NA,NA,oppose,NA,NA,NA,NA,NA,yes,no,15482.499999999998
871,61,12,high school,female,south,"independent (neither, no response)",NA,too little,NA,NA,NA,NA,NA,NA,NA,no,no,15482.499999999998
872,76,14,high school,female,south,strong democrat,"moderate, middle of the road",NA,NA,favor,NA,NA,NA,NA,NA,yes,yes,7741.249999999999
873,NA,19,graduate,female,south,strong democrat,slightly conservative,NA,favor,NA,too harshly,should be legal,NA,NA,NA,NA,NA,56299.99999999999
874,44,12,high school,male,south,"independent, close to democrat",liberal,NA,NA,favor,NA,NA,NA,NA,NA,no,no,25334.999999999996
875,26,16,graduate,female,south,not very strong democrat,slightly liberal,NA,oppose,NA,NA,NA,NA,NA,NA,NA,NA,38002.49999999999
876,37,20,graduate,female,south,not very strong republican,"moderate, middle of the road",too little,favor,favor,NA,NA,yes,yes,yes,yes,no,67560
877,26,18,graduate,female,south,"independent (neither, no response)",extremely liberal,too little,NA,favor,NA,NA,NA,NA,NA,yes,yes,30964.999999999996
878,28,16,bachelor's,male,south,"independent, close to republican",slightly conservative,NA,NA,oppose,NA,NA,NA,NA,NA,no,no,78819.99999999999
879,25,12,high school,female,south,not very strong democrat,"moderate, middle of the road",NA,favor,NA,NA,NA,NA,NA,NA,NA,NA,NA
880,25,12,high school,male,south,"independent (neither, no response)","moderate, middle of the road",too little,favor,oppose,too harshly,should be legal,yes,no,yes,no,no,18297.5
881,26,16,bachelor's,male,south,"independent (neither, no response)","moderate, middle of the road",NA,NA,favor,NA,NA,NA,NA,NA,no,no,139024.36558999997
882,27,12,high school,female,south,"independent (neither, no response)",NA,NA,oppose,oppose,about right,should be legal,NA,NA,NA,no,no,9148.75
883,36,17,bachelor's,female,south,"independent, close to democrat",extremely liberal,too much,oppose,favor,NA,NA,yes,no,yes,yes,yes,78819.99999999999
884,26,15,high school,female,south,not very strong democrat,"moderate, middle of the road",NA,NA,favor,NA,NA,NA,NA,NA,no,yes,30964.999999999996
885,51,18,graduate,female,south,not very strong democrat,slightly liberal,NA,favor,NA,NA,should be legal,NA,NA,NA,NA,NA,90079.99999999999
886,34,18,graduate,female,south,"independent (neither, no response)","moderate, middle of the road",too little,favor,NA,NA,NA,no,no,no,NA,NA,NA
887,31,17,bachelor's,male,south,not very strong democrat,liberal,too much,NA,favor,NA,NA,yes,no,no,yes,no,78819.99999999999
888,54,14,associate/junior college,female,south,strong democrat,liberal,NA,oppose,favor,NA,NA,NA,NA,NA,no,no,NA
889,63,16,bachelor's,male,south,strong democrat,extremely liberal,NA,NA,favor,NA,NA,NA,NA,NA,yes,no,13371.249999999998
890,36,12,high school,female,south,not very strong republican,"moderate, middle of the road",too little,oppose,NA,too harshly,should be legal,no,no,no,NA,NA,25334.999999999996
891,33,13,high school,male,south,not very strong democrat,"moderate, middle of the road",too little,NA,favor,NA,NA,NA,NA,NA,yes,no,25334.999999999996
892,74,0,less than high school,male,south,"independent (neither, no response)","moderate, middle of the road",NA,favor,NA,NA,NA,NA,NA,NA,NA,NA,NA
893,24,16,bachelor's,female,south,not very strong democrat,"moderate, middle of the road",NA,oppose,oppose,NA,should be legal,NA,NA,NA,no,no,38002.49999999999
894,67,13,high school,female,south,strong democrat,"moderate, middle of the road",too little,oppose,favor,NA,NA,no,no,yes,no,yes,21112.499999999996
895,79,18,bachelor's,male,south,not very strong democrat,liberal,NA,favor,favor,not harshly enough,should be legal,NA,NA,NA,no,yes,7741.249999999999
896,77,13,high school,female,south,"independent, close to republican",conservative,too little,NA,oppose,NA,NA,NA,NA,NA,yes,no,18297.5
897,30,13,high school,female,south,"independent, close to republican",extremely conservative,too little,favor,NA,NA,NA,no,yes,no,NA,NA,46447.49999999999
898,71,14,associate/junior college,female,south,not very strong democrat,slightly liberal,too little,oppose,favor,NA,NA,yes,no,yes,no,NA,18297.5
899,75,17,bachelor's,male,south,strong republican,conservative,too little,NA,favor,NA,NA,NA,NA,NA,yes,no,18297.5
900,65,14,high school,female,south,not very strong democrat,slightly conservative,NA,NA,favor,NA,NA,NA,NA,NA,yes,no,9148.75
901,20,9,less than high school,female,south,"independent, close to democrat","moderate, middle of the road",too little,oppose,NA,not harshly enough,should be legal,no,no,no,NA,NA,11963.749999999998
902,35,13,high school,male,south,"independent (neither, no response)","moderate, middle of the road",too little,NA,favor,NA,NA,NA,NA,NA,no,no,30964.999999999996
903,49,18,associate/junior college,female,south,strong democrat,"moderate, middle of the road",NA,favor,favor,not harshly enough,should be legal,NA,NA,NA,yes,no,38002.49999999999
904,69,15,associate/junior college,female,south,"independent, close to republican",slightly conservative,NA,favor,NA,NA,NA,NA,NA,NA,NA,NA,25334.999999999996
905,35,16,bachelor's,male,south,"independent (neither, no response)","moderate, middle of the road",too little,favor,NA,about right,should be legal,NA,NA,no,NA,NA,56299.99999999999
906,69,17,graduate,male,south,not very strong democrat,slightly conservative,about right,NA,favor,NA,NA,NA,NA,NA,no,no,139024.36558999997
907,36,20,bachelor's,female,south,"independent, close to republican",conservative,too much,NA,favor,NA,NA,NA,NA,NA,no,yes,139024.36558999997
908,71,12,high school,male,south,strong republican,conservative,NA,favor,NA,NA,NA,NA,NA,NA,NA,NA,67560
909,42,18,graduate,female,south,"independent, close to democrat","moderate, middle of the road",too little,NA,favor,NA,NA,NA,NA,NA,yes,no,46447.49999999999
910,37,12,high school,male,south,"independent (neither, no response)",conservative,NA,oppose,NA,NA,NA,NA,NA,NA,NA,NA,NA
911,53,15,less than high school,female,south,not very strong republican,extremely conservative,too much,NA,favor,NA,NA,NA,NA,NA,no,no,NA
912,47,19,graduate,male,south,strong democrat,liberal,too much,favor,favor,about right,should be legal,yes,no,yes,no,yes,46447.49999999999
913,29,14,high school,male,south,"independent, close to republican",conservative,NA,oppose,NA,about right,should be legal,NA,NA,NA,NA,NA,46447.49999999999
914,25,13,high school,male,south,not very strong republican,slightly liberal,too much,favor,favor,NA,NA,yes,no,yes,yes,yes,46447.49999999999
915,38,15,associate/junior college,female,south,"independent, close to republican",slightly conservative,NA,NA,oppose,NA,NA,NA,NA,NA,no,yes,90079.99999999999
916,46,17,bachelor's,female,south,strong democrat,"moderate, middle of the road",too little,oppose,NA,NA,NA,no,no,yes,NA,NA,NA
917,26,15,high school,male,south,"independent (neither, no response)","moderate, middle of the road",too little,favor,NA,NA,NA,yes,no,no,NA,NA,1970.4999999999998
918,33,20,bachelor's,female,south,"independent, close to democrat",slightly liberal,NA,favor,favor,not harshly enough,should be legal,yes,no,yes,yes,yes,30964.999999999996
919,64,16,bachelor's,male,south,strong republican,conservative,NA,favor,oppose,NA,NA,NA,NA,NA,no,no,67560
920,20,14,high school,female,south,"independent, close to democrat",liberal,too much,NA,favor,NA,NA,NA,NA,NA,yes,no,13371.249999999998
921,65,18,graduate,female,south,strong democrat,liberal,NA,NA,favor,NA,NA,NA,NA,NA,no,no,139024.36558999997
922,45,18,graduate,male,south,strong democrat,slightly liberal,NA,oppose,favor,NA,NA,NA,NA,NA,yes,no,139024.36558999997
923,29,14,high school,male,south,not very strong democrat,liberal,too little,NA,favor,NA,NA,NA,NA,NA,no,yes,78819.99999999999
924,39,14,high school,male,south,other party,liberal,NA,NA,favor,NA,NA,NA,NA,NA,no,yes,90079.99999999999
925,70,20,graduate,female,south,strong democrat,slightly liberal,about right,NA,favor,NA,NA,NA,NA,NA,no,no,38002.49999999999
926,79,16,bachelor's,male,south,strong republican,conservative,NA,favor,oppose,NA,NA,NA,NA,NA,yes,yes,90079.99999999999
927,32,17,graduate,female,south,"independent (neither, no response)","moderate, middle of the road",NA,favor,favor,NA,NA,NA,NA,NA,no,no,25334.999999999996
928,77,18,graduate,female,south,strong republican,conservative,NA,NA,oppose,NA,NA,NA,NA,NA,yes,no,139024.36558999997
929,69,20,graduate,male,south,strong democrat,liberal,too little,NA,favor,NA,NA,NA,NA,NA,no,no,139024.36558999997
930,66,16,bachelor's,male,south,strong democrat,extremely liberal,NA,NA,favor,NA,NA,NA,NA,NA,no,no,139024.36558999997
931,62,12,high school,male,south,strong democrat,conservative,NA,favor,NA,about right,should not be legal,NA,NA,NA,NA,NA,NA
932,26,16,high school,male,south,"independent (neither, no response)","moderate, middle of the road",too little,oppose,favor,NA,NA,no,no,yes,yes,no,NA
933,40,13,high school,female,south,strong democrat,liberal,NA,NA,favor,NA,NA,NA,NA,NA,no,yes,56299.99999999999
934,81,12,high school,male,south,strong democrat,"moderate, middle of the road",NA,favor,NA,too harshly,should be legal,NA,NA,NA,NA,NA,NA
935,NA,14,high school,female,south,"independent (neither, no response)","moderate, middle of the road",NA,NA,favor,NA,NA,NA,NA,NA,yes,no,NA
936,36,20,bachelor's,female,south,not very strong democrat,"moderate, middle of the road",too little,favor,oppose,too harshly,should be legal,no,no,yes,yes,no,30964.999999999996
937,62,14,associate/junior college,female,south,NA,NA,too little,NA,oppose,NA,NA,NA,NA,NA,yes,NA,NA
938,20,14,associate/junior college,female,south,strong democrat,extremely liberal,NA,NA,favor,NA,NA,NA,NA,NA,yes,no,4222.5
939,20,15,high school,male,south,strong republican,conservative,NA,NA,oppose,NA,NA,NA,NA,NA,no,yes,139024.36558999997
940,23,19,graduate,female,south,strong republican,conservative,NA,favor,NA,NA,NA,NA,NA,NA,NA,NA,11963.749999999998
941,19,14,high school,female,south,strong democrat,liberal,about right,NA,favor,NA,NA,NA,NA,NA,yes,no,3659.4999999999995
942,28,18,graduate,male,south,"independent (neither, no response)",slightly conservative,NA,favor,NA,NA,NA,NA,NA,NA,NA,NA,56299.99999999999
943,69,16,bachelor's,female,south,not very strong democrat,"moderate, middle of the road",about right,oppose,favor,not harshly enough,should be legal,yes,no,yes,yes,no,18297.5
944,25,16,bachelor's,female,south,"independent, close to republican",slightly conservative,too little,favor,favor,not harshly enough,should not be legal,yes,no,yes,yes,yes,30964.999999999996
945,36,16,bachelor's,male,south,strong republican,conservative,NA,favor,oppose,not harshly enough,should be legal,NA,NA,NA,no,yes,46447.49999999999
946,76,14,high school,female,south,"independent, close to democrat",liberal,too little,NA,favor,NA,NA,NA,NA,NA,no,no,38002.49999999999
947,71,18,bachelor's,male,south,"independent, close to democrat",slightly liberal,about right,NA,favor,NA,NA,NA,NA,NA,yes,yes,139024.36558999997
948,71,12,high school,male,south,"independent, close to democrat",slightly conservative,NA,oppose,NA,too harshly,should be legal,NA,NA,NA,NA,NA,46447.49999999999
949,66,12,high school,female,south,strong republican,"moderate, middle of the road",NA,NA,NA,not harshly enough,should not be legal,NA,NA,NA,NA,NA,139024.36558999997
950,19,14,high school,male,south,strong republican,"moderate, middle of the road",NA,NA,favor,NA,NA,NA,NA,NA,no,yes,56299.99999999999
951,37,16,bachelor's,female,south,strong republican,conservative,too little,NA,favor,NA,NA,NA,NA,NA,no,yes,56299.99999999999
952,50,20,graduate,female,south,"independent, close to democrat","moderate, middle of the road",too little,favor,NA,NA,NA,no,no,yes,NA,NA,67560
953,36,16,graduate,male,south,strong democrat,liberal,NA,favor,favor,NA,NA,NA,NA,NA,no,no,NA
954,65,12,NA,male,south,not very strong republican,conservative,NA,favor,NA,NA,NA,NA,NA,NA,NA,NA,67560
955,63,16,bachelor's,male,south,"independent, close to democrat",NA,NA,oppose,NA,NA,should be legal,NA,NA,NA,NA,NA,46447.49999999999
956,61,18,graduate,male,south,"independent (neither, no response)","moderate, middle of the road",about right,oppose,NA,about right,should be legal,yes,no,yes,NA,NA,67560
957,55,12,high school,female,south,"independent, close to democrat",extremely conservative,NA,oppose,NA,too harshly,should be legal,NA,NA,NA,NA,NA,7741.249999999999
958,24,11,less than high school,female,south,"independent (neither, no response)","moderate, middle of the road",NA,oppose,NA,NA,should not be legal,NA,NA,NA,NA,NA,38002.49999999999
959,54,16,bachelor's,female,south,not very strong democrat,slightly liberal,NA,favor,favor,NA,NA,NA,NA,NA,yes,no,78819.99999999999
960,41,20,graduate,male,south,strong democrat,liberal,about right,favor,NA,NA,NA,no,no,yes,NA,NA,139024.36558999997
961,25,14,associate/junior college,female,south,not very strong democrat,"moderate, middle of the road",too little,favor,favor,not harshly enough,should be legal,yes,no,yes,no,yes,78819.99999999999
962,82,16,bachelor's,male,south,strong democrat,liberal,NA,favor,favor,not harshly enough,should not be legal,NA,NA,NA,no,no,30964.999999999996
963,37,18,graduate,female,south,"independent, close to democrat",slightly liberal,about right,oppose,favor,NA,NA,yes,no,yes,yes,no,139024.36558999997
964,65,12,high school,male,south,"independent, close to republican","moderate, middle of the road",NA,favor,NA,NA,NA,NA,NA,NA,NA,NA,38002.49999999999
965,56,14,associate/junior college,male,south,strong democrat,liberal,NA,oppose,favor,NA,NA,NA,NA,NA,no,no,30964.999999999996
966,72,13,high school,male,south,strong democrat,slightly liberal,NA,favor,NA,NA,NA,NA,NA,NA,NA,NA,46447.49999999999
967,74,20,graduate,male,south,"independent (neither, no response)","moderate, middle of the road",NA,oppose,NA,NA,should be legal,NA,NA,NA,NA,NA,NA
968,55,18,graduate,female,south,not very strong republican,conservative,NA,oppose,NA,NA,NA,NA,NA,NA,NA,NA,NA
969,55,18,bachelor's,male,south,strong republican,"moderate, middle of the road",NA,NA,favor,NA,NA,NA,NA,NA,no,no,56299.99999999999
970,53,13,high school,female,south,strong democrat,"moderate, middle of the road",too little,favor,favor,NA,NA,yes,no,yes,no,no,NA
971,68,16,associate/junior college,female,south,strong democrat,"moderate, middle of the road",NA,oppose,oppose,too harshly,should be legal,NA,NA,NA,no,no,30964.999999999996
972,48,13,less than high school,female,south,not very strong democrat,"moderate, middle of the road",too little,oppose,favor,not harshly enough,should be legal,yes,yes,yes,yes,no,139024.36558999997
973,66,14,high school,female,south,strong democrat,"moderate, middle of the road",NA,favor,favor,not harshly enough,NA,NA,NA,NA,no,no,90079.99999999999
974,37,13,high school,female,south,"independent (neither, no response)",slightly liberal,too little,oppose,NA,NA,NA,no,no,yes,NA,NA,46447.49999999999
975,18,12,high school,female,south,not very strong republican,NA,NA,oppose,NA,not harshly enough,should be legal,NA,NA,NA,NA,NA,30964.999999999996
976,53,18,bachelor's,male,south,"independent, close to democrat","moderate, middle of the road",NA,favor,favor,too harshly,should be legal,NA,NA,NA,yes,no,56299.99999999999
977,20,12,high school,female,south,"independent (neither, no response)",extremely liberal,NA,oppose,favor,NA,NA,NA,NA,NA,yes,no,NA
978,36,17,bachelor's,female,south,"independent (neither, no response)",extremely conservative,NA,NA,favor,NA,NA,NA,NA,NA,yes,no,3096.4999999999995
979,61,12,less than high school,male,south,"independent (neither, no response)",NA,NA,NA,favor,NA,NA,NA,NA,NA,NA,no,NA
980,69,12,high school,male,south,not very strong republican,"moderate, middle of the road",too little,NA,favor,NA,NA,NA,NA,NA,no,no,25334.999999999996
981,89,16,bachelor's,female,south,strong democrat,liberal,too little,NA,favor,NA,NA,NA,NA,NA,no,no,NA
982,89,10,less than high school,male,south,not very strong republican,extremely conservative,too little,favor,favor,NA,should not be legal,yes,no,yes,no,no,NA
983,82,12,high school,female,south,strong republican,conservative,too little,favor,oppose,about right,should not be legal,yes,no,no,no,no,10556.249999999998
984,80,16,bachelor's,female,south,strong republican,extremely conservative,NA,favor,NA,not harshly enough,should be legal,NA,NA,NA,yes,no,56299.99999999999
985,70,18,graduate,female,south,strong democrat,slightly liberal,too little,favor,NA,not harshly enough,should be legal,no,no,yes,NA,NA,15482.499999999998
986,40,16,graduate,female,south,not very strong republican,slightly conservative,too little,NA,NA,NA,NA,no,no,NA,NA,NA,30964.999999999996
987,35,12,high school,male,south,"independent (neither, no response)","moderate, middle of the road",NA,NA,favor,NA,NA,NA,NA,NA,yes,no,18297.5
988,39,12,high school,male,south,not very strong republican,"moderate, middle of the road",NA,NA,favor,NA,NA,NA,NA,NA,yes,no,25334.999999999996
989,64,13,high school,male,south,not very strong republican,slightly conservative,NA,favor,favor,not harshly enough,should not be legal,NA,NA,NA,no,no,18297.5
990,75,20,bachelor's,female,south,not very strong republican,"moderate, middle of the road",NA,favor,NA,NA,NA,NA,NA,NA,NA,NA,9148.75
991,69,17,bachelor's,female,south,not very strong republican,"moderate, middle of the road",too little,NA,favor,NA,NA,NA,NA,NA,yes,yes,NA
992,31,16,graduate,male,south,"independent, close to democrat","moderate, middle of the road",NA,NA,favor,NA,NA,NA,NA,NA,no,no,78819.99999999999
993,36,16,bachelor's,female,south,"independent (neither, no response)","moderate, middle of the road",too little,NA,NA,about right,should not be legal,no,NA,yes,NA,NA,30964.999999999996
994,36,12,high school,male,south,not very strong republican,"moderate, middle of the road",too little,oppose,NA,not harshly enough,should not be legal,no,no,yes,NA,NA,21112.499999999996
995,33,20,graduate,female,south,strong democrat,liberal,about right,NA,favor,NA,NA,NA,NA,NA,yes,no,78819.99999999999
996,43,18,graduate,female,south,strong democrat,liberal,NA,NA,favor,NA,NA,NA,NA,NA,yes,no,25334.999999999996
997,22,16,bachelor's,female,south,strong democrat,liberal,NA,NA,favor,NA,NA,NA,NA,NA,yes,no,56299.99999999999
998,NA,12,high school,NA,south,"independent (neither, no response)","moderate, middle of the road",NA,oppose,favor,NA,NA,NA,NA,NA,no,no,NA
999,78,14,high school,male,south,not very strong republican,"moderate, middle of the road",NA,favor,favor,NA,should be legal,NA,NA,NA,no,refused,46447.49999999999
1000,46,18,graduate,male,south,strong republican,conservative,too much,NA,oppose,NA,NA,NA,NA,NA,no,no,90079.99999999999
1001,80,16,bachelor's,male,south,"independent (neither, no response)","moderate, middle of the road",NA,oppose,NA,NA,NA,NA,NA,NA,NA,NA,139024.36558999997
1002,65,18,graduate,female,south,strong democrat,liberal,about right,oppose,favor,NA,NA,yes,no,yes,no,no,46447.49999999999
1003,65,14,associate/junior college,female,midwest,strong republican,extremely conservative,NA,NA,favor,NA,NA,NA,NA,NA,no,yes,NA
1004,67,16,bachelor's,female,midwest,not very strong republican,"moderate, middle of the road",NA,NA,NA,about right,should not be legal,NA,NA,NA,NA,NA,NA
1005,46,14,associate/junior college,male,midwest,"independent, close to republican","moderate, middle of the road",NA,favor,NA,about right,should be legal,NA,NA,NA,NA,NA,30964.999999999996
1006,33,15,graduate,male,midwest,strong republican,conservative,NA,NA,favor,NA,NA,NA,NA,NA,no,yes,139024.36558999997
1007,46,16,bachelor's,male,midwest,"independent (neither, no response)","moderate, middle of the road",too little,favor,favor,NA,NA,yes,no,yes,no,yes,139024.36558999997
1008,51,16,graduate,female,midwest,not very strong republican,slightly conservative,NA,oppose,NA,NA,NA,NA,NA,NA,NA,NA,139024.36558999997
1009,49,13,high school,female,midwest,"independent, close to democrat","moderate, middle of the road",NA,favor,favor,not harshly enough,should be legal,NA,NA,NA,no,yes,15482.499999999998
1010,59,12,high school,female,midwest,"independent, close to republican","moderate, middle of the road",NA,oppose,NA,NA,NA,NA,NA,NA,NA,NA,6333.749999999999
1011,48,9,less than high school,female,midwest,"independent (neither, no response)",liberal,too little,NA,favor,NA,NA,NA,NA,NA,yes,no,3659.4999999999995
1012,57,12,less than high school,female,midwest,"independent (neither, no response)",extremely conservative,NA,NA,oppose,NA,NA,NA,NA,NA,yes,no,21112.499999999996
1013,74,14,high school,male,midwest,strong democrat,"moderate, middle of the road",too little,oppose,favor,not harshly enough,should be legal,yes,no,yes,yes,no,9148.75
1014,43,14,associate/junior college,male,midwest,"independent, close to democrat",slightly liberal,about right,favor,NA,NA,NA,yes,yes,yes,NA,NA,139024.36558999997
1015,50,13,high school,male,midwest,not very strong republican,"moderate, middle of the road",NA,oppose,NA,about right,should be legal,NA,NA,NA,NA,NA,13371.249999999998
1016,52,14,associate/junior college,male,midwest,"independent, close to democrat",NA,NA,oppose,favor,not harshly enough,NA,NA,NA,NA,no,no,30964.999999999996
1017,28,16,high school,male,midwest,"independent (neither, no response)","moderate, middle of the road",NA,oppose,NA,NA,NA,NA,NA,NA,NA,NA,NA
1018,26,16,bachelor's,male,midwest,"independent, close to republican",slightly conservative,NA,NA,favor,NA,NA,NA,NA,NA,yes,no,281.5
1019,34,14,associate/junior college,male,midwest,"independent (neither, no response)",slightly liberal,about right,NA,favor,NA,NA,NA,NA,NA,no,yes,30964.999999999996
1020,48,17,bachelor's,female,midwest,"independent, close to democrat",liberal,too little,oppose,favor,NA,NA,no,no,no,yes,no,6333.749999999999
1021,64,14,high school,male,midwest,"independent (neither, no response)",slightly conservative,too little,NA,favor,NA,NA,NA,NA,NA,no,no,6333.749999999999
1022,35,14,high school,male,midwest,"independent (neither, no response)","moderate, middle of the road",NA,oppose,favor,NA,NA,NA,NA,NA,yes,yes,56299.99999999999
1023,22,16,high school,female,midwest,strong democrat,extremely liberal,NA,NA,favor,NA,NA,NA,NA,NA,yes,no,46447.49999999999
1024,31,16,graduate,female,midwest,strong democrat,liberal,NA,oppose,favor,NA,NA,NA,NA,NA,yes,no,281.5
1025,56,11,less than high school,male,midwest,"independent (neither, no response)","moderate, middle of the road",too little,favor,NA,NA,NA,yes,yes,no,NA,NA,38002.49999999999
1026,22,16,bachelor's,male,midwest,strong democrat,liberal,NA,oppose,favor,NA,NA,NA,NA,NA,no,no,1970.4999999999998
1027,65,12,high school,male,midwest,not very strong republican,"moderate, middle of the road",NA,favor,favor,NA,NA,yes,no,yes,yes,yes,90079.99999999999
1028,37,14,high school,male,midwest,not very strong democrat,"moderate, middle of the road",NA,favor,favor,NA,NA,NA,NA,NA,no,yes,38002.49999999999
1029,81,14,high school,female,midwest,"independent, close to democrat","moderate, middle of the road",too much,NA,favor,NA,NA,NA,NA,NA,no,no,13371.249999999998
1030,38,13,high school,female,midwest,"independent (neither, no response)","moderate, middle of the road",NA,favor,favor,NA,NA,NA,NA,NA,no,no,78819.99999999999
1031,66,20,graduate,male,midwest,"independent, close to democrat",extremely conservative,NA,oppose,NA,NA,NA,NA,NA,NA,NA,NA,56299.99999999999
1032,41,20,bachelor's,female,midwest,not very strong democrat,liberal,about right,NA,favor,NA,NA,NA,NA,NA,yes,yes,139024.36558999997
1033,49,17,bachelor's,female,midwest,not very strong democrat,"moderate, middle of the road",too little,oppose,NA,NA,should not be legal,no,no,NA,NA,NA,56299.99999999999
1034,76,18,graduate,female,midwest,"independent, close to republican",conservative,NA,favor,NA,not harshly enough,should not be legal,NA,NA,NA,NA,NA,38002.49999999999
1035,28,17,bachelor's,female,midwest,not very strong republican,"moderate, middle of the road",NA,NA,oppose,NA,NA,NA,NA,NA,no,refused,56299.99999999999
1036,37,18,bachelor's,female,midwest,strong democrat,liberal,about right,NA,NA,NA,NA,yes,no,yes,NA,NA,67560
1037,46,12,high school,female,midwest,not very strong republican,conservative,too little,NA,favor,NA,NA,NA,NA,NA,yes,no,38002.49999999999
1038,85,14,associate/junior college,female,midwest,"independent (neither, no response)","moderate, middle of the road",too little,favor,NA,NA,NA,yes,yes,no,NA,NA,7741.249999999999
1039,25,16,bachelor's,male,midwest,not very strong republican,slightly conservative,NA,favor,NA,NA,NA,NA,NA,NA,NA,NA,139024.36558999997
1040,67,17,bachelor's,female,midwest,strong democrat,liberal,too little,favor,favor,not harshly enough,should be legal,yes,no,yes,yes,no,38002.49999999999
1041,52,12,high school,male,midwest,not very strong republican,"moderate, middle of the road",NA,NA,oppose,NA,NA,NA,NA,NA,yes,yes,11963.749999999998
1042,58,11,high school,female,midwest,not very strong democrat,slightly liberal,about right,NA,favor,NA,NA,NA,NA,NA,no,no,10556.249999999998
1043,67,15,high school,female,midwest,strong democrat,extremely liberal,too little,NA,favor,NA,NA,NA,NA,NA,no,no,7741.249999999999
1044,60,16,bachelor's,female,midwest,strong democrat,liberal,too little,NA,favor,NA,NA,NA,NA,NA,yes,no,NA
1045,26,12,high school,female,midwest,"independent (neither, no response)","moderate, middle of the road",NA,NA,favor,NA,NA,NA,NA,NA,no,no,11963.749999999998
1046,45,12,high school,male,midwest,not very strong republican,slightly conservative,NA,favor,favor,NA,NA,NA,NA,NA,yes,yes,30964.999999999996
1047,43,17,associate/junior college,male,midwest,not very strong republican,slightly conservative,too little,favor,oppose,NA,should not be legal,yes,no,yes,no,yes,25334.999999999996
1048,53,18,graduate,male,midwest,strong democrat,liberal,about right,favor,favor,NA,NA,yes,yes,no,no,NA,56299.99999999999
1049,26,7,less than high school,male,midwest,not very strong democrat,"moderate, middle of the road",about right,oppose,oppose,NA,NA,yes,no,no,yes,yes,NA
1050,69,12,high school,female,midwest,strong democrat,extremely liberal,NA,oppose,favor,NA,NA,NA,NA,NA,no,no,10556.249999999998
1051,63,16,bachelor's,female,west,strong republican,conservative,NA,NA,oppose,NA,NA,NA,NA,NA,no,no,38002.49999999999
1052,32,14,associate/junior college,female,west,strong democrat,slightly liberal,NA,oppose,NA,NA,NA,NA,NA,NA,NA,NA,46447.49999999999
1053,67,18,associate/junior college,male,west,other party,"moderate, middle of the road",about right,favor,favor,too harshly,should be legal,no,no,yes,yes,yes,139024.36558999997
1054,53,12,high school,female,west,strong republican,extremely liberal,NA,favor,favor,not harshly enough,should be legal,NA,NA,NA,yes,no,281.5
1055,76,13,high school,female,west,strong democrat,"moderate, middle of the road",too little,favor,NA,not harshly enough,NA,yes,no,yes,NA,NA,25334.999999999996
1056,46,9,less than high school,male,west,strong republican,conservative,NA,NA,NA,not harshly enough,should be legal,NA,NA,NA,NA,NA,46447.49999999999
1057,47,14,associate/junior college,male,west,strong democrat,slightly liberal,NA,oppose,favor,NA,NA,NA,NA,NA,no,no,30964.999999999996
1058,29,16,bachelor's,male,west,strong democrat,liberal,NA,favor,NA,NA,NA,NA,NA,NA,NA,NA,1126
1059,22,18,associate/junior college,female,west,strong democrat,liberal,too little,oppose,NA,NA,NA,yes,no,yes,NA,NA,NA
1060,19,14,high school,female,west,"independent, close to democrat",extremely liberal,NA,NA,NA,NA,NA,NA,NA,NA,yes,no,3096.4999999999995
1061,36,19,graduate,male,west,"independent, close to democrat",slightly liberal,too little,NA,favor,NA,NA,NA,NA,NA,no,no,56299.99999999999
1062,NA,16,bachelor's,male,west,strong democrat,slightly liberal,too little,oppose,NA,NA,NA,NA,NA,yes,NA,NA,NA
1063,33,13,high school,female,west,"independent, close to republican",extremely conservative,NA,NA,oppose,NA,NA,NA,NA,NA,no,no,25334.999999999996
1064,21,16,bachelor's,male,west,strong republican,conservative,too much,oppose,favor,NA,NA,yes,yes,yes,yes,yes,139024.36558999997
1065,NA,12,high school,female,west,"independent, close to democrat","moderate, middle of the road",NA,NA,favor,NA,NA,NA,NA,NA,no,no,38002.49999999999
1066,38,18,bachelor's,male,west,strong democrat,liberal,about right,oppose,favor,NA,NA,no,no,no,no,no,139024.36558999997
1067,65,16,bachelor's,female,west,strong democrat,liberal,about right,NA,favor,NA,NA,NA,NA,NA,no,yes,139024.36558999997
1068,19,12,high school,male,west,strong democrat,liberal,NA,oppose,favor,not harshly enough,should be legal,NA,NA,NA,yes,no,139024.36558999997
1069,33,16,bachelor's,male,west,"independent, close to democrat","moderate, middle of the road",too little,NA,favor,NA,NA,NA,NA,NA,no,no,25334.999999999996
1070,37,20,graduate,male,west,strong democrat,liberal,NA,oppose,NA,NA,should be legal,NA,NA,NA,NA,NA,38002.49999999999
1071,75,16,bachelor's,male,west,not very strong democrat,liberal,NA,NA,favor,NA,NA,NA,NA,NA,no,yes,10556.249999999998
1072,73,14,associate/junior college,female,west,strong republican,conservative,NA,NA,oppose,NA,NA,NA,NA,NA,no,no,38002.49999999999
1073,54,12,high school,male,west,"independent (neither, no response)","moderate, middle of the road",too little,NA,oppose,NA,NA,NA,NA,NA,no,yes,90079.99999999999
1074,68,13,high school,female,west,"independent, close to democrat",slightly liberal,NA,NA,favor,NA,NA,NA,NA,NA,no,yes,NA
1075,19,13,high school,male,west,not very strong republican,slightly conservative,NA,favor,NA,NA,NA,NA,NA,NA,NA,NA,139024.36558999997
1076,37,16,high school,male,west,"independent, close to republican",extremely conservative,NA,NA,oppose,NA,NA,NA,NA,NA,no,no,78819.99999999999
1077,36,9,high school,female,west,"independent (neither, no response)","moderate, middle of the road",about right,favor,NA,too harshly,NA,yes,no,no,NA,NA,25334.999999999996
1078,67,9,high school,female,west,not very strong democrat,slightly conservative,NA,favor,NA,about right,NA,NA,NA,NA,NA,NA,38002.49999999999
1079,58,14,associate/junior college,male,west,not very strong republican,conservative,too little,NA,favor,NA,NA,NA,NA,NA,no,yes,139024.36558999997
1080,88,12,high school,female,west,"independent (neither, no response)","moderate, middle of the road",too little,NA,NA,not harshly enough,should be legal,yes,NA,yes,NA,NA,NA
1081,46,14,associate/junior college,female,west,"independent, close to democrat",slightly liberal,too little,oppose,favor,about right,should not be legal,NA,no,no,no,no,139024.36558999997
1082,35,18,bachelor's,male,west,"independent, close to democrat","moderate, middle of the road",NA,favor,favor,NA,NA,NA,NA,NA,no,yes,139024.36558999997
1083,46,14,high school,female,west,not very strong democrat,slightly liberal,NA,oppose,NA,NA,should not be legal,NA,NA,NA,NA,NA,25334.999999999996
1084,61,16,bachelor's,female,west,strong democrat,slightly liberal,too little,NA,favor,NA,NA,NA,NA,NA,no,no,38002.49999999999
1085,43,12,high school,female,west,"independent (neither, no response)","moderate, middle of the road",NA,NA,favor,NA,NA,NA,NA,NA,yes,no,18297.5
1086,62,13,associate/junior college,female,west,"independent, close to republican",slightly liberal,NA,NA,favor,NA,NA,NA,NA,NA,yes,no,10556.249999999998
1087,49,16,bachelor's,female,west,strong democrat,liberal,too little,favor,NA,NA,NA,no,no,yes,NA,NA,139024.36558999997
1088,20,12,high school,male,west,"independent (neither, no response)","moderate, middle of the road",too little,favor,favor,NA,NA,yes,no,yes,no,no,56299.99999999999
1089,NA,12,high school,male,west,"independent (neither, no response)","moderate, middle of the road",NA,favor,favor,NA,NA,NA,NA,NA,no,no,38002.49999999999
1090,27,17,high school,male,west,"independent, close to republican",slightly conservative,too little,oppose,NA,NA,NA,yes,no,yes,NA,NA,NA
1091,46,18,graduate,female,west,not very strong democrat,"moderate, middle of the road",NA,favor,NA,NA,NA,NA,NA,NA,NA,NA,139024.36558999997
1092,25,10,less than high school,male,west,not very strong democrat,liberal,too little,oppose,NA,not harshly enough,should be legal,no,no,no,NA,NA,7741.249999999999
1093,63,16,bachelor's,female,west,not very strong democrat,liberal,NA,favor,favor,about right,should be legal,NA,NA,NA,no,no,2533.4999999999995
1094,60,16,bachelor's,male,west,not very strong republican,slightly conservative,NA,favor,NA,not harshly enough,should be legal,NA,NA,NA,NA,NA,90079.99999999999
1095,74,16,bachelor's,male,west,NA,NA,too little,NA,oppose,NA,NA,NA,NA,NA,yes,no,30964.999999999996
1096,50,8,less than high school,male,west,"independent, close to republican",slightly conservative,too little,NA,oppose,about right,should be legal,yes,no,no,no,yes,56299.99999999999
1097,18,14,high school,female,west,"independent, close to democrat",extremely liberal,too little,NA,favor,NA,NA,NA,NA,NA,yes,no,5066.999999999999
1098,42,14,associate/junior college,female,west,not very strong republican,slightly conservative,NA,NA,favor,NA,NA,NA,NA,NA,no,no,30964.999999999996
1099,49,20,high school,male,west,"independent (neither, no response)",slightly liberal,too little,favor,NA,NA,NA,yes,yes,no,NA,NA,21112.499999999996
1100,30,17,bachelor's,female,west,"independent, close to republican",slightly conservative,NA,NA,oppose,NA,NA,NA,NA,NA,yes,NA,139024.36558999997
1101,44,12,high school,male,west,"independent (neither, no response)","moderate, middle of the road",NA,NA,oppose,NA,NA,NA,NA,NA,yes,no,46447.49999999999
1102,59,16,bachelor's,male,west,"independent, close to democrat","moderate, middle of the road",about right,favor,favor,NA,NA,yes,no,yes,yes,no,139024.36558999997
1103,41,15,high school,female,west,"independent (neither, no response)","moderate, middle of the road",NA,NA,favor,NA,NA,NA,NA,NA,no,no,10556.249999999998
1104,48,15,high school,female,west,strong democrat,liberal,about right,NA,favor,NA,NA,NA,NA,NA,yes,NA,56299.99999999999
1105,46,16,bachelor's,male,west,not very strong democrat,liberal,about right,oppose,NA,NA,NA,yes,no,yes,NA,NA,56299.99999999999
1106,43,13,high school,male,west,not very strong democrat,"moderate, middle of the road",NA,favor,NA,NA,should be legal,NA,NA,NA,NA,NA,56299.99999999999
1107,26,12,high school,male,west,"independent (neither, no response)","moderate, middle of the road",about right,favor,NA,NA,NA,yes,no,yes,NA,NA,38002.49999999999
1108,65,12,high school,male,west,"independent (neither, no response)",slightly conservative,NA,favor,NA,NA,NA,NA,NA,NA,NA,NA,9148.75
1109,77,15,associate/junior college,male,west,"independent, close to republican",conservative,NA,favor,oppose,NA,NA,NA,NA,NA,yes,yes,38002.49999999999
1110,59,12,high school,female,west,"independent (neither, no response)",liberal,too little,oppose,NA,not harshly enough,should be legal,no,no,yes,NA,NA,9148.75
1111,54,0,less than high school,male,west,"independent, close to democrat",liberal,NA,oppose,oppose,NA,NA,NA,NA,NA,yes,no,281.5
1112,54,0,less than high school,female,west,not very strong republican,extremely liberal,NA,favor,NA,NA,NA,NA,NA,NA,NA,NA,281.5
1113,63,13,high school,male,west,strong republican,extremely conservative,too much,favor,NA,not harshly enough,NA,yes,no,no,NA,NA,25334.999999999996
1114,61,13,high school,male,west,"independent (neither, no response)","moderate, middle of the road",about right,oppose,NA,NA,NA,yes,no,yes,NA,NA,11963.749999999998
1115,46,16,bachelor's,female,west,strong republican,conservative,too little,NA,favor,NA,NA,NA,NA,NA,no,yes,46447.49999999999
1116,NA,16,bachelor's,female,west,NA,NA,NA,NA,favor,NA,NA,NA,NA,NA,yes,yes,30964.999999999996
1117,31,16,high school,female,west,strong republican,conservative,too little,NA,oppose,NA,NA,NA,NA,NA,yes,yes,56299.99999999999
1118,36,14,high school,male,west,"independent, close to republican","moderate, middle of the road",NA,NA,favor,NA,NA,NA,NA,NA,no,no,38002.49999999999
1119,42,16,bachelor's,female,west,not very strong democrat,liberal,NA,NA,favor,NA,NA,NA,NA,NA,no,yes,90079.99999999999
1120,NA,20,bachelor's,male,west,not very strong democrat,slightly liberal,NA,NA,favor,NA,NA,NA,NA,NA,no,no,38002.49999999999
1121,29,13,high school,male,west,not very strong republican,NA,too little,favor,oppose,too harshly,should be legal,yes,no,yes,no,no,78819.99999999999
1122,29,13,high school,female,west,not very strong republican,slightly conservative,too little,favor,NA,NA,NA,yes,no,yes,NA,NA,38002.49999999999
1123,38,16,bachelor's,female,west,not very strong republican,slightly conservative,NA,NA,favor,NA,NA,NA,NA,NA,yes,yes,38002.49999999999
1124,47,16,bachelor's,female,west,"independent, close to democrat",liberal,NA,oppose,NA,NA,NA,NA,NA,NA,NA,NA,30964.999999999996
1125,74,12,high school,female,west,strong republican,"moderate, middle of the road",NA,NA,oppose,not harshly enough,should not be legal,NA,NA,NA,yes,NA,25334.999999999996
1126,41,14,associate/junior college,male,west,not very strong republican,"moderate, middle of the road",NA,favor,favor,NA,NA,NA,NA,NA,no,no,38002.49999999999
1127,48,14,high school,male,west,"independent, close to republican",conservative,too little,NA,oppose,NA,NA,NA,NA,NA,no,no,18297.5
1128,48,15,bachelor's,female,west,"independent, close to democrat",slightly liberal,about right,favor,NA,NA,NA,yes,no,yes,NA,NA,139024.36558999997
1129,48,18,bachelor's,female,west,strong republican,conservative,NA,favor,NA,NA,NA,NA,NA,NA,NA,NA,67560
1130,62,16,bachelor's,male,west,"independent, close to democrat","moderate, middle of the road",about right,favor,favor,NA,NA,yes,no,yes,no,no,67560
1131,32,14,associate/junior college,female,west,"independent, close to republican",slightly liberal,too little,oppose,NA,NA,NA,no,no,yes,NA,NA,30964.999999999996
1132,29,15,associate/junior college,male,west,other party,liberal,NA,oppose,NA,NA,NA,NA,NA,NA,NA,NA,46447.49999999999
1133,21,14,high school,male,west,not very strong republican,conservative,about right,oppose,oppose,NA,NA,yes,yes,yes,no,yes,90079.99999999999
1134,33,16,bachelor's,male,west,"independent (neither, no response)",slightly liberal,too little,NA,oppose,NA,NA,NA,NA,NA,no,yes,56299.99999999999
1135,59,14,high school,female,west,strong republican,"moderate, middle of the road",NA,NA,oppose,NA,NA,NA,NA,NA,no,no,3096.4999999999995
1136,36,14,high school,male,west,not very strong republican,conservative,too little,NA,oppose,NA,NA,NA,NA,NA,no,yes,90079.99999999999
1137,73,18,graduate,male,west,strong republican,extremely conservative,too little,favor,NA,NA,NA,yes,yes,yes,NA,NA,21112.499999999996
1138,47,20,graduate,male,west,"independent (neither, no response)",NA,NA,NA,favor,NA,NA,NA,NA,NA,no,no,139024.36558999997
1139,42,16,bachelor's,female,west,strong republican,slightly conservative,NA,favor,oppose,NA,NA,NA,NA,NA,no,no,90079.99999999999
1140,61,20,graduate,female,west,"independent, close to democrat",conservative,too little,NA,favor,NA,NA,NA,NA,NA,no,yes,78819.99999999999
1141,52,12,high school,male,west,not very strong republican,NA,too little,NA,NA,about right,should be legal,yes,no,yes,no,no,38002.49999999999
1142,28,8,less than high school,male,west,"independent (neither, no response)",liberal,too little,favor,favor,NA,NA,no,no,yes,no,no,25334.999999999996
1143,30,12,high school,male,west,not very strong republican,conservative,too little,favor,NA,NA,NA,yes,no,yes,NA,NA,18297.5
1144,31,14,associate/junior college,female,south,"independent (neither, no response)","moderate, middle of the road",too little,NA,NA,about right,should be legal,yes,no,yes,NA,NA,38002.49999999999
1145,68,16,bachelor's,male,south,strong democrat,liberal,too little,oppose,NA,NA,NA,no,no,yes,NA,NA,9148.75
1146,67,13,high school,female,south,"independent (neither, no response)","moderate, middle of the road",NA,favor,NA,NA,NA,NA,NA,NA,NA,NA,21112.499999999996
1147,74,16,associate/junior college,male,south,"independent, close to republican",conservative,NA,favor,favor,about right,should not be legal,NA,NA,NA,no,no,18297.5
1148,NA,16,bachelor's,female,south,"independent, close to republican",slightly conservative,NA,NA,NA,about right,NA,NA,NA,NA,NA,NA,NA
1149,51,14,associate/junior college,female,south,strong republican,conservative,NA,favor,favor,NA,NA,NA,NA,NA,no,yes,38002.49999999999
1150,34,14,high school,female,south,strong democrat,extremely conservative,NA,NA,favor,NA,NA,NA,NA,NA,no,no,7741.249999999999
1151,36,15,associate/junior college,male,south,strong republican,conservative,NA,favor,oppose,NA,NA,NA,NA,NA,no,yes,139024.36558999997
1152,32,17,bachelor's,female,south,not very strong democrat,"moderate, middle of the road",too little,favor,favor,NA,NA,yes,no,yes,yes,no,25334.999999999996
1153,63,15,high school,female,south,"independent, close to democrat","moderate, middle of the road",NA,NA,favor,NA,NA,NA,NA,NA,yes,no,18297.5
1154,31,15,high school,male,south,"independent (neither, no response)","moderate, middle of the road",NA,oppose,oppose,NA,NA,NA,NA,NA,no,yes,21112.499999999996
1155,42,20,bachelor's,female,south,strong democrat,slightly liberal,too little,NA,favor,NA,NA,NA,NA,NA,yes,no,18297.5
1156,34,NA,less than high school,female,south,"independent (neither, no response)","moderate, middle of the road",too little,NA,oppose,NA,NA,NA,NA,NA,yes,no,11963.749999999998
1157,27,8,less than high school,female,south,strong democrat,liberal,too little,favor,oppose,too harshly,should be legal,yes,no,yes,yes,no,15482.499999999998
1158,73,13,high school,male,south,strong republican,conservative,too little,favor,NA,NA,NA,yes,no,yes,NA,NA,18297.5
1159,46,14,associate/junior college,female,south,"independent (neither, no response)",conservative,too little,NA,favor,NA,NA,NA,NA,NA,no,no,10556.249999999998
1160,NA,NA,less than high school,female,south,"independent (neither, no response)","moderate, middle of the road",too little,NA,favor,NA,NA,NA,NA,NA,no,yes,NA
1161,44,14,associate/junior college,male,south,"independent (neither, no response)","moderate, middle of the road",NA,oppose,favor,NA,NA,NA,NA,NA,no,no,NA
1162,40,16,bachelor's,female,south,not very strong democrat,"moderate, middle of the road",NA,oppose,NA,not harshly enough,should not be legal,NA,NA,NA,NA,NA,3096.4999999999995
1163,34,17,graduate,female,south,strong republican,conservative,NA,favor,favor,NA,NA,NA,NA,NA,no,no,139024.36558999997
1164,32,13,high school,female,south,strong republican,conservative,too little,NA,oppose,NA,NA,NA,NA,NA,no,no,67560
1165,25,15,graduate,male,south,"independent, close to republican",conservative,NA,favor,oppose,NA,NA,NA,NA,NA,yes,yes,13371.249999999998
1166,50,16,bachelor's,female,south,strong democrat,liberal,NA,oppose,NA,NA,should be legal,NA,NA,NA,NA,NA,139024.36558999997
1167,58,16,bachelor's,female,south,not very strong republican,"moderate, middle of the road",about right,NA,NA,not harshly enough,should be legal,yes,no,yes,NA,NA,NA
1168,24,18,bachelor's,female,south,other party,"moderate, middle of the road",about right,favor,NA,NA,NA,yes,no,yes,NA,NA,90079.99999999999
1169,59,16,bachelor's,female,south,not very strong republican,"moderate, middle of the road",too little,NA,favor,NA,NA,NA,NA,NA,no,no,25334.999999999996
1170,36,18,graduate,female,south,strong democrat,liberal,too little,NA,favor,NA,NA,NA,NA,NA,yes,no,67560
1171,22,12,high school,male,south,not very strong democrat,"moderate, middle of the road",too little,oppose,favor,NA,should be legal,yes,no,yes,no,no,25334.999999999996
1172,71,17,bachelor's,female,south,not very strong republican,conservative,too little,NA,favor,NA,NA,NA,NA,NA,no,yes,38002.49999999999
1173,53,15,high school,male,south,strong republican,extremely conservative,NA,NA,favor,NA,NA,NA,NA,NA,no,yes,139024.36558999997
1174,36,14,high school,female,south,not very strong republican,slightly conservative,NA,NA,favor,NA,NA,NA,NA,NA,yes,yes,NA
1175,18,12,high school,male,south,"independent (neither, no response)","moderate, middle of the road",too little,oppose,oppose,NA,NA,yes,no,yes,no,no,67560
1176,46,13,high school,female,south,not very strong republican,conservative,too little,NA,favor,NA,NA,NA,NA,NA,no,no,78819.99999999999
1177,19,14,high school,female,south,"independent, close to republican","moderate, middle of the road",NA,NA,favor,NA,NA,NA,NA,NA,no,no,18297.5
1178,33,15,high school,male,south,strong republican,conservative,NA,favor,oppose,NA,NA,NA,NA,NA,no,no,90079.99999999999
1179,49,13,graduate,female,midwest,"independent (neither, no response)","moderate, middle of the road",too little,favor,oppose,NA,NA,yes,yes,yes,yes,no,38002.49999999999
1180,66,20,graduate,male,midwest,"independent (neither, no response)","moderate, middle of the road",NA,favor,favor,not harshly enough,should be legal,NA,NA,NA,no,yes,78819.99999999999
1181,64,12,high school,male,midwest,"independent (neither, no response)",slightly conservative,NA,NA,oppose,NA,NA,NA,NA,NA,no,no,56299.99999999999
1182,38,16,bachelor's,female,midwest,not very strong democrat,"moderate, middle of the road",too little,NA,favor,NA,NA,NA,NA,NA,yes,no,139024.36558999997
1183,41,20,graduate,male,midwest,not very strong republican,conservative,too little,favor,NA,NA,NA,yes,yes,yes,NA,NA,67560
1184,37,14,associate/junior college,female,midwest,strong republican,conservative,too little,oppose,favor,NA,NA,no,no,yes,no,no,139024.36558999997
1185,42,18,bachelor's,male,midwest,strong republican,conservative,too little,favor,NA,not harshly enough,should be legal,yes,no,yes,NA,NA,139024.36558999997
1186,83,12,high school,male,midwest,strong democrat,"moderate, middle of the road",NA,NA,favor,NA,NA,NA,NA,NA,no,yes,30964.999999999996
1187,NA,16,bachelor's,NA,midwest,"independent (neither, no response)","moderate, middle of the road",NA,favor,NA,NA,NA,NA,NA,NA,NA,NA,NA
1188,66,14,high school,male,midwest,not very strong democrat,slightly liberal,too little,oppose,favor,not harshly enough,should not be legal,yes,no,yes,yes,yes,78819.99999999999
1189,55,19,graduate,female,midwest,"independent (neither, no response)","moderate, middle of the road",NA,oppose,NA,NA,NA,NA,NA,NA,NA,NA,67560
1190,39,17,bachelor's,male,midwest,not very strong democrat,slightly liberal,too much,NA,oppose,NA,NA,NA,NA,NA,no,no,139024.36558999997
1191,60,18,bachelor's,female,midwest,not very strong republican,"moderate, middle of the road",NA,NA,favor,NA,NA,NA,NA,NA,no,no,18297.5
1192,63,12,high school,female,midwest,NA,"moderate, middle of the road",NA,favor,favor,NA,NA,NA,NA,NA,no,no,NA
1193,56,16,bachelor's,female,midwest,strong republican,conservative,too little,NA,favor,NA,NA,NA,NA,NA,no,yes,139024.36558999997
1194,38,14,associate/junior college,female,midwest,"independent, close to republican","moderate, middle of the road",too little,favor,favor,NA,NA,yes,no,yes,no,yes,78819.99999999999
1195,53,19,graduate,male,midwest,"independent (neither, no response)","moderate, middle of the road",too little,NA,favor,NA,NA,NA,NA,NA,no,yes,56299.99999999999
1196,60,16,graduate,male,midwest,"independent (neither, no response)","moderate, middle of the road",too little,favor,favor,not harshly enough,should be legal,yes,yes,yes,no,refused,NA
1197,36,16,graduate,female,midwest,not very strong democrat,liberal,NA,oppose,favor,NA,NA,NA,NA,NA,no,no,90079.99999999999
1198,53,13,high school,male,midwest,"independent (neither, no response)","moderate, middle of the road",NA,oppose,NA,not harshly enough,should not be legal,NA,NA,NA,NA,NA,46447.49999999999
1199,56,16,bachelor's,male,midwest,"independent, close to democrat",liberal,NA,oppose,favor,NA,NA,NA,NA,NA,no,no,139024.36558999997
1200,65,16,bachelor's,male,midwest,"independent, close to democrat",slightly liberal,about right,favor,NA,not harshly enough,should be legal,no,no,yes,NA,NA,139024.36558999997
1201,24,16,bachelor's,male,midwest,strong democrat,extremely liberal,too little,NA,favor,NA,NA,NA,NA,NA,no,no,90079.99999999999
1202,42,18,graduate,female,midwest,"independent, close to democrat",slightly liberal,too little,oppose,NA,NA,NA,yes,no,yes,NA,NA,90079.99999999999
1203,36,16,bachelor's,male,midwest,"independent, close to democrat",slightly liberal,NA,NA,oppose,NA,NA,NA,NA,NA,no,no,139024.36558999997
1204,51,12,high school,male,midwest,"independent (neither, no response)",slightly liberal,about right,NA,favor,NA,NA,NA,NA,NA,no,no,90079.99999999999
1205,53,15,bachelor's,male,midwest,strong democrat,slightly liberal,too little,oppose,NA,NA,NA,yes,no,yes,NA,NA,38002.49999999999
1206,51,15,associate/junior college,male,midwest,"independent, close to democrat","moderate, middle of the road",NA,NA,oppose,NA,NA,NA,NA,NA,yes,no,139024.36558999997
1207,NA,16,bachelor's,male,midwest,not very strong republican,slightly conservative,too little,favor,NA,NA,NA,yes,no,yes,NA,NA,67560
1208,44,14,associate/junior college,female,midwest,not very strong democrat,liberal,too little,favor,favor,NA,NA,yes,no,yes,no,yes,38002.49999999999
1209,38,16,graduate,female,midwest,not very strong republican,"moderate, middle of the road",NA,NA,favor,NA,NA,NA,NA,NA,no,yes,139024.36558999997
1210,18,12,high school,female,midwest,not very strong republican,conservative,NA,NA,NA,not harshly enough,should be legal,NA,NA,NA,NA,NA,139024.36558999997
1211,41,16,bachelor's,female,midwest,"independent, close to republican",conservative,NA,NA,favor,NA,NA,NA,NA,NA,yes,yes,67560
1212,34,13,high school,male,midwest,strong republican,"moderate, middle of the road",NA,favor,NA,NA,NA,NA,NA,NA,NA,NA,1126
1213,21,11,less than high school,male,midwest,"independent (neither, no response)",slightly liberal,too little,NA,oppose,NA,NA,NA,NA,NA,yes,no,281.5
1214,31,16,bachelor's,female,midwest,"independent (neither, no response)","moderate, middle of the road",NA,favor,NA,NA,NA,NA,NA,NA,NA,NA,30964.999999999996
1215,27,16,bachelor's,male,midwest,other party,"moderate, middle of the road",too little,oppose,favor,NA,NA,yes,no,yes,yes,no,56299.99999999999
1216,73,16,high school,female,midwest,strong democrat,liberal,too little,favor,NA,not harshly enough,should not be legal,yes,no,yes,NA,NA,25334.999999999996
1217,35,18,bachelor's,female,midwest,not very strong democrat,liberal,too little,oppose,NA,NA,NA,no,no,no,NA,NA,56299.99999999999
1218,31,16,graduate,male,midwest,strong democrat,slightly liberal,too little,favor,favor,NA,NA,yes,no,yes,no,no,1126
1219,55,16,graduate,female,midwest,strong republican,conservative,too little,NA,oppose,NA,NA,NA,NA,NA,yes,no,21112.499999999996
1220,39,10,high school,male,midwest,strong democrat,extremely liberal,too little,NA,favor,NA,NA,NA,NA,NA,no,no,38002.49999999999
1221,70,12,high school,male,midwest,"independent (neither, no response)",NA,too little,NA,favor,NA,NA,NA,NA,NA,no,yes,NA
1222,33,16,bachelor's,female,midwest,not very strong republican,slightly conservative,too little,favor,NA,NA,NA,yes,no,yes,NA,NA,21112.499999999996
1223,43,18,graduate,female,midwest,"independent (neither, no response)","moderate, middle of the road",about right,favor,oppose,NA,NA,yes,no,yes,yes,yes,139024.36558999997
1224,73,14,high school,male,midwest,"independent (neither, no response)",conservative,too much,NA,favor,NA,NA,NA,NA,NA,no,yes,18297.5
1225,58,17,bachelor's,male,midwest,not very strong republican,conservative,too little,NA,oppose,NA,NA,NA,NA,NA,no,yes,139024.36558999997
1226,69,12,high school,female,midwest,not very strong republican,conservative,too little,NA,favor,NA,NA,NA,NA,NA,no,yes,NA
1227,76,20,graduate,male,midwest,strong democrat,slightly liberal,too little,oppose,NA,NA,NA,no,no,yes,NA,NA,139024.36558999997
1228,58,14,less than high school,female,midwest,strong republican,"moderate, middle of the road",NA,NA,oppose,NA,NA,NA,NA,NA,no,yes,NA
1229,64,12,high school,female,midwest,not very strong republican,conservative,about right,favor,NA,NA,should not be legal,no,no,yes,NA,NA,30964.999999999996
1230,69,12,high school,female,midwest,strong democrat,liberal,too little,NA,NA,NA,NA,yes,no,yes,NA,NA,7741.249999999999
1231,68,14,high school,female,midwest,strong republican,conservative,too little,NA,oppose,NA,NA,NA,NA,NA,no,yes,46447.49999999999
1232,18,11,less than high school,male,midwest,"independent (neither, no response)","moderate, middle of the road",NA,favor,NA,not harshly enough,should be legal,NA,NA,NA,NA,NA,56299.99999999999
1233,85,13,high school,male,midwest,not very strong republican,slightly liberal,too little,NA,favor,NA,NA,NA,NA,NA,no,yes,38002.49999999999
1234,74,16,bachelor's,female,midwest,strong democrat,"moderate, middle of the road",too little,oppose,oppose,not harshly enough,should not be legal,no,no,yes,no,no,21112.499999999996
1235,38,20,graduate,male,midwest,"independent (neither, no response)",slightly liberal,NA,NA,NA,not harshly enough,should be legal,NA,NA,NA,NA,NA,139024.36558999997
1236,85,12,high school,male,midwest,NA,slightly liberal,NA,NA,favor,NA,NA,NA,NA,NA,no,yes,1970.4999999999998
1237,40,20,graduate,male,midwest,not very strong republican,slightly conservative,about right,NA,favor,NA,NA,NA,NA,NA,no,yes,38002.49999999999
1238,31,16,graduate,female,midwest,"independent (neither, no response)","moderate, middle of the road",too little,oppose,NA,NA,NA,yes,no,yes,NA,NA,NA
1239,71,16,graduate,female,midwest,"independent (neither, no response)","moderate, middle of the road",too little,oppose,favor,NA,NA,yes,no,yes,no,no,38002.49999999999
1240,33,17,graduate,male,midwest,not very strong republican,slightly conservative,too little,NA,favor,NA,NA,NA,NA,NA,no,no,139024.36558999997
1241,55,16,graduate,female,midwest,not very strong democrat,"moderate, middle of the road",NA,NA,favor,NA,NA,NA,NA,NA,no,no,67560
1242,60,20,graduate,male,midwest,strong democrat,liberal,about right,oppose,NA,NA,NA,yes,no,no,NA,NA,139024.36558999997
1243,44,19,bachelor's,female,midwest,strong democrat,liberal,about right,NA,oppose,NA,NA,NA,NA,NA,no,NA,139024.36558999997
1244,51,16,bachelor's,female,midwest,strong democrat,liberal,too little,NA,favor,NA,NA,NA,NA,NA,no,no,78819.99999999999
1245,70,18,graduate,male,midwest,"independent, close to republican",slightly liberal,about right,favor,favor,NA,NA,yes,no,yes,no,no,30964.999999999996
1246,39,16,graduate,male,midwest,strong democrat,liberal,NA,oppose,favor,NA,should not be legal,NA,NA,NA,no,no,139024.36558999997
1247,42,18,graduate,male,midwest,strong democrat,liberal,about right,NA,favor,NA,NA,NA,NA,NA,no,no,67560
1248,51,16,bachelor's,female,midwest,not very strong republican,slightly conservative,NA,NA,favor,NA,NA,NA,NA,NA,yes,yes,30964.999999999996
1249,33,16,graduate,male,midwest,strong republican,conservative,too little,NA,oppose,NA,NA,NA,NA,NA,no,no,139024.36558999997
1250,45,14,associate/junior college,female,midwest,"independent, close to republican",slightly conservative,about right,NA,oppose,NA,NA,NA,NA,NA,no,yes,139024.36558999997
1251,73,17,bachelor's,male,midwest,strong republican,conservative,NA,favor,oppose,NA,NA,NA,NA,NA,no,yes,67560
1252,40,16,bachelor's,female,midwest,strong republican,extremely conservative,about right,oppose,favor,NA,NA,yes,no,yes,no,no,25334.999999999996
1253,19,12,high school,male,midwest,"independent (neither, no response)",conservative,NA,favor,NA,NA,NA,NA,NA,NA,NA,NA,NA
1254,37,18,graduate,female,midwest,not very strong republican,slightly conservative,too little,oppose,favor,NA,NA,yes,no,yes,no,yes,139024.36558999997
1255,39,19,graduate,female,midwest,not very strong democrat,slightly liberal,NA,NA,favor,NA,NA,NA,NA,NA,yes,yes,56299.99999999999
1256,41,16,bachelor's,male,midwest,"independent (neither, no response)","moderate, middle of the road",too little,favor,favor,NA,NA,yes,yes,yes,no,yes,139024.36558999997
1257,19,14,high school,female,midwest,"independent, close to democrat",slightly liberal,NA,oppose,favor,NA,NA,NA,NA,NA,yes,no,3096.4999999999995
1258,36,14,high school,male,midwest,"independent, close to democrat",slightly liberal,NA,oppose,favor,NA,NA,NA,NA,NA,no,no,56299.99999999999
1259,36,12,high school,male,midwest,strong republican,conservative,NA,favor,NA,NA,NA,NA,NA,NA,NA,NA,15482.499999999998
1260,69,13,high school,male,midwest,strong democrat,liberal,NA,oppose,oppose,NA,NA,NA,NA,NA,no,no,30964.999999999996
1261,45,12,high school,male,midwest,strong republican,slightly conservative,too little,favor,favor,NA,NA,yes,no,yes,no,no,46447.49999999999
1262,31,16,graduate,female,midwest,not very strong democrat,liberal,too little,NA,favor,NA,NA,NA,NA,NA,yes,no,38002.49999999999
1263,28,17,graduate,female,midwest,"independent (neither, no response)","moderate, middle of the road",about right,NA,favor,NA,NA,NA,NA,NA,no,no,67560
1264,22,16,bachelor's,male,midwest,"independent (neither, no response)","moderate, middle of the road",NA,oppose,NA,about right,should be legal,NA,NA,NA,NA,NA,5066.999999999999
1265,26,16,bachelor's,male,midwest,not very strong republican,slightly conservative,NA,NA,oppose,NA,NA,NA,NA,NA,no,no,38002.49999999999
1266,23,16,bachelor's,male,midwest,not very strong republican,slightly conservative,too much,oppose,favor,NA,NA,yes,no,yes,yes,no,21112.499999999996
1267,78,16,bachelor's,male,west,strong republican,conservative,NA,NA,oppose,NA,NA,NA,NA,NA,no,no,38002.49999999999
1268,38,15,associate/junior college,female,west,"independent (neither, no response)","moderate, middle of the road",too little,favor,favor,NA,NA,yes,yes,yes,yes,yes,25334.999999999996
1269,61,12,high school,male,west,strong democrat,slightly liberal,NA,favor,favor,NA,NA,NA,NA,NA,no,no,10556.249999999998
1270,39,17,bachelor's,male,west,other party,"moderate, middle of the road",NA,NA,favor,NA,NA,NA,NA,NA,no,no,30964.999999999996
1271,20,12,less than high school,male,west,strong republican,slightly liberal,too little,oppose,oppose,NA,NA,no,no,no,yes,no,18297.5
1272,NA,NA,less than high school,NA,west,NA,liberal,NA,favor,NA,NA,NA,NA,NA,NA,NA,NA,NA
1273,31,12,NA,female,west,"independent (neither, no response)","moderate, middle of the road",too little,NA,favor,NA,NA,NA,NA,NA,yes,no,NA
1274,20,8,less than high school,female,west,not very strong republican,slightly conservative,NA,favor,NA,about right,should not be legal,NA,NA,NA,NA,NA,1126
1275,33,11,less than high school,female,west,"independent (neither, no response)",NA,NA,NA,favor,NA,NA,NA,NA,NA,no,no,5066.999999999999
1276,39,12,high school,female,west,"independent, close to democrat",liberal,NA,favor,NA,about right,should not be legal,NA,NA,NA,NA,NA,1970.4999999999998
1277,48,18,graduate,female,west,"independent, close to democrat","moderate, middle of the road",NA,NA,favor,NA,NA,NA,NA,NA,yes,no,139024.36558999997
1278,67,19,bachelor's,female,west,"independent, close to democrat","moderate, middle of the road",about right,NA,favor,NA,NA,NA,NA,NA,no,no,NA
1279,45,12,high school,male,west,"independent (neither, no response)",slightly conservative,too little,oppose,NA,NA,NA,yes,no,yes,NA,NA,NA
1280,33,16,graduate,female,west,"independent, close to democrat",slightly liberal,too little,favor,NA,NA,NA,yes,no,yes,NA,NA,139024.36558999997
1281,32,15,high school,male,west,"independent, close to democrat",slightly liberal,NA,oppose,NA,NA,NA,NA,NA,NA,NA,NA,139024.36558999997
1282,31,9,less than high school,female,west,"independent (neither, no response)",slightly conservative,too little,NA,favor,not harshly enough,should not be legal,no,no,yes,no,no,5066.999999999999
1283,71,4,less than high school,female,west,"independent (neither, no response)",NA,too much,oppose,favor,not harshly enough,NA,no,no,yes,yes,no,281.5
1284,59,16,bachelor's,female,west,not very strong democrat,"moderate, middle of the road",NA,NA,favor,NA,NA,NA,NA,NA,no,no,21112.499999999996
1285,36,17,graduate,male,west,"independent, close to democrat",extremely liberal,too little,NA,favor,NA,NA,NA,NA,NA,yes,no,46447.49999999999
1286,30,16,graduate,female,west,strong democrat,extremely liberal,NA,oppose,favor,NA,NA,NA,NA,NA,yes,no,38002.49999999999
1287,64,16,bachelor's,female,west,strong democrat,liberal,NA,NA,favor,NA,NA,NA,NA,NA,no,no,78819.99999999999
1288,21,14,high school,male,west,"independent (neither, no response)",slightly liberal,NA,NA,favor,NA,NA,NA,NA,NA,no,no,15482.499999999998
1289,37,16,bachelor's,female,west,"independent, close to democrat",liberal,too little,oppose,oppose,NA,NA,yes,no,yes,no,yes,78819.99999999999
1290,44,20,graduate,male,west,strong democrat,liberal,NA,NA,favor,NA,NA,NA,NA,NA,no,no,56299.99999999999
1291,NA,13,associate/junior college,male,west,not very strong democrat,liberal,NA,oppose,NA,not harshly enough,should be legal,NA,NA,NA,NA,NA,38002.49999999999
1292,33,16,bachelor's,female,west,strong democrat,liberal,too much,NA,favor,NA,NA,NA,NA,NA,yes,no,56299.99999999999
1293,77,18,graduate,female,west,strong republican,conservative,about right,favor,NA,not harshly enough,should be legal,yes,no,yes,NA,NA,30964.999999999996
1294,NA,14,high school,female,west,not very strong republican,conservative,too little,NA,NA,NA,NA,NA,no,no,NA,NA,NA
1295,75,17,bachelor's,female,west,"independent (neither, no response)",liberal,about right,oppose,oppose,NA,NA,yes,no,yes,yes,yes,18297.5
1296,51,6,less than high school,male,west,"independent (neither, no response)",slightly conservative,about right,favor,favor,NA,NA,no,no,yes,yes,no,NA
1297,53,14,high school,female,west,not very strong republican,"moderate, middle of the road",too little,favor,oppose,NA,NA,yes,no,no,yes,yes,90079.99999999999
1298,37,17,high school,male,west,strong republican,extremely conservative,NA,favor,NA,NA,NA,NA,NA,NA,NA,NA,56299.99999999999
1299,73,15,high school,male,west,strong republican,slightly conservative,NA,oppose,NA,not harshly enough,NA,NA,NA,NA,NA,NA,21112.499999999996
1300,31,16,bachelor's,female,west,strong republican,extremely conservative,NA,oppose,oppose,not harshly enough,should not be legal,NA,NA,NA,no,no,NA
1301,35,17,bachelor's,male,west,"independent, close to democrat",slightly conservative,NA,favor,NA,NA,NA,NA,NA,NA,NA,NA,30964.999999999996
1302,NA,19,graduate,male,west,strong democrat,liberal,NA,NA,favor,NA,NA,NA,NA,NA,no,no,56299.99999999999
1303,NA,16,bachelor's,male,west,"independent (neither, no response)","moderate, middle of the road",too little,favor,NA,NA,NA,yes,NA,yes,NA,NA,NA
1304,20,15,high school,female,west,not very strong democrat,slightly liberal,NA,NA,favor,NA,NA,NA,NA,NA,no,no,NA
1305,44,20,graduate,female,west,"independent, close to democrat",slightly liberal,NA,favor,favor,NA,NA,NA,NA,NA,no,no,139024.36558999997
1306,30,20,graduate,male,west,"independent (neither, no response)",slightly liberal,NA,favor,favor,NA,NA,NA,NA,NA,no,no,21112.499999999996
1307,39,15,associate/junior college,male,west,strong democrat,liberal,NA,NA,favor,NA,NA,NA,NA,NA,no,no,139024.36558999997
1308,35,16,bachelor's,female,west,not very strong democrat,slightly liberal,too little,NA,favor,NA,NA,NA,NA,NA,no,no,139024.36558999997
1309,89,18,bachelor's,male,west,"independent (neither, no response)","moderate, middle of the road",NA,favor,NA,NA,NA,NA,NA,NA,NA,NA,56299.99999999999
1310,46,16,bachelor's,male,west,"independent, close to republican",slightly conservative,NA,favor,NA,not harshly enough,should not be legal,NA,NA,NA,NA,NA,139024.36558999997
1311,72,16,bachelor's,female,west,strong democrat,liberal,about right,oppose,favor,NA,NA,no,no,no,no,no,46447.49999999999
1312,50,12,high school,female,west,"independent (neither, no response)",extremely liberal,too little,NA,favor,NA,NA,NA,NA,NA,no,no,56299.99999999999
1313,71,12,high school,female,west,strong democrat,conservative,about right,oppose,NA,not harshly enough,should not be legal,no,no,no,NA,NA,13371.249999999998
1314,85,14,high school,male,west,"independent, close to democrat",liberal,NA,NA,favor,NA,NA,NA,NA,NA,no,yes,25334.999999999996
1315,45,16,bachelor's,female,west,not very strong democrat,slightly liberal,too little,oppose,favor,NA,NA,yes,no,yes,no,no,281.5
1316,70,16,bachelor's,female,west,strong democrat,slightly liberal,too little,oppose,NA,NA,NA,yes,no,yes,NA,NA,56299.99999999999
1317,82,12,high school,female,west,"independent (neither, no response)",slightly conservative,NA,favor,NA,NA,should not be legal,NA,NA,NA,NA,NA,15482.499999999998
1318,60,16,bachelor's,male,west,strong democrat,"moderate, middle of the road",NA,NA,favor,NA,NA,NA,NA,NA,no,no,67560
1319,85,16,graduate,male,west,"independent (neither, no response)","moderate, middle of the road",NA,favor,favor,NA,NA,NA,NA,NA,no,yes,NA
1320,40,17,bachelor's,female,west,"independent, close to democrat",slightly liberal,NA,favor,NA,NA,NA,NA,NA,NA,NA,NA,NA
1321,44,19,graduate,male,west,strong democrat,extremely liberal,about right,oppose,NA,too harshly,should be legal,yes,no,yes,NA,NA,139024.36558999997
1322,36,14,associate/junior college,male,west,"independent (neither, no response)","moderate, middle of the road",NA,favor,favor,NA,NA,NA,NA,NA,no,yes,78819.99999999999
1323,79,12,high school,male,west,strong democrat,extremely liberal,about right,NA,favor,NA,NA,NA,NA,NA,no,yes,11963.749999999998
1324,45,14,associate/junior college,male,west,other party,"moderate, middle of the road",NA,NA,oppose,NA,NA,NA,NA,NA,no,no,25334.999999999996
1325,39,20,bachelor's,female,west,not very strong democrat,liberal,too little,NA,favor,NA,NA,NA,NA,NA,no,yes,56299.99999999999
1326,46,12,high school,female,west,not very strong democrat,liberal,about right,NA,favor,NA,NA,NA,NA,NA,no,no,90079.99999999999
1327,63,16,bachelor's,female,west,strong democrat,slightly liberal,about right,oppose,favor,NA,NA,yes,no,yes,no,yes,67560
1328,58,18,graduate,female,west,strong democrat,liberal,NA,oppose,NA,NA,NA,NA,NA,NA,NA,NA,30964.999999999996
1329,68,13,high school,female,west,not very strong republican,"moderate, middle of the road",NA,favor,favor,not harshly enough,should be legal,NA,NA,NA,yes,no,78819.99999999999
1330,80,17,bachelor's,female,west,strong democrat,liberal,NA,oppose,NA,NA,should be legal,NA,NA,NA,NA,NA,78819.99999999999
1331,77,12,high school,female,west,other party,"moderate, middle of the road",NA,NA,favor,not harshly enough,should be legal,NA,NA,NA,NA,no,NA
1332,32,17,high school,female,west,not very strong democrat,liberal,NA,favor,NA,NA,NA,NA,NA,NA,NA,NA,11963.749999999998
1333,39,18,bachelor's,male,west,strong democrat,slightly liberal,NA,oppose,favor,NA,NA,yes,no,yes,no,no,67560
1334,37,18,graduate,female,west,not very strong democrat,slightly liberal,too little,NA,favor,NA,NA,NA,NA,NA,yes,yes,78819.99999999999
1335,79,18,graduate,male,west,strong democrat,liberal,too little,NA,favor,NA,NA,NA,NA,NA,yes,no,67560
1336,83,15,associate/junior college,female,west,"independent, close to democrat","moderate, middle of the road",NA,oppose,favor,NA,NA,NA,NA,NA,yes,no,30964.999999999996
1337,60,14,associate/junior college,male,west,not very strong democrat,liberal,too little,oppose,favor,NA,NA,no,no,yes,no,no,21112.499999999996
1338,80,12,high school,female,west,not very strong democrat,"moderate, middle of the road",too little,NA,favor,NA,NA,NA,NA,NA,no,no,38002.49999999999
1339,65,15,high school,female,west,"independent (neither, no response)",slightly liberal,NA,oppose,NA,not harshly enough,should be legal,NA,NA,NA,NA,NA,6333.749999999999
1340,42,17,bachelor's,male,west,"independent, close to democrat",liberal,NA,NA,favor,NA,NA,NA,NA,NA,yes,yes,67560
1341,89,18,graduate,female,west,strong democrat,"moderate, middle of the road",too little,oppose,favor,about right,should be legal,no,no,yes,no,no,21112.499999999996
1342,64,16,graduate,female,west,strong democrat,liberal,NA,oppose,favor,NA,NA,NA,NA,NA,no,no,139024.36558999997
1343,34,16,graduate,male,west,not very strong democrat,liberal,NA,favor,favor,NA,should be legal,NA,NA,NA,no,yes,56299.99999999999
1344,67,14,high school,female,west,not very strong republican,slightly conservative,NA,favor,oppose,NA,NA,NA,NA,NA,no,yes,38002.49999999999
1345,76,16,bachelor's,female,west,"independent, close to democrat",slightly liberal,NA,NA,oppose,NA,NA,NA,NA,NA,no,yes,56299.99999999999
1346,27,12,high school,male,west,not very strong republican,slightly conservative,too little,favor,NA,NA,NA,yes,no,yes,NA,NA,78819.99999999999
1347,41,14,high school,male,west,"independent (neither, no response)","moderate, middle of the road",about right,oppose,NA,about right,should be legal,yes,no,yes,NA,NA,25334.999999999996
1348,53,17,bachelor's,male,west,"independent, close to republican",slightly conservative,NA,favor,NA,NA,NA,NA,NA,NA,NA,NA,139024.36558999997
1349,55,13,high school,male,west,not very strong republican,conservative,too little,NA,oppose,NA,NA,NA,NA,NA,no,yes,78819.99999999999
1350,46,14,high school,female,west,strong republican,conservative,NA,favor,oppose,NA,NA,NA,NA,NA,no,no,NA
1351,40,14,high school,male,west,other party,conservative,NA,favor,NA,NA,NA,NA,NA,NA,NA,NA,56299.99999999999
1352,47,16,bachelor's,female,west,strong democrat,extremely liberal,about right,oppose,favor,NA,NA,yes,no,yes,yes,no,6333.749999999999
1353,36,14,high school,female,west,strong republican,conservative,too little,favor,NA,NA,NA,yes,no,yes,NA,NA,67560
1354,35,16,bachelor's,female,west,"independent (neither, no response)","moderate, middle of the road",too little,NA,favor,NA,NA,NA,NA,NA,no,no,NA
1355,42,16,bachelor's,female,west,NA,NA,NA,oppose,favor,not harshly enough,NA,NA,NA,NA,no,yes,5066.999999999999
1356,72,14,high school,male,south,strong democrat,liberal,about right,oppose,favor,NA,NA,yes,no,yes,no,no,30964.999999999996
1357,45,10,high school,female,south,"independent (neither, no response)","moderate, middle of the road",NA,favor,favor,NA,should be legal,NA,NA,NA,yes,no,11963.749999999998
1358,70,16,bachelor's,male,south,"independent, close to republican",slightly conservative,too little,favor,NA,not harshly enough,should be legal,yes,no,yes,NA,NA,30964.999999999996
1359,27,14,high school,male,south,"independent, close to democrat","moderate, middle of the road",NA,NA,NA,NA,should be legal,NA,NA,NA,NA,NA,56299.99999999999
1360,25,15,associate/junior college,male,south,not very strong republican,conservative,NA,NA,favor,NA,NA,NA,NA,NA,no,yes,30964.999999999996
1361,53,18,graduate,female,south,strong republican,slightly conservative,NA,oppose,oppose,not harshly enough,NA,NA,NA,NA,no,yes,56299.99999999999
1362,52,19,graduate,female,south,"independent (neither, no response)","moderate, middle of the road",NA,NA,oppose,NA,NA,NA,NA,NA,yes,yes,90079.99999999999
1363,32,16,graduate,male,south,not very strong democrat,liberal,too much,NA,favor,NA,NA,NA,NA,NA,yes,no,139024.36558999997
1364,74,12,high school,male,south,strong democrat,slightly liberal,NA,oppose,favor,about right,should be legal,NA,NA,NA,no,yes,21112.499999999996
1365,24,12,high school,male,south,"independent, close to republican","moderate, middle of the road",NA,NA,favor,NA,NA,NA,NA,NA,yes,no,139024.36558999997
1366,30,16,bachelor's,male,south,strong republican,slightly conservative,too little,favor,NA,NA,NA,yes,no,yes,NA,NA,56299.99999999999
1367,30,16,bachelor's,male,south,other party,slightly conservative,too much,oppose,oppose,NA,NA,yes,no,yes,yes,no,38002.49999999999
1368,31,12,high school,male,south,"independent (neither, no response)","moderate, middle of the road",too little,favor,oppose,NA,NA,no,no,yes,no,no,30964.999999999996
1369,86,18,high school,male,south,"independent (neither, no response)","moderate, middle of the road",NA,NA,NA,NA,NA,NA,NA,NA,no,no,139024.36558999997
1370,89,12,high school,female,south,strong democrat,slightly liberal,too little,NA,favor,NA,NA,NA,NA,NA,yes,no,25334.999999999996
1371,50,18,graduate,female,south,strong democrat,liberal,NA,oppose,NA,NA,NA,NA,NA,NA,NA,NA,30964.999999999996
1372,45,13,high school,female,south,"independent (neither, no response)","moderate, middle of the road",NA,favor,NA,NA,NA,NA,NA,NA,NA,NA,18297.5
1373,42,16,bachelor's,male,south,"independent (neither, no response)","moderate, middle of the road",NA,favor,NA,NA,NA,NA,NA,NA,NA,NA,78819.99999999999
1374,58,14,high school,female,south,"independent, close to democrat",liberal,about right,NA,favor,NA,NA,NA,NA,NA,yes,no,46447.49999999999
1375,41,14,high school,female,south,strong republican,conservative,NA,favor,NA,NA,NA,NA,NA,NA,NA,NA,56299.99999999999
1376,33,14,associate/junior college,female,south,not very strong republican,"moderate, middle of the road",NA,favor,NA,not harshly enough,should be legal,NA,NA,NA,NA,NA,38002.49999999999
1377,63,12,high school,female,south,strong republican,NA,too little,oppose,favor,NA,NA,no,no,yes,yes,yes,21112.499999999996
1378,68,12,high school,male,south,"independent, close to democrat",slightly liberal,NA,favor,favor,too harshly,should be legal,NA,NA,NA,no,no,46447.49999999999
1379,60,13,high school,male,south,not very strong republican,conservative,too little,NA,oppose,NA,NA,NA,NA,NA,no,yes,90079.99999999999
1380,54,12,high school,male,south,"independent, close to republican","moderate, middle of the road",NA,favor,NA,not harshly enough,should not be legal,NA,NA,NA,NA,NA,90079.99999999999
1381,55,16,bachelor's,female,south,strong republican,slightly conservative,NA,NA,oppose,NA,NA,NA,NA,NA,no,yes,78819.99999999999
1382,47,20,graduate,female,south,other party,slightly conservative,too little,NA,oppose,too harshly,should be legal,yes,no,yes,yes,no,25334.999999999996
1383,75,12,high school,female,south,strong republican,extremely conservative,too little,NA,favor,NA,NA,NA,NA,NA,yes,yes,56299.99999999999
1384,38,15,associate/junior college,male,south,"independent, close to democrat",slightly liberal,too much,oppose,NA,NA,NA,yes,no,yes,NA,NA,30964.999999999996
1385,42,15,high school,female,south,"independent (neither, no response)",slightly conservative,NA,favor,NA,NA,NA,NA,NA,NA,NA,NA,5066.999999999999
1386,39,8,less than high school,female,south,"independent (neither, no response)","moderate, middle of the road",too much,NA,favor,NA,NA,NA,NA,NA,no,no,NA
1387,73,14,high school,male,south,strong democrat,liberal,too little,oppose,favor,not harshly enough,should be legal,no,no,yes,no,no,139024.36558999997
1388,55,2,less than high school,male,south,strong republican,conservative,about right,NA,favor,NA,NA,NA,NA,NA,no,refused,11963.749999999998
1389,48,5,less than high school,male,south,not very strong democrat,conservative,NA,NA,oppose,NA,NA,NA,NA,NA,yes,no,1970.4999999999998
1390,37,18,graduate,male,south,"independent (neither, no response)","moderate, middle of the road",too much,NA,oppose,NA,NA,NA,NA,NA,yes,yes,139024.36558999997
1391,59,14,associate/junior college,female,south,"independent, close to democrat",NA,NA,favor,NA,not harshly enough,should be legal,NA,NA,NA,NA,NA,78819.99999999999
1392,80,14,high school,female,midwest,"independent, close to democrat","moderate, middle of the road",NA,favor,favor,not harshly enough,should be legal,NA,NA,NA,yes,yes,30964.999999999996
1393,55,12,high school,female,midwest,"independent (neither, no response)","moderate, middle of the road",too little,favor,favor,NA,should be legal,yes,no,yes,no,no,67560
1394,24,12,high school,male,midwest,"independent (neither, no response)","moderate, middle of the road",too little,NA,oppose,NA,NA,NA,NA,NA,no,yes,56299.99999999999
1395,59,14,high school,female,midwest,strong democrat,extremely liberal,NA,favor,favor,NA,NA,NA,NA,NA,no,yes,46447.49999999999
1396,38,12,high school,male,midwest,strong republican,slightly conservative,NA,favor,oppose,NA,NA,NA,NA,NA,no,yes,67560
1397,54,16,bachelor's,male,midwest,strong republican,extremely conservative,NA,favor,NA,not harshly enough,should not be legal,NA,NA,NA,NA,NA,139024.36558999997
1398,59,12,high school,female,midwest,"independent, close to democrat","moderate, middle of the road",too little,favor,NA,NA,NA,no,no,no,NA,NA,56299.99999999999
1399,64,16,bachelor's,male,midwest,other party,conservative,too little,NA,oppose,NA,NA,NA,NA,NA,no,yes,11963.749999999998
1400,35,18,graduate,male,midwest,strong republican,conservative,NA,NA,oppose,NA,NA,NA,NA,NA,no,no,90079.99999999999
1401,67,16,bachelor's,male,midwest,not very strong republican,conservative,NA,oppose,favor,about right,NA,NA,NA,NA,no,refused,38002.49999999999
1402,60,14,associate/junior college,female,midwest,"independent, close to republican",conservative,about right,favor,favor,not harshly enough,should be legal,no,no,yes,no,no,56299.99999999999
1403,35,12,high school,male,midwest,not very strong republican,slightly conservative,NA,NA,favor,NA,NA,NA,NA,NA,no,no,25334.999999999996
1404,43,14,high school,female,midwest,"independent (neither, no response)",conservative,too little,NA,favor,NA,NA,NA,NA,NA,no,no,25334.999999999996
1405,49,15,high school,female,midwest,strong democrat,extremely liberal,too little,NA,favor,NA,NA,NA,NA,NA,no,no,1126
1406,79,14,associate/junior college,female,midwest,strong democrat,conservative,too little,oppose,favor,not harshly enough,should be legal,no,no,no,yes,yes,13371.249999999998
1407,64,12,high school,female,midwest,strong democrat,"moderate, middle of the road",NA,oppose,NA,NA,NA,NA,NA,NA,NA,NA,10556.249999999998
1408,69,13,high school,female,midwest,strong democrat,"moderate, middle of the road",too little,NA,favor,NA,NA,NA,NA,NA,no,no,21112.499999999996
1409,48,13,high school,female,midwest,"independent (neither, no response)",slightly liberal,NA,NA,oppose,NA,NA,NA,NA,NA,yes,no,25334.999999999996
1410,21,12,high school,male,midwest,"independent (neither, no response)",slightly liberal,NA,NA,oppose,not harshly enough,should be legal,NA,NA,NA,no,no,15482.499999999998
1411,44,12,high school,female,midwest,"independent, close to democrat","moderate, middle of the road",NA,NA,favor,NA,NA,NA,NA,NA,yes,no,10556.249999999998
1412,40,11,less than high school,female,midwest,"independent (neither, no response)",NA,too little,favor,oppose,NA,NA,no,no,no,yes,yes,NA
1413,28,8,less than high school,female,midwest,"independent (neither, no response)","moderate, middle of the road",NA,oppose,favor,NA,NA,NA,NA,NA,yes,no,7741.249999999999
1414,41,12,high school,male,midwest,"independent (neither, no response)","moderate, middle of the road",too little,NA,favor,NA,NA,NA,NA,NA,yes,no,25334.999999999996
1415,78,15,associate/junior college,male,midwest,not very strong democrat,liberal,NA,NA,favor,about right,NA,NA,NA,NA,no,no,7741.249999999999
1416,NA,11,less than high school,female,midwest,"independent (neither, no response)","moderate, middle of the road",NA,NA,oppose,NA,NA,NA,NA,NA,no,refused,281.5
1417,89,10,less than high school,female,midwest,strong democrat,"moderate, middle of the road",too little,favor,NA,NA,NA,yes,yes,no,NA,NA,6333.749999999999
1418,56,15,high school,male,midwest,"independent, close to democrat",NA,NA,oppose,NA,NA,NA,NA,NA,NA,NA,NA,NA
1419,45,16,bachelor's,female,midwest,not very strong democrat,"moderate, middle of the road",too little,favor,favor,not harshly enough,should not be legal,yes,no,yes,no,no,46447.49999999999
1420,55,6,less than high school,female,midwest,strong democrat,extremely liberal,NA,NA,favor,NA,NA,NA,NA,NA,yes,no,9148.75
1421,64,14,high school,female,midwest,strong democrat,conservative,too little,NA,favor,NA,NA,NA,NA,NA,yes,no,15482.499999999998
1422,66,7,less than high school,male,midwest,"independent (neither, no response)",extremely conservative,too little,oppose,favor,not harshly enough,should not be legal,yes,yes,yes,yes,no,7741.249999999999
1423,32,12,less than high school,female,midwest,"independent (neither, no response)",extremely conservative,NA,NA,favor,NA,NA,NA,NA,NA,no,no,13371.249999999998
1424,41,11,high school,male,midwest,"independent (neither, no response)",extremely conservative,NA,oppose,oppose,not harshly enough,should be legal,NA,NA,NA,no,no,5066.999999999999
1425,56,10,less than high school,female,midwest,strong democrat,slightly conservative,NA,oppose,oppose,NA,NA,NA,NA,NA,no,yes,30964.999999999996
1426,57,15,associate/junior college,male,midwest,strong democrat,"moderate, middle of the road",NA,NA,NA,NA,NA,NA,NA,yes,NA,NA,30964.999999999996
1427,39,16,bachelor's,female,south,"independent (neither, no response)","moderate, middle of the road",too little,oppose,favor,NA,NA,no,no,no,yes,no,NA
1428,64,16,bachelor's,female,south,"independent (neither, no response)",slightly conservative,too little,favor,oppose,NA,NA,yes,no,yes,no,yes,NA
1429,18,12,less than high school,female,south,not very strong democrat,"moderate, middle of the road",NA,oppose,NA,NA,NA,NA,NA,NA,NA,NA,NA
1430,48,16,bachelor's,male,south,not very strong republican,conservative,about right,favor,NA,about right,should be legal,no,no,yes,NA,NA,56299.99999999999
1431,47,12,high school,male,south,"independent, close to democrat",liberal,NA,favor,favor,about right,should be legal,NA,NA,NA,no,no,139024.36558999997
1432,68,16,bachelor's,female,south,"independent, close to democrat",slightly conservative,too little,oppose,favor,NA,NA,yes,no,yes,no,no,46447.49999999999
1433,65,14,high school,male,south,"independent, close to republican",conservative,about right,oppose,oppose,about right,should not be legal,yes,no,yes,no,yes,18297.5
1434,28,8,less than high school,female,south,"independent, close to democrat",liberal,too little,NA,NA,NA,should be legal,no,no,no,NA,NA,NA
1435,48,8,less than high school,male,south,not very strong republican,slightly conservative,NA,favor,NA,NA,NA,NA,NA,NA,NA,NA,56299.99999999999
1436,67,14,high school,female,south,strong republican,slightly liberal,too little,favor,favor,NA,NA,yes,no,yes,no,yes,9148.75
1437,28,13,high school,female,south,not very strong republican,"moderate, middle of the road",too little,NA,favor,NA,NA,NA,NA,NA,no,yes,30964.999999999996
1438,66,12,high school,female,south,strong republican,"moderate, middle of the road",NA,favor,favor,not harshly enough,should not be legal,NA,NA,NA,yes,no,6333.749999999999
1439,25,12,high school,male,south,"independent (neither, no response)","moderate, middle of the road",NA,NA,favor,NA,NA,NA,NA,NA,no,no,25334.999999999996
1440,50,12,high school,male,south,strong republican,"moderate, middle of the road",too little,NA,favor,NA,NA,NA,NA,NA,no,no,38002.49999999999
1441,20,12,high school,male,south,"independent (neither, no response)",slightly liberal,about right,oppose,NA,too harshly,NA,no,no,yes,NA,NA,2533.4999999999995
1442,89,12,high school,female,south,strong republican,conservative,NA,NA,favor,NA,NA,NA,NA,NA,no,no,38002.49999999999
1443,60,12,high school,female,south,strong republican,conservative,NA,favor,favor,NA,NA,NA,NA,NA,no,no,281.5
1444,59,15,high school,male,south,strong republican,conservative,too little,favor,oppose,not harshly enough,should be legal,yes,no,yes,no,yes,25334.999999999996
1445,21,11,less than high school,male,south,"independent, close to democrat","moderate, middle of the road",too little,NA,favor,NA,NA,NA,NA,NA,no,yes,18297.5
1446,56,17,bachelor's,female,south,"independent, close to democrat",extremely liberal,too little,oppose,NA,NA,NA,yes,no,yes,NA,NA,1126
1447,66,16,bachelor's,male,south,"independent (neither, no response)","moderate, middle of the road",too little,favor,favor,about right,should be legal,no,no,yes,no,yes,67560
1448,37,18,bachelor's,male,south,"independent, close to democrat",slightly liberal,NA,favor,favor,NA,should be legal,NA,NA,NA,no,no,56299.99999999999
1449,85,12,high school,male,south,strong democrat,liberal,too little,oppose,NA,too harshly,should be legal,no,no,no,NA,NA,21112.499999999996
1450,68,16,high school,female,south,"independent, close to democrat",conservative,NA,NA,favor,NA,NA,NA,NA,NA,yes,no,67560
1451,NA,17,bachelor's,female,south,"independent (neither, no response)","moderate, middle of the road",NA,NA,favor,NA,NA,NA,NA,NA,no,no,30964.999999999996
1452,61,16,bachelor's,female,south,strong democrat,"moderate, middle of the road",NA,NA,favor,NA,NA,NA,NA,NA,no,yes,67560
1453,37,18,graduate,female,south,"independent (neither, no response)",slightly conservative,about right,oppose,NA,NA,NA,yes,yes,no,NA,NA,38002.49999999999
1454,69,12,high school,female,south,"independent, close to republican",conservative,too little,NA,favor,NA,NA,NA,NA,NA,no,no,56299.99999999999
1455,74,12,high school,female,south,"independent, close to republican","moderate, middle of the road",NA,NA,NA,NA,NA,NA,NA,NA,yes,yes,21112.499999999996
1456,31,10,less than high school,female,south,NA,"moderate, middle of the road",NA,favor,NA,NA,NA,NA,NA,NA,NA,NA,281.5
1457,74,12,high school,female,south,"independent (neither, no response)","moderate, middle of the road",about right,oppose,oppose,not harshly enough,should be legal,no,no,yes,no,no,10556.249999999998
1458,22,15,high school,female,south,not very strong democrat,slightly liberal,NA,oppose,oppose,about right,should be legal,NA,NA,NA,yes,yes,281.5
1459,49,12,high school,female,south,"independent (neither, no response)","moderate, middle of the road",NA,NA,oppose,not harshly enough,should be legal,NA,NA,NA,no,yes,21112.499999999996
1460,35,19,graduate,female,west,strong democrat,liberal,NA,oppose,NA,NA,NA,NA,NA,NA,NA,NA,139024.36558999997
1461,NA,19,graduate,male,west,strong democrat,liberal,NA,favor,NA,NA,NA,NA,NA,NA,NA,NA,38002.49999999999
1462,33,16,bachelor's,female,west,"independent, close to democrat","moderate, middle of the road",about right,favor,NA,about right,should not be legal,yes,no,yes,NA,NA,139024.36558999997
1463,69,16,bachelor's,female,west,not very strong democrat,liberal,too little,favor,NA,NA,NA,no,no,yes,NA,NA,139024.36558999997
1464,75,18,graduate,male,west,"independent, close to democrat","moderate, middle of the road",about right,oppose,NA,NA,NA,yes,no,yes,NA,NA,67560
1465,36,20,graduate,male,west,not very strong democrat,slightly liberal,NA,oppose,NA,NA,NA,NA,NA,NA,NA,NA,139024.36558999997
1466,41,12,high school,female,west,"independent, close to democrat",slightly conservative,too little,NA,favor,NA,NA,NA,NA,NA,no,no,46447.49999999999
1467,67,16,bachelor's,female,west,not very strong republican,"moderate, middle of the road",too little,NA,favor,NA,NA,NA,NA,NA,no,no,78819.99999999999
1468,39,14,associate/junior college,male,west,not very strong democrat,slightly liberal,about right,oppose,NA,NA,NA,yes,no,yes,NA,NA,139024.36558999997
1469,60,17,bachelor's,male,west,"independent (neither, no response)",slightly conservative,about right,favor,NA,NA,NA,yes,no,yes,NA,NA,139024.36558999997
1470,47,16,bachelor's,female,west,"independent, close to democrat","moderate, middle of the road",NA,favor,NA,NA,NA,NA,NA,NA,NA,NA,90079.99999999999
1471,49,16,graduate,female,west,strong democrat,liberal,NA,oppose,favor,NA,NA,NA,NA,NA,no,no,139024.36558999997
1472,71,11,high school,male,west,"independent (neither, no response)","moderate, middle of the road",too little,favor,favor,NA,NA,yes,no,no,no,no,NA
1473,50,16,bachelor's,male,west,not very strong democrat,liberal,NA,favor,NA,NA,NA,NA,NA,NA,NA,NA,56299.99999999999
1474,69,12,less than high school,female,west,"independent (neither, no response)",NA,NA,NA,NA,NA,NA,NA,NA,NA,yes,no,9148.75
1475,43,10,high school,male,west,"independent (neither, no response)","moderate, middle of the road",too little,favor,NA,NA,should be legal,yes,no,yes,NA,NA,90079.99999999999
1476,64,12,high school,female,west,"independent (neither, no response)","moderate, middle of the road",too little,oppose,oppose,NA,NA,no,no,no,no,no,NA
1477,72,11,less than high school,male,west,strong democrat,"moderate, middle of the road",too little,NA,oppose,NA,NA,NA,NA,NA,no,yes,9148.75
1478,74,12,high school,male,west,strong democrat,slightly liberal,about right,favor,favor,about right,should be legal,yes,no,yes,no,no,15482.499999999998
1479,18,12,high school,female,west,"independent, close to republican","moderate, middle of the road",NA,oppose,favor,NA,NA,NA,NA,NA,yes,yes,NA
1480,82,12,high school,female,west,not very strong republican,conservative,too little,favor,favor,not harshly enough,should not be legal,yes,no,yes,yes,no,25334.999999999996
1481,45,12,less than high school,female,west,not very strong republican,"moderate, middle of the road",about right,NA,favor,NA,NA,NA,NA,NA,no,no,46447.49999999999
1482,21,12,high school,female,west,"independent (neither, no response)",slightly liberal,about right,favor,NA,NA,NA,no,no,yes,NA,NA,NA
1483,31,16,bachelor's,male,west,not very strong republican,slightly conservative,NA,favor,favor,NA,NA,NA,NA,NA,no,yes,67560
1484,NA,NA,less than high school,NA,west,NA,NA,NA,oppose,oppose,NA,NA,NA,NA,NA,no,no,NA
1485,70,18,graduate,male,west,strong republican,conservative,too much,NA,favor,NA,NA,NA,NA,NA,no,yes,56299.99999999999
1486,39,20,graduate,male,west,other party,slightly conservative,too little,oppose,oppose,about right,should be legal,yes,no,no,no,refused,46447.49999999999
1487,80,17,bachelor's,male,west,strong republican,conservative,too little,favor,NA,NA,NA,yes,no,yes,NA,NA,30964.999999999996
1488,31,11,less than high school,female,west,"independent (neither, no response)","moderate, middle of the road",about right,favor,oppose,not harshly enough,should not be legal,NA,yes,yes,no,yes,46447.49999999999
1489,61,14,high school,male,west,not very strong democrat,slightly liberal,NA,NA,favor,NA,NA,NA,NA,NA,no,no,38002.49999999999
1490,45,12,high school,female,west,strong democrat,liberal,NA,favor,favor,NA,NA,NA,NA,NA,no,no,46447.49999999999
1491,34,18,bachelor's,male,west,"independent, close to republican","moderate, middle of the road",too little,favor,oppose,NA,NA,yes,no,yes,no,no,46447.49999999999
1492,32,16,bachelor's,female,west,strong republican,conservative,too little,favor,oppose,NA,NA,yes,no,yes,no,yes,139024.36558999997
1493,36,14,high school,female,west,not very strong republican,slightly conservative,too little,NA,favor,NA,NA,NA,NA,NA,no,yes,46447.49999999999
1494,32,12,high school,female,west,"independent (neither, no response)",slightly conservative,NA,favor,NA,NA,NA,NA,NA,NA,NA,NA,21112.499999999996
1495,36,14,high school,male,west,"independent (neither, no response)","moderate, middle of the road",NA,NA,oppose,NA,NA,NA,NA,NA,no,yes,38002.49999999999
1496,48,20,graduate,male,west,not very strong republican,slightly conservative,NA,NA,oppose,NA,NA,NA,NA,NA,no,yes,139024.36558999997
1497,65,14,associate/junior college,female,midwest,not very strong republican,"moderate, middle of the road",NA,favor,oppose,not harshly enough,should be legal,NA,NA,NA,no,yes,56299.99999999999
1498,34,15,high school,female,midwest,"independent, close to democrat",slightly liberal,too little,oppose,NA,about right,should be legal,no,no,no,NA,NA,11963.749999999998
1499,38,14,associate/junior college,female,midwest,"independent (neither, no response)",slightly liberal,about right,oppose,NA,NA,NA,no,no,no,NA,NA,281.5
1500,34,20,graduate,male,midwest,"independent, close to republican",conservative,too little,favor,favor,NA,NA,yes,no,yes,no,no,67560
1501,55,18,associate/junior college,female,midwest,"independent, close to republican","moderate, middle of the road",too little,NA,favor,NA,NA,NA,NA,NA,yes,no,18297.5
1502,41,15,high school,female,midwest,"independent (neither, no response)","moderate, middle of the road",NA,favor,NA,NA,NA,NA,NA,NA,NA,NA,30964.999999999996
1503,42,12,high school,male,midwest,"independent (neither, no response)","moderate, middle of the road",NA,NA,favor,NA,NA,NA,NA,NA,no,no,281.5
1504,26,12,high school,female,midwest,"independent (neither, no response)","moderate, middle of the road",NA,oppose,NA,NA,should be legal,NA,NA,NA,NA,NA,1126
1505,63,11,high school,female,midwest,"independent, close to democrat",liberal,NA,NA,favor,NA,NA,NA,NA,NA,no,no,6333.749999999999
1506,52,12,high school,male,midwest,strong republican,extremely conservative,too little,favor,favor,not harshly enough,should be legal,NA,no,yes,no,yes,NA
1507,45,14,high school,female,midwest,not very strong democrat,"moderate, middle of the road",NA,oppose,oppose,NA,should be legal,NA,NA,NA,no,no,281.5
1508,67,16,bachelor's,male,midwest,"independent, close to republican",extremely conservative,too much,NA,oppose,NA,NA,NA,NA,NA,yes,no,9148.75
1509,22,9,less than high school,female,midwest,"independent (neither, no response)","moderate, middle of the road",too little,oppose,favor,about right,should be legal,yes,no,yes,yes,no,1126
1510,26,13,high school,female,midwest,"independent (neither, no response)","moderate, middle of the road",too little,NA,favor,NA,NA,NA,NA,NA,no,no,7741.249999999999
1511,56,15,high school,male,northeast,not very strong republican,slightly conservative,NA,favor,NA,not harshly enough,should be legal,NA,NA,NA,NA,NA,38002.49999999999
1512,65,14,less than high school,female,northeast,not very strong democrat,slightly liberal,NA,favor,NA,NA,NA,NA,NA,NA,NA,NA,38002.49999999999
1513,47,12,high school,female,northeast,not very strong democrat,"moderate, middle of the road",NA,favor,NA,NA,NA,NA,NA,NA,NA,NA,281.5
1514,21,11,high school,female,northeast,"independent, close to democrat","moderate, middle of the road",NA,NA,favor,NA,NA,NA,NA,NA,yes,no,25334.999999999996
1515,72,10,less than high school,male,northeast,strong republican,conservative,too little,NA,favor,NA,NA,NA,NA,NA,no,no,15482.499999999998
1516,NA,20,graduate,female,northeast,"independent (neither, no response)","moderate, middle of the road",NA,NA,NA,not harshly enough,should be legal,no,no,NA,NA,NA,NA
1517,39,15,associate/junior college,female,northeast,strong democrat,liberal,too much,favor,favor,not harshly enough,should be legal,yes,no,yes,yes,no,46447.49999999999
1518,47,20,graduate,female,northeast,"independent, close to democrat",extremely liberal,about right,oppose,NA,NA,NA,no,no,no,NA,NA,25334.999999999996
1519,33,16,bachelor's,female,northeast,not very strong republican,slightly conservative,NA,favor,favor,NA,NA,NA,NA,NA,yes,yes,46447.49999999999
1520,73,16,bachelor's,male,northeast,strong democrat,liberal,NA,favor,NA,NA,NA,NA,NA,NA,NA,NA,46447.49999999999
1521,38,18,graduate,female,northeast,other party,extremely liberal,too much,oppose,NA,NA,NA,no,no,yes,NA,NA,46447.49999999999
1522,50,14,associate/junior college,female,northeast,strong democrat,"moderate, middle of the road",NA,favor,favor,about right,should be legal,NA,NA,NA,yes,no,38002.49999999999
1523,76,16,bachelor's,female,northeast,not very strong republican,slightly conservative,too little,oppose,NA,NA,NA,no,no,yes,NA,NA,30964.999999999996
1524,29,6,less than high school,male,northeast,not very strong republican,"moderate, middle of the road",NA,favor,favor,NA,NA,NA,NA,NA,no,no,30964.999999999996
1525,76,16,graduate,male,northeast,"independent, close to republican",conservative,too little,NA,favor,NA,NA,NA,NA,NA,no,no,56299.99999999999
1526,42,18,graduate,male,northeast,"independent, close to democrat","moderate, middle of the road",NA,favor,NA,not harshly enough,should be legal,NA,NA,NA,NA,NA,139024.36558999997
1527,69,17,graduate,female,northeast,not very strong republican,slightly conservative,too little,favor,NA,NA,NA,yes,no,yes,NA,NA,67560
1528,66,16,bachelor's,female,south,not very strong democrat,slightly liberal,NA,favor,NA,not harshly enough,should be legal,NA,NA,NA,NA,NA,56299.99999999999
1529,64,14,associate/junior college,female,south,strong republican,conservative,NA,favor,NA,not harshly enough,should not be legal,NA,NA,NA,NA,NA,NA
1530,54,20,graduate,female,south,"independent (neither, no response)","moderate, middle of the road",NA,NA,favor,NA,NA,NA,NA,NA,yes,no,NA
1531,61,16,high school,female,south,strong democrat,liberal,too little,favor,favor,NA,NA,yes,no,yes,no,no,139024.36558999997
1532,77,18,graduate,male,south,strong republican,conservative,NA,favor,NA,NA,NA,NA,NA,NA,NA,NA,67560
1533,68,14,high school,male,south,strong democrat,slightly liberal,NA,NA,favor,NA,NA,NA,NA,NA,no,yes,67560
1534,66,14,high school,male,south,not very strong republican,conservative,NA,favor,favor,not harshly enough,should be legal,NA,NA,NA,no,no,30964.999999999996
1535,49,15,high school,female,south,not very strong democrat,slightly conservative,about right,oppose,favor,NA,NA,no,no,yes,no,yes,78819.99999999999
1536,50,14,high school,female,south,not very strong republican,conservative,too little,NA,NA,not harshly enough,should not be legal,NA,no,no,NA,NA,30964.999999999996
1537,52,16,bachelor's,male,south,not very strong democrat,"moderate, middle of the road",about right,NA,favor,NA,NA,NA,NA,NA,no,no,38002.49999999999
1538,59,15,associate/junior college,female,south,strong democrat,slightly conservative,NA,NA,favor,NA,NA,NA,NA,NA,yes,yes,18297.5
1539,32,12,high school,female,south,strong democrat,"moderate, middle of the road",NA,oppose,NA,NA,NA,NA,NA,NA,NA,NA,9148.75
1540,80,7,less than high school,male,south,not very strong democrat,slightly liberal,NA,NA,favor,NA,NA,NA,NA,NA,yes,no,11963.749999999998
1541,39,14,high school,male,south,"independent (neither, no response)",NA,about right,oppose,NA,too harshly,should be legal,yes,no,yes,NA,NA,38002.49999999999
1542,63,12,high school,male,south,strong democrat,slightly conservative,NA,favor,NA,not harshly enough,should be legal,NA,NA,NA,NA,NA,67560
1543,71,15,high school,female,south,"independent (neither, no response)",conservative,NA,favor,favor,NA,NA,NA,NA,NA,yes,yes,30964.999999999996
1544,55,17,graduate,female,south,"independent (neither, no response)",NA,NA,NA,NA,NA,NA,NA,NA,NA,NA,NA,78819.99999999999
1545,49,18,graduate,male,south,strong democrat,conservative,NA,NA,favor,NA,NA,NA,NA,NA,no,no,46447.49999999999
1546,21,12,high school,female,south,"independent (neither, no response)","moderate, middle of the road",NA,NA,favor,NA,NA,NA,NA,NA,yes,yes,30964.999999999996
1547,56,16,bachelor's,male,south,strong republican,conservative,NA,favor,oppose,NA,should be legal,NA,NA,NA,no,no,46447.49999999999
1548,73,18,graduate,male,south,not very strong republican,conservative,too little,favor,oppose,NA,NA,yes,no,yes,no,no,38002.49999999999
1549,74,14,high school,female,south,other party,conservative,NA,oppose,favor,NA,NA,NA,NA,NA,yes,no,NA
1550,62,13,high school,female,south,"independent (neither, no response)","moderate, middle of the road",too little,favor,NA,NA,NA,no,yes,yes,NA,NA,21112.499999999996
1551,67,12,high school,male,south,NA,slightly conservative,too little,oppose,favor,not harshly enough,should not be legal,yes,no,yes,no,no,13371.249999999998
1552,42,18,bachelor's,female,south,"independent, close to democrat","moderate, middle of the road",NA,NA,favor,NA,NA,NA,NA,NA,no,yes,139024.36558999997
1553,39,20,graduate,female,south,not very strong republican,slightly conservative,too little,NA,favor,NA,NA,NA,NA,NA,no,yes,139024.36558999997
1554,25,13,high school,male,midwest,"independent (neither, no response)",NA,too little,NA,NA,NA,NA,NA,NA,NA,NA,NA,18297.5
1555,31,14,associate/junior college,male,midwest,"independent (neither, no response)","moderate, middle of the road",too little,NA,oppose,NA,NA,NA,NA,NA,no,no,6333.749999999999
1556,26,12,high school,female,midwest,strong republican,extremely conservative,NA,favor,NA,NA,NA,NA,NA,NA,NA,NA,21112.499999999996
1557,45,13,high school,female,midwest,not very strong democrat,extremely conservative,NA,oppose,oppose,not harshly enough,should be legal,NA,NA,NA,no,no,25334.999999999996
1558,34,11,NA,NA,midwest,"independent, close to republican",extremely conservative,too little,favor,oppose,NA,NA,yes,no,NA,no,yes,1126
1559,47,15,associate/junior college,male,midwest,"independent, close to democrat","moderate, middle of the road",too little,favor,NA,NA,NA,no,no,no,NA,NA,25334.999999999996
1560,30,12,high school,male,midwest,not very strong republican,slightly conservative,too little,NA,favor,NA,NA,NA,NA,NA,yes,no,38002.49999999999
1561,26,12,high school,male,midwest,"independent (neither, no response)",liberal,too little,oppose,favor,NA,NA,no,no,yes,no,yes,10556.249999999998
1562,28,17,bachelor's,male,midwest,"independent (neither, no response)","moderate, middle of the road",too little,oppose,favor,NA,NA,yes,no,yes,no,no,38002.49999999999
1563,23,13,high school,male,midwest,other party,conservative,NA,NA,oppose,NA,NA,NA,NA,NA,no,no,21112.499999999996
1564,24,13,high school,female,midwest,not very strong democrat,liberal,too little,oppose,oppose,NA,NA,yes,no,yes,yes,yes,46447.49999999999
1565,27,15,associate/junior college,female,midwest,"independent, close to republican","moderate, middle of the road",NA,oppose,favor,NA,NA,NA,NA,NA,no,no,38002.49999999999
1566,49,17,high school,male,midwest,"independent (neither, no response)","moderate, middle of the road",NA,NA,oppose,NA,NA,NA,NA,NA,no,no,30964.999999999996
1567,43,12,high school,male,midwest,"independent (neither, no response)",slightly liberal,about right,favor,NA,NA,NA,no,no,no,NA,NA,38002.49999999999
1568,63,12,high school,male,midwest,"independent (neither, no response)","moderate, middle of the road",NA,NA,favor,NA,NA,NA,NA,NA,no,no,6333.749999999999
1569,62,12,high school,female,midwest,not very strong democrat,slightly liberal,too little,NA,NA,NA,should be legal,NA,no,yes,no,yes,7741.249999999999
1570,44,12,high school,female,midwest,"independent (neither, no response)","moderate, middle of the road",NA,favor,favor,NA,NA,NA,NA,NA,no,yes,7741.249999999999
1571,27,12,high school,male,midwest,strong republican,conservative,NA,favor,NA,not harshly enough,should be legal,NA,NA,NA,NA,NA,46447.49999999999
1572,43,12,high school,female,midwest,"independent (neither, no response)","moderate, middle of the road",too little,oppose,favor,about right,should be legal,yes,no,yes,no,no,25334.999999999996
1573,22,13,high school,female,midwest,"independent, close to republican","moderate, middle of the road",too little,favor,favor,NA,NA,yes,no,yes,yes,yes,38002.49999999999
1574,77,14,high school,male,midwest,strong democrat,"moderate, middle of the road",NA,favor,favor,not harshly enough,should be legal,NA,NA,NA,yes,refused,18297.5
1575,63,11,less than high school,male,midwest,"independent (neither, no response)","moderate, middle of the road",NA,oppose,NA,not harshly enough,should be legal,NA,NA,NA,NA,NA,6333.749999999999
1576,77,17,bachelor's,female,midwest,strong democrat,slightly liberal,NA,oppose,NA,NA,NA,NA,NA,NA,NA,NA,25334.999999999996
1577,39,12,high school,female,midwest,"independent, close to republican",NA,NA,NA,oppose,NA,NA,NA,NA,NA,yes,yes,9148.75
1578,23,13,less than high school,female,midwest,"independent (neither, no response)",extremely liberal,NA,NA,favor,NA,NA,NA,NA,NA,no,no,281.5
1579,68,15,high school,male,midwest,not very strong republican,slightly conservative,too little,favor,oppose,not harshly enough,NA,yes,no,yes,no,yes,15482.499999999998
1580,36,13,high school,female,midwest,"independent, close to republican",slightly conservative,too little,NA,favor,NA,NA,NA,NA,NA,yes,yes,13371.249999999998
1581,87,10,less than high school,female,midwest,"independent (neither, no response)","moderate, middle of the road",too little,NA,favor,NA,NA,NA,NA,NA,yes,no,13371.249999999998
1582,69,14,high school,female,midwest,not very strong democrat,"moderate, middle of the road",NA,NA,favor,NA,NA,NA,NA,NA,yes,yes,56299.99999999999
1583,52,16,bachelor's,female,midwest,strong democrat,liberal,NA,NA,favor,NA,NA,NA,NA,NA,no,no,139024.36558999997
1584,25,12,high school,NA,midwest,strong republican,slightly conservative,NA,favor,favor,NA,should be legal,NA,NA,NA,no,refused,NA
1585,68,18,graduate,female,midwest,"independent, close to democrat",slightly liberal,NA,oppose,favor,NA,NA,NA,NA,NA,no,no,90079.99999999999
1586,49,18,graduate,male,midwest,"independent, close to republican",slightly conservative,too little,NA,oppose,NA,NA,NA,NA,NA,no,yes,67560
1587,48,16,graduate,female,midwest,not very strong democrat,"moderate, middle of the road",too little,NA,favor,NA,NA,NA,NA,NA,no,yes,139024.36558999997
1588,78,13,high school,female,midwest,strong republican,extremely conservative,too little,oppose,NA,NA,NA,no,no,no,NA,NA,21112.499999999996
1589,18,11,less than high school,female,midwest,strong democrat,liberal,about right,oppose,favor,NA,NA,yes,no,yes,no,no,90079.99999999999
1590,50,16,bachelor's,female,midwest,not very strong republican,conservative,NA,NA,oppose,NA,NA,NA,NA,NA,no,yes,139024.36558999997
1591,44,14,associate/junior college,male,midwest,"independent (neither, no response)",slightly conservative,too little,oppose,favor,NA,NA,yes,no,yes,no,no,139024.36558999997
1592,22,17,graduate,female,midwest,not very strong democrat,liberal,about right,NA,favor,NA,NA,NA,NA,NA,yes,no,11963.749999999998
1593,53,14,associate/junior college,female,midwest,"independent, close to democrat",slightly liberal,NA,favor,favor,NA,NA,NA,NA,NA,no,no,25334.999999999996
1594,65,16,bachelor's,female,midwest,strong republican,conservative,NA,NA,oppose,NA,NA,NA,NA,NA,no,yes,NA
1595,45,16,bachelor's,female,midwest,"independent, close to republican","moderate, middle of the road",too much,favor,oppose,NA,NA,yes,no,yes,no,yes,78819.99999999999
1596,75,16,bachelor's,male,midwest,strong democrat,liberal,NA,oppose,NA,NA,NA,NA,NA,NA,NA,NA,21112.499999999996
1597,56,16,bachelor's,male,midwest,"independent (neither, no response)",slightly liberal,about right,favor,favor,too harshly,should be legal,yes,no,yes,yes,no,56299.99999999999
1598,36,14,associate/junior college,female,midwest,"independent (neither, no response)","moderate, middle of the road",NA,favor,NA,NA,NA,NA,NA,NA,NA,NA,21112.499999999996
1599,24,15,high school,male,midwest,not very strong democrat,liberal,too little,NA,favor,NA,NA,NA,NA,NA,yes,no,18297.5
1600,24,14,high school,male,midwest,strong republican,conservative,about right,favor,NA,NA,NA,yes,no,yes,NA,NA,139024.36558999997
1601,49,14,associate/junior college,male,midwest,"independent, close to republican",slightly conservative,NA,favor,oppose,NA,NA,NA,NA,NA,no,yes,56299.99999999999
1602,46,16,bachelor's,female,midwest,"independent, close to democrat","moderate, middle of the road",NA,favor,favor,NA,NA,NA,NA,NA,no,yes,139024.36558999997
1603,43,14,associate/junior college,female,midwest,not very strong democrat,"moderate, middle of the road",NA,favor,NA,NA,NA,NA,NA,NA,NA,NA,90079.99999999999
1604,69,17,bachelor's,male,midwest,strong republican,extremely conservative,NA,favor,oppose,about right,should be legal,NA,NA,NA,no,yes,30964.999999999996
1605,44,14,high school,male,midwest,strong republican,conservative,too little,favor,favor,NA,NA,yes,yes,yes,no,yes,78819.99999999999
1606,50,12,high school,female,midwest,strong republican,conservative,NA,NA,favor,NA,NA,NA,NA,NA,no,yes,67560
1607,56,12,high school,male,midwest,not very strong republican,NA,too little,NA,NA,not harshly enough,should be legal,yes,no,yes,NA,NA,78819.99999999999
1608,50,12,high school,male,midwest,other party,conservative,NA,NA,oppose,NA,NA,NA,NA,NA,no,yes,67560
1609,23,13,high school,female,midwest,strong democrat,liberal,too little,NA,NA,NA,NA,NA,NA,NA,yes,yes,18297.5
1610,48,14,high school,female,midwest,"independent (neither, no response)","moderate, middle of the road",too little,NA,favor,NA,NA,NA,NA,NA,no,no,38002.49999999999
1611,45,15,high school,female,midwest,"independent (neither, no response)","moderate, middle of the road",too little,oppose,NA,NA,NA,no,yes,no,NA,NA,21112.499999999996
1612,21,11,less than high school,female,midwest,"independent (neither, no response)",slightly conservative,about right,oppose,NA,NA,NA,no,no,yes,NA,NA,NA
1613,59,18,bachelor's,male,midwest,not very strong democrat,slightly liberal,about right,NA,oppose,NA,NA,yes,no,yes,yes,yes,18297.5
1614,40,16,bachelor's,female,midwest,strong democrat,extremely liberal,about right,NA,favor,NA,NA,NA,NA,NA,no,no,78819.99999999999
1615,57,20,graduate,female,midwest,strong democrat,liberal,NA,oppose,favor,NA,NA,NA,NA,NA,no,yes,21112.499999999996
1616,79,19,bachelor's,male,midwest,"independent, close to democrat","moderate, middle of the road",about right,oppose,NA,about right,NA,yes,no,yes,NA,NA,139024.36558999997
1617,28,17,bachelor's,male,midwest,"independent (neither, no response)","moderate, middle of the road",NA,oppose,favor,NA,NA,NA,NA,NA,no,no,15482.499999999998
1618,NA,16,high school,male,midwest,"independent (neither, no response)","moderate, middle of the road",NA,oppose,NA,NA,NA,NA,NA,NA,NA,NA,9148.75
1619,40,15,bachelor's,female,midwest,"independent (neither, no response)","moderate, middle of the road",NA,oppose,favor,NA,NA,NA,NA,NA,no,no,56299.99999999999
1620,71,16,bachelor's,female,midwest,strong republican,extremely conservative,NA,favor,oppose,NA,NA,NA,NA,NA,no,yes,90079.99999999999
1621,18,12,high school,male,midwest,strong democrat,liberal,too little,oppose,favor,NA,NA,yes,no,yes,no,no,NA
1622,65,16,bachelor's,female,midwest,"independent, close to democrat","moderate, middle of the road",NA,NA,favor,NA,NA,NA,NA,NA,no,yes,90079.99999999999
1623,67,16,high school,male,midwest,strong democrat,extremely liberal,about right,NA,favor,NA,NA,NA,NA,NA,no,yes,56299.99999999999
1624,39,20,graduate,male,midwest,not very strong democrat,slightly liberal,too much,oppose,NA,NA,NA,yes,no,yes,NA,NA,139024.36558999997
1625,43,17,bachelor's,male,midwest,not very strong republican,"moderate, middle of the road",NA,NA,favor,NA,NA,NA,NA,NA,no,yes,139024.36558999997
1626,40,15,high school,male,midwest,"independent (neither, no response)",NA,about right,favor,NA,not harshly enough,should be legal,yes,no,yes,NA,NA,67560
1627,58,14,high school,male,midwest,not very strong democrat,"moderate, middle of the road",NA,oppose,favor,about right,should not be legal,NA,NA,NA,no,yes,38002.49999999999
1628,38,14,high school,male,midwest,"independent (neither, no response)","moderate, middle of the road",NA,NA,oppose,NA,NA,NA,NA,NA,no,no,15482.499999999998
1629,40,18,bachelor's,female,midwest,not very strong democrat,"moderate, middle of the road",too little,favor,favor,about right,should be legal,yes,no,yes,no,no,18297.5
1630,20,14,high school,female,midwest,not very strong democrat,slightly liberal,NA,oppose,NA,NA,NA,NA,NA,NA,NA,NA,6333.749999999999
1631,42,19,graduate,female,midwest,strong democrat,extremely liberal,too little,NA,favor,NA,NA,NA,NA,NA,yes,no,78819.99999999999
1632,29,13,high school,male,midwest,"independent (neither, no response)","moderate, middle of the road",too little,favor,NA,NA,NA,no,no,yes,NA,NA,25334.999999999996
1633,77,15,high school,male,midwest,strong republican,conservative,NA,favor,NA,not harshly enough,should not be legal,NA,NA,NA,NA,NA,30964.999999999996
1634,65,12,high school,female,midwest,"independent (neither, no response)",conservative,too little,NA,favor,NA,NA,NA,NA,NA,no,no,38002.49999999999
1635,74,12,high school,male,midwest,"independent, close to democrat","moderate, middle of the road",NA,NA,favor,NA,NA,NA,NA,NA,no,yes,56299.99999999999
1636,69,12,high school,female,midwest,not very strong republican,"moderate, middle of the road",about right,favor,favor,not harshly enough,should be legal,yes,no,yes,no,no,15482.499999999998
1637,71,10,high school,female,midwest,not very strong democrat,"moderate, middle of the road",too little,NA,favor,NA,should not be legal,no,no,yes,no,no,46447.49999999999
1638,72,9,less than high school,male,midwest,not very strong democrat,extremely liberal,too little,NA,oppose,NA,NA,NA,NA,NA,no,no,9148.75
1639,45,17,bachelor's,female,midwest,strong republican,conservative,NA,NA,oppose,NA,NA,NA,NA,NA,yes,NA,21112.499999999996
1640,53,12,high school,female,midwest,"independent (neither, no response)","moderate, middle of the road",too little,favor,NA,not harshly enough,should be legal,yes,no,yes,NA,NA,46447.49999999999
1641,21,15,high school,female,midwest,"independent, close to democrat",conservative,NA,favor,oppose,NA,NA,NA,NA,NA,no,no,NA
1642,48,NA,less than high school,NA,midwest,"independent (neither, no response)","moderate, middle of the road",NA,oppose,favor,NA,NA,NA,NA,NA,no,no,NA
1643,27,12,high school,male,midwest,"independent, close to republican","moderate, middle of the road",NA,favor,favor,NA,NA,NA,NA,NA,no,no,38002.49999999999
1644,46,12,high school,female,midwest,not very strong republican,"moderate, middle of the road",too little,favor,favor,NA,NA,yes,no,yes,no,yes,281.5
1645,46,15,high school,male,midwest,"independent (neither, no response)",slightly conservative,too little,favor,NA,not harshly enough,should be legal,yes,no,yes,NA,NA,30964.999999999996
1646,86,12,high school,male,midwest,strong republican,conservative,too little,favor,favor,not harshly enough,should be legal,no,no,yes,no,yes,10556.249999999998
1647,62,12,high school,male,midwest,not very strong republican,conservative,NA,favor,favor,not harshly enough,should not be legal,NA,NA,NA,no,yes,38002.49999999999
1648,51,12,high school,female,midwest,"independent (neither, no response)","moderate, middle of the road",NA,NA,favor,NA,NA,NA,NA,NA,no,no,56299.99999999999
1649,55,12,high school,male,midwest,strong republican,conservative,NA,NA,oppose,NA,NA,NA,NA,NA,no,yes,139024.36558999997
1650,22,12,high school,male,midwest,"independent (neither, no response)",conservative,too little,NA,NA,NA,NA,yes,no,yes,no,no,38002.49999999999
1651,57,12,high school,female,midwest,not very strong democrat,"moderate, middle of the road",too little,NA,favor,NA,NA,NA,NA,NA,no,no,46447.49999999999
1652,45,12,high school,male,midwest,not very strong republican,slightly conservative,NA,favor,favor,NA,NA,NA,NA,NA,no,no,6333.749999999999
1653,80,11,less than high school,female,midwest,"independent (neither, no response)",NA,NA,favor,NA,not harshly enough,should not be legal,NA,NA,NA,NA,NA,4222.5
1654,69,12,high school,male,midwest,"independent, close to republican",slightly conservative,too little,favor,NA,not harshly enough,should be legal,yes,no,yes,NA,NA,NA
1655,52,18,graduate,female,midwest,"independent (neither, no response)","moderate, middle of the road",NA,oppose,NA,about right,should be legal,NA,NA,NA,NA,NA,NA
1656,30,16,bachelor's,female,midwest,"independent (neither, no response)","moderate, middle of the road",about right,favor,NA,NA,NA,yes,no,no,NA,NA,30964.999999999996
1657,51,13,high school,male,midwest,not very strong republican,conservative,NA,favor,oppose,NA,NA,NA,NA,NA,yes,no,1126
1658,86,12,high school,female,midwest,strong republican,extremely conservative,NA,favor,NA,not harshly enough,should not be legal,NA,NA,NA,NA,NA,NA
1659,64,12,high school,male,midwest,"independent, close to republican",extremely conservative,too little,favor,NA,not harshly enough,should be legal,yes,yes,yes,NA,NA,139024.36558999997
1660,29,12,high school,male,midwest,"independent, close to republican","moderate, middle of the road",about right,favor,oppose,not harshly enough,should be legal,yes,no,yes,no,yes,21112.499999999996
1661,48,14,associate/junior college,female,midwest,not very strong republican,"moderate, middle of the road",too little,favor,NA,about right,NA,yes,no,yes,NA,NA,67560
1662,45,10,less than high school,male,midwest,"independent, close to democrat",extremely conservative,about right,favor,favor,NA,NA,yes,no,yes,no,yes,7741.249999999999
1663,46,12,high school,male,midwest,"independent (neither, no response)",slightly conservative,about right,favor,NA,not harshly enough,should be legal,yes,no,yes,NA,NA,25334.999999999996
1664,77,12,high school,male,midwest,"independent, close to democrat",conservative,NA,NA,favor,NA,NA,NA,NA,NA,no,yes,NA
1665,70,13,high school,male,west,strong democrat,slightly conservative,NA,NA,favor,NA,NA,NA,NA,NA,no,no,78819.99999999999
1666,40,14,high school,female,west,strong republican,extremely conservative,too little,favor,oppose,not harshly enough,should be legal,no,no,yes,yes,no,NA
1667,60,12,high school,male,west,not very strong republican,conservative,about right,favor,NA,not harshly enough,should not be legal,yes,no,yes,NA,NA,NA
1668,37,20,bachelor's,female,west,not very strong republican,conservative,NA,oppose,NA,NA,NA,NA,NA,NA,NA,NA,7741.249999999999
1669,55,18,bachelor's,male,west,strong democrat,"moderate, middle of the road",NA,NA,oppose,NA,NA,NA,NA,NA,no,no,NA
1670,27,12,high school,male,west,"independent, close to democrat","moderate, middle of the road",too little,favor,NA,NA,NA,no,no,yes,NA,NA,56299.99999999999
1671,57,18,bachelor's,male,west,not very strong democrat,slightly liberal,too little,favor,NA,NA,NA,yes,yes,yes,NA,NA,15482.499999999998
1672,80,20,graduate,female,west,not very strong republican,"moderate, middle of the road",too little,NA,favor,NA,NA,NA,NA,NA,no,no,NA
1673,56,16,bachelor's,male,west,strong republican,conservative,NA,favor,oppose,NA,NA,NA,NA,NA,no,yes,139024.36558999997
1674,53,13,high school,female,west,not very strong republican,slightly conservative,NA,NA,favor,NA,NA,NA,NA,NA,no,yes,139024.36558999997
1675,42,18,bachelor's,female,west,not very strong democrat,slightly liberal,NA,oppose,NA,NA,NA,NA,NA,NA,NA,NA,139024.36558999997
1676,40,15,associate/junior college,female,west,not very strong democrat,"moderate, middle of the road",too little,favor,favor,NA,NA,no,no,no,no,no,25334.999999999996
1677,28,12,high school,male,west,not very strong republican,"moderate, middle of the road",NA,favor,oppose,not harshly enough,should be legal,NA,NA,NA,no,yes,46447.49999999999
1678,50,14,high school,male,west,"independent (neither, no response)","moderate, middle of the road",about right,favor,NA,NA,NA,yes,no,no,NA,NA,78819.99999999999
1679,63,13,high school,male,west,"independent, close to republican","moderate, middle of the road",about right,favor,favor,not harshly enough,should be legal,yes,no,yes,no,yes,281.5
1680,79,12,high school,female,west,not very strong republican,slightly conservative,too little,favor,NA,not harshly enough,should not be legal,no,no,yes,NA,NA,NA
1681,40,14,high school,male,west,"independent, close to republican",liberal,about right,oppose,oppose,too harshly,should be legal,no,no,yes,no,no,30964.999999999996
1682,48,12,less than high school,male,west,not very strong democrat,extremely liberal,NA,favor,NA,not harshly enough,should not be legal,NA,NA,NA,NA,NA,25334.999999999996
1683,71,13,high school,male,west,not very strong republican,"moderate, middle of the road",NA,NA,favor,NA,NA,NA,NA,NA,yes,no,11963.749999999998
1684,43,12,less than high school,female,west,not very strong democrat,liberal,too little,oppose,oppose,too harshly,should be legal,no,no,yes,yes,no,13371.249999999998
1685,45,13,high school,female,west,not very strong republican,"moderate, middle of the road",too little,favor,NA,NA,NA,yes,no,yes,NA,NA,56299.99999999999
1686,74,16,bachelor's,male,west,strong democrat,liberal,NA,oppose,NA,about right,should be legal,NA,NA,NA,NA,NA,15482.499999999998
1687,39,13,high school,male,south,strong republican,conservative,too little,favor,NA,not harshly enough,should not be legal,yes,no,yes,NA,NA,90079.99999999999
1688,86,8,less than high school,female,south,"independent (neither, no response)",conservative,NA,oppose,favor,NA,should not be legal,NA,NA,NA,yes,no,6333.749999999999
1689,33,13,high school,male,south,"independent, close to republican","moderate, middle of the road",NA,favor,NA,not harshly enough,should be legal,NA,NA,NA,NA,NA,78819.99999999999
1690,60,16,bachelor's,female,south,not very strong republican,slightly conservative,NA,NA,oppose,NA,NA,NA,NA,NA,no,no,25334.999999999996
1691,51,12,high school,male,south,strong republican,slightly liberal,too little,favor,favor,not harshly enough,should be legal,no,no,yes,no,yes,67560
1692,69,12,high school,male,south,not very strong republican,conservative,NA,favor,favor,not harshly enough,should be legal,NA,NA,NA,no,yes,56299.99999999999
1693,55,17,bachelor's,female,south,strong republican,extremely conservative,NA,oppose,oppose,not harshly enough,should not be legal,NA,NA,NA,no,refused,NA
1694,60,12,high school,female,south,strong republican,conservative,too little,NA,favor,NA,NA,NA,NA,NA,no,no,38002.49999999999
1695,30,17,bachelor's,female,south,other party,extremely liberal,about right,NA,favor,NA,NA,NA,NA,NA,yes,no,38002.49999999999
1696,36,20,graduate,male,south,"independent, close to democrat",liberal,too little,oppose,favor,NA,NA,yes,no,yes,no,no,139024.36558999997
1697,77,16,bachelor's,male,south,strong republican,conservative,too little,NA,oppose,NA,NA,NA,NA,NA,yes,no,139024.36558999997
1698,72,17,bachelor's,female,south,"independent, close to democrat",slightly liberal,too little,favor,favor,NA,NA,yes,no,yes,yes,yes,139024.36558999997
1699,65,16,bachelor's,female,south,not very strong republican,slightly conservative,NA,NA,NA,NA,NA,NA,NA,NA,yes,refused,NA
1700,57,12,high school,male,south,"independent (neither, no response)","moderate, middle of the road",NA,favor,NA,NA,NA,NA,NA,NA,NA,NA,67560
1701,49,18,graduate,male,south,not very strong democrat,slightly liberal,NA,NA,favor,NA,NA,NA,NA,NA,no,no,139024.36558999997
1702,59,12,high school,male,south,strong republican,conservative,too little,favor,oppose,not harshly enough,should be legal,yes,no,yes,no,yes,30964.999999999996
1703,26,16,bachelor's,male,south,"independent, close to republican",slightly conservative,about right,favor,NA,too harshly,should be legal,no,no,no,NA,NA,78819.99999999999
1704,69,20,graduate,male,south,"independent, close to democrat",slightly liberal,about right,favor,favor,NA,NA,yes,no,yes,no,no,139024.36558999997
1705,54,18,graduate,female,south,"independent, close to democrat","moderate, middle of the road",about right,favor,favor,NA,NA,yes,no,yes,yes,yes,139024.36558999997
1706,NA,17,graduate,male,south,NA,"moderate, middle of the road",too little,NA,favor,NA,NA,NA,NA,NA,no,yes,NA
1707,51,20,graduate,male,south,"independent, close to republican","moderate, middle of the road",NA,oppose,NA,NA,NA,NA,NA,NA,NA,NA,139024.36558999997
1708,62,14,high school,female,south,strong democrat,"moderate, middle of the road",NA,NA,favor,about right,NA,NA,NA,NA,no,yes,NA
1709,23,15,high school,female,south,not very strong democrat,liberal,too little,favor,NA,NA,NA,yes,no,yes,NA,NA,56299.99999999999
1710,33,17,bachelor's,male,south,strong democrat,liberal,too little,favor,favor,not harshly enough,should not be legal,no,no,yes,no,no,46447.49999999999
1711,42,10,high school,male,south,"independent (neither, no response)","moderate, middle of the road",too little,NA,favor,NA,NA,NA,NA,NA,yes,no,NA
1712,43,10,less than high school,female,south,"independent (neither, no response)","moderate, middle of the road",too much,favor,favor,NA,NA,yes,no,yes,no,no,9148.75
1713,56,12,high school,male,south,strong republican,extremely conservative,about right,oppose,favor,NA,NA,yes,yes,no,yes,yes,38002.49999999999
1714,42,3,less than high school,female,south,"independent (neither, no response)",extremely conservative,too much,NA,NA,NA,NA,NA,NA,NA,no,no,NA
1715,37,12,high school,female,south,"independent, close to democrat","moderate, middle of the road",NA,oppose,NA,not harshly enough,should be legal,NA,NA,NA,NA,NA,2533.4999999999995
1716,64,12,high school,female,south,not very strong democrat,"moderate, middle of the road",too little,NA,favor,NA,NA,NA,NA,NA,yes,yes,18297.5
1717,33,15,high school,female,south,"independent, close to republican",slightly conservative,too much,oppose,NA,NA,NA,no,no,no,NA,NA,6333.749999999999
1718,70,12,high school,male,south,not very strong democrat,"moderate, middle of the road",NA,NA,favor,NA,NA,NA,NA,NA,no,no,NA
1719,71,12,high school,female,south,strong democrat,NA,too little,oppose,favor,about right,should be legal,yes,no,yes,no,yes,21112.499999999996
1720,31,12,high school,male,south,"independent, close to republican","moderate, middle of the road",too little,favor,NA,NA,should be legal,yes,yes,yes,NA,NA,25334.999999999996
1721,47,14,high school,male,south,strong republican,conservative,too little,favor,favor,NA,NA,yes,no,yes,no,yes,21112.499999999996
1722,73,12,high school,male,south,"independent, close to democrat",slightly liberal,NA,favor,NA,not harshly enough,should not be legal,NA,NA,NA,NA,NA,1126
1723,51,14,high school,female,south,strong republican,conservative,NA,favor,oppose,NA,should not be legal,NA,NA,NA,no,refused,38002.49999999999
1724,48,16,bachelor's,female,south,"independent (neither, no response)",liberal,too little,NA,favor,NA,NA,NA,NA,NA,no,no,NA
1725,40,11,less than high school,male,south,strong democrat,slightly conservative,NA,oppose,NA,too harshly,should be legal,NA,NA,NA,NA,NA,9148.75
1726,83,20,graduate,female,south,strong democrat,extremely liberal,too little,oppose,favor,too harshly,should be legal,yes,no,yes,yes,no,NA
1727,NA,NA,less than high school,male,south,"independent (neither, no response)","moderate, middle of the road",NA,oppose,oppose,NA,NA,NA,NA,NA,yes,no,NA
1728,83,12,high school,female,south,not very strong democrat,"moderate, middle of the road",too little,NA,oppose,NA,NA,NA,NA,NA,no,yes,78819.99999999999
1729,60,12,high school,female,south,"independent, close to democrat",slightly liberal,too little,favor,NA,NA,NA,yes,yes,yes,NA,NA,NA
1730,26,16,bachelor's,female,south,"independent (neither, no response)","moderate, middle of the road",too little,favor,NA,NA,NA,yes,no,yes,NA,NA,38002.49999999999
1731,36,13,high school,female,south,not very strong democrat,"moderate, middle of the road",too little,favor,favor,NA,NA,yes,no,yes,yes,no,25334.999999999996
1732,62,20,graduate,female,south,"independent (neither, no response)","moderate, middle of the road",too little,oppose,NA,NA,NA,yes,no,yes,NA,NA,78819.99999999999
1733,71,15,high school,female,south,other party,"moderate, middle of the road",too little,NA,favor,NA,NA,NA,NA,NA,no,no,13371.249999999998
1734,68,13,high school,female,south,other party,conservative,NA,favor,favor,about right,should not be legal,NA,NA,NA,no,refused,7741.249999999999
1735,76,12,high school,female,south,not very strong democrat,"moderate, middle of the road",too little,NA,oppose,about right,should not be legal,no,no,no,no,yes,NA
1736,41,14,associate/junior college,male,south,not very strong republican,slightly conservative,NA,NA,favor,NA,NA,NA,NA,NA,no,yes,56299.99999999999
1737,77,16,bachelor's,female,south,"independent (neither, no response)","moderate, middle of the road",too little,NA,favor,NA,NA,NA,NA,NA,no,no,NA
1738,27,16,bachelor's,female,south,"independent (neither, no response)","moderate, middle of the road",about right,favor,favor,NA,NA,yes,no,yes,no,yes,56299.99999999999
1739,42,16,bachelor's,female,south,"independent, close to democrat","moderate, middle of the road",too much,favor,NA,about right,should not be legal,no,no,yes,NA,NA,18297.5
1740,43,14,associate/junior college,female,south,"independent, close to democrat",liberal,too little,NA,favor,NA,NA,NA,NA,NA,yes,no,18297.5
1741,70,15,high school,female,south,"independent, close to republican",conservative,NA,NA,favor,NA,NA,NA,NA,NA,no,no,18297.5
1742,75,14,associate/junior college,male,south,"independent, close to republican",slightly conservative,about right,favor,oppose,not harshly enough,should be legal,yes,no,yes,no,yes,46447.49999999999
1743,74,16,bachelor's,male,south,strong republican,conservative,too little,NA,favor,NA,NA,NA,NA,NA,no,yes,56299.99999999999
1744,57,12,high school,female,south,"independent (neither, no response)",slightly liberal,too little,oppose,NA,about right,NA,no,no,yes,NA,NA,67560
1745,72,16,bachelor's,female,south,"independent (neither, no response)","moderate, middle of the road",too little,favor,favor,NA,NA,yes,no,yes,no,NA,NA
1746,42,18,graduate,female,south,"independent (neither, no response)","moderate, middle of the road",NA,NA,favor,NA,NA,NA,NA,NA,no,no,46447.49999999999
1747,44,16,bachelor's,male,south,"independent (neither, no response)",slightly conservative,NA,NA,oppose,NA,NA,NA,NA,NA,no,yes,25334.999999999996
1748,39,18,graduate,female,south,"independent, close to democrat","moderate, middle of the road",NA,oppose,NA,NA,NA,NA,NA,NA,NA,NA,56299.99999999999
1749,34,17,bachelor's,male,south,not very strong republican,slightly conservative,too much,favor,favor,not harshly enough,should be legal,yes,no,yes,no,no,56299.99999999999
1750,69,16,bachelor's,male,south,other party,slightly conservative,NA,oppose,favor,NA,NA,NA,NA,NA,no,yes,56299.99999999999
1751,54,18,graduate,male,south,not very strong republican,slightly conservative,too little,favor,favor,NA,NA,yes,no,yes,no,yes,139024.36558999997
1752,39,17,bachelor's,female,south,"independent (neither, no response)","moderate, middle of the road",too little,favor,NA,NA,NA,yes,no,yes,NA,NA,139024.36558999997
1753,47,12,high school,male,south,not very strong republican,slightly conservative,too little,oppose,favor,NA,NA,yes,no,yes,no,yes,139024.36558999997
1754,22,12,high school,female,south,"independent, close to republican","moderate, middle of the road",about right,favor,NA,NA,NA,yes,no,yes,NA,NA,38002.49999999999
1755,34,15,high school,female,south,"independent (neither, no response)","moderate, middle of the road",NA,oppose,NA,too harshly,should be legal,NA,NA,NA,NA,NA,NA
1756,19,12,high school,female,south,"independent (neither, no response)","moderate, middle of the road",NA,favor,favor,not harshly enough,should be legal,NA,NA,NA,yes,no,NA
1757,60,14,associate/junior college,female,south,"independent, close to republican","moderate, middle of the road",NA,NA,favor,NA,NA,NA,NA,NA,yes,yes,7741.249999999999
1758,21,12,high school,male,south,strong democrat,conservative,NA,favor,oppose,about right,should be legal,NA,NA,NA,yes,no,NA
1759,26,12,high school,female,south,other party,"moderate, middle of the road",NA,NA,oppose,NA,NA,NA,NA,NA,no,no,21112.499999999996
1760,34,11,high school,female,south,NA,NA,NA,NA,favor,NA,NA,NA,NA,NA,yes,no,9148.75
1761,42,17,bachelor's,female,south,"independent (neither, no response)","moderate, middle of the road",too little,NA,NA,too harshly,NA,NA,NA,yes,NA,NA,NA
1762,60,16,bachelor's,male,south,strong democrat,liberal,too little,oppose,NA,not harshly enough,should be legal,yes,no,yes,NA,NA,67560
1763,23,12,high school,female,south,"independent, close to democrat",slightly liberal,too little,favor,oppose,NA,NA,no,no,no,yes,no,1126
1764,41,18,bachelor's,female,south,strong democrat,NA,NA,NA,oppose,NA,NA,NA,NA,NA,yes,no,NA
1765,48,13,high school,male,south,"independent, close to democrat","moderate, middle of the road",too little,NA,oppose,NA,NA,NA,NA,NA,no,yes,90079.99999999999
1766,27,12,high school,male,south,"independent (neither, no response)","moderate, middle of the road",NA,oppose,oppose,NA,NA,NA,NA,NA,no,yes,30964.999999999996
1767,64,15,high school,female,south,"independent (neither, no response)","moderate, middle of the road",too little,favor,oppose,NA,NA,no,no,no,no,yes,21112.499999999996
1768,43,8,less than high school,female,south,"independent (neither, no response)",extremely conservative,too little,oppose,NA,NA,NA,no,no,no,NA,NA,13371.249999999998
1769,62,12,high school,female,south,strong democrat,liberal,NA,NA,NA,about right,should be legal,NA,NA,NA,NA,NA,15482.499999999998
1770,65,12,high school,female,south,not very strong democrat,extremely liberal,NA,NA,favor,NA,NA,NA,NA,NA,yes,no,7741.249999999999
1771,30,12,high school,female,south,not very strong democrat,NA,NA,oppose,NA,too harshly,should be legal,NA,NA,NA,NA,NA,25334.999999999996
1772,73,9,less than high school,male,south,strong democrat,slightly conservative,NA,favor,NA,not harshly enough,should be legal,NA,NA,NA,NA,NA,7741.249999999999
1773,42,12,high school,male,south,strong democrat,"moderate, middle of the road",too little,NA,oppose,NA,NA,NA,NA,NA,no,no,56299.99999999999
1774,43,13,high school,female,south,"independent (neither, no response)","moderate, middle of the road",NA,NA,favor,NA,NA,NA,NA,NA,yes,no,1126
1775,64,16,bachelor's,male,south,strong democrat,"moderate, middle of the road",NA,oppose,favor,not harshly enough,should be legal,NA,NA,NA,yes,no,30964.999999999996
1776,26,13,high school,male,south,"independent (neither, no response)",NA,too little,oppose,NA,NA,should be legal,no,no,yes,NA,NA,13371.249999999998
1777,34,12,high school,female,south,not very strong democrat,"moderate, middle of the road",NA,NA,oppose,NA,NA,NA,NA,NA,yes,yes,3096.4999999999995
1778,37,16,bachelor's,male,south,strong democrat,"moderate, middle of the road",too little,favor,favor,NA,should be legal,no,no,yes,no,yes,25334.999999999996
1779,56,12,high school,female,south,strong democrat,slightly conservative,too little,oppose,favor,about right,should be legal,no,no,no,yes,no,7741.249999999999
1780,66,12,high school,female,south,strong democrat,"moderate, middle of the road",too little,favor,NA,NA,NA,yes,yes,yes,NA,NA,1126
1781,57,15,associate/junior college,female,south,"independent (neither, no response)","moderate, middle of the road",NA,oppose,favor,NA,NA,NA,NA,NA,no,no,30964.999999999996
1782,67,11,less than high school,female,south,strong democrat,"moderate, middle of the road",NA,NA,favor,NA,NA,NA,NA,NA,no,no,30964.999999999996
1783,50,12,high school,female,south,NA,NA,NA,NA,oppose,NA,NA,NA,NA,NA,no,NA,NA
1784,33,15,high school,male,south,"independent, close to republican",slightly liberal,NA,favor,favor,about right,should be legal,NA,NA,NA,no,yes,56299.99999999999
1785,55,14,associate/junior college,male,south,strong democrat,NA,NA,oppose,favor,not harshly enough,should not be legal,NA,NA,NA,NA,no,38002.49999999999
1786,73,19,graduate,male,south,"independent (neither, no response)",conservative,NA,favor,NA,NA,NA,NA,NA,NA,NA,NA,NA
1787,20,14,associate/junior college,male,south,strong republican,conservative,too little,favor,oppose,about right,should be legal,yes,no,no,no,yes,NA
1788,46,14,associate/junior college,female,south,not very strong democrat,"moderate, middle of the road",too little,oppose,NA,too harshly,should be legal,yes,no,yes,NA,NA,78819.99999999999
1789,89,10,high school,male,south,not very strong democrat,"moderate, middle of the road",NA,NA,NA,not harshly enough,should not be legal,NA,NA,NA,NA,NA,9148.75
1790,53,12,high school,female,south,"independent, close to republican",conservative,NA,NA,NA,not harshly enough,should be legal,NA,NA,NA,NA,NA,NA
1791,49,14,associate/junior college,male,south,"independent (neither, no response)","moderate, middle of the road",too little,favor,favor,NA,NA,yes,no,yes,no,yes,21112.499999999996
1792,44,16,high school,female,south,"independent, close to democrat",liberal,NA,favor,NA,not harshly enough,NA,NA,NA,NA,NA,NA,NA
1793,37,12,high school,female,south,"independent (neither, no response)","moderate, middle of the road",about right,NA,favor,NA,NA,NA,NA,NA,yes,yes,6333.749999999999
1794,79,12,high school,female,south,strong republican,extremely conservative,too much,favor,oppose,NA,should not be legal,yes,no,yes,yes,NA,NA
1795,76,13,high school,female,south,strong republican,conservative,NA,NA,favor,NA,NA,NA,NA,NA,no,yes,38002.49999999999
1796,66,12,high school,male,south,not very strong republican,conservative,NA,favor,NA,NA,NA,NA,NA,NA,NA,NA,38002.49999999999
1797,31,14,high school,male,south,"independent (neither, no response)",slightly conservative,NA,NA,NA,NA,should be legal,NA,NA,NA,yes,no,9148.75
1798,73,12,high school,male,south,not very strong republican,"moderate, middle of the road",NA,favor,NA,NA,NA,NA,NA,NA,NA,NA,25334.999999999996
1799,68,14,associate/junior college,male,south,not very strong republican,"moderate, middle of the road",too little,NA,favor,NA,NA,NA,NA,NA,no,yes,78819.99999999999
1800,88,12,high school,male,south,"independent (neither, no response)",slightly conservative,too little,oppose,NA,NA,NA,no,no,yes,NA,NA,56299.99999999999
1801,28,12,high school,male,south,"independent, close to democrat",NA,too little,NA,favor,NA,NA,NA,NA,NA,no,yes,46447.49999999999
1802,70,14,high school,male,south,"independent, close to democrat",liberal,NA,favor,NA,not harshly enough,should be legal,NA,NA,NA,NA,NA,25334.999999999996
1803,25,16,bachelor's,female,south,"independent, close to republican","moderate, middle of the road",too little,NA,favor,NA,NA,NA,NA,NA,yes,no,56299.99999999999
1804,37,17,bachelor's,female,south,not very strong republican,"moderate, middle of the road",too little,oppose,favor,NA,NA,yes,no,yes,no,no,56299.99999999999
1805,42,16,bachelor's,female,south,"independent (neither, no response)","moderate, middle of the road",too little,NA,favor,NA,NA,NA,NA,NA,no,yes,30964.999999999996
1806,41,14,associate/junior college,female,south,"independent (neither, no response)","moderate, middle of the road",NA,oppose,favor,NA,NA,NA,NA,NA,no,no,78819.99999999999
1807,67,15,high school,female,south,"independent, close to democrat","moderate, middle of the road",NA,favor,NA,NA,NA,NA,NA,NA,NA,NA,67560
1808,24,NA,less than high school,NA,south,"independent (neither, no response)",extremely conservative,NA,oppose,NA,NA,NA,NA,NA,NA,NA,NA,NA
1809,30,12,high school,female,south,"independent (neither, no response)","moderate, middle of the road",too little,oppose,NA,too harshly,should be legal,yes,no,yes,NA,NA,25334.999999999996
1810,39,12,high school,male,south,"independent (neither, no response)","moderate, middle of the road",too little,NA,oppose,about right,should be legal,yes,no,yes,no,no,1970.4999999999998
1811,24,12,high school,female,south,"independent, close to democrat",NA,NA,oppose,favor,NA,should be legal,NA,NA,NA,no,no,21112.499999999996
1812,58,13,high school,female,south,strong republican,conservative,NA,favor,NA,NA,NA,NA,NA,NA,NA,NA,67560
1813,42,16,bachelor's,female,south,not very strong republican,"moderate, middle of the road",too little,favor,NA,NA,NA,yes,no,yes,NA,NA,139024.36558999997
1814,74,12,high school,female,south,not very strong democrat,slightly conservative,too little,favor,favor,NA,NA,yes,no,yes,yes,no,18297.5
1815,40,14,high school,male,south,strong republican,conservative,too little,oppose,NA,NA,NA,yes,no,yes,NA,NA,46447.49999999999
1816,55,12,high school,male,south,not very strong republican,"moderate, middle of the road",NA,favor,oppose,NA,NA,NA,NA,NA,no,yes,38002.49999999999
1817,25,14,associate/junior college,male,south,"independent, close to republican",conservative,NA,favor,NA,NA,NA,NA,NA,NA,NA,NA,78819.99999999999
1818,72,16,bachelor's,female,south,strong democrat,liberal,too little,oppose,favor,NA,NA,yes,no,yes,yes,no,18297.5
1819,77,12,high school,male,south,"independent, close to republican",conservative,too much,favor,NA,NA,NA,yes,no,yes,NA,NA,30964.999999999996
1820,19,14,high school,male,south,"independent, close to republican","moderate, middle of the road",too little,NA,oppose,NA,NA,NA,NA,NA,yes,yes,21112.499999999996
1821,29,18,associate/junior college,female,south,"independent, close to republican","moderate, middle of the road",NA,favor,oppose,NA,should not be legal,NA,NA,NA,no,no,21112.499999999996
1822,45,16,bachelor's,male,south,not very strong democrat,"moderate, middle of the road",NA,NA,favor,NA,NA,NA,NA,NA,no,no,30964.999999999996
1823,50,12,high school,female,south,not very strong democrat,NA,NA,favor,NA,not harshly enough,should be legal,NA,NA,NA,NA,NA,56299.99999999999
1824,58,8,less than high school,female,south,not very strong democrat,liberal,NA,NA,favor,NA,NA,NA,NA,NA,no,yes,18297.5
1825,26,12,high school,female,south,"independent (neither, no response)","moderate, middle of the road",too little,favor,oppose,NA,should be legal,no,no,yes,no,no,6333.749999999999
1826,49,11,high school,female,south,"independent (neither, no response)","moderate, middle of the road",too little,NA,favor,NA,NA,NA,NA,NA,yes,no,5066.999999999999
1827,38,15,associate/junior college,male,south,"independent (neither, no response)","moderate, middle of the road",too little,oppose,favor,NA,NA,yes,no,yes,no,no,56299.99999999999
1828,24,11,less than high school,female,south,"independent (neither, no response)","moderate, middle of the road",too much,NA,oppose,NA,NA,NA,NA,NA,yes,no,18297.5
1829,66,13,high school,female,south,"independent, close to republican",conservative,NA,oppose,favor,NA,NA,NA,NA,NA,yes,yes,3659.4999999999995
1830,62,10,high school,female,south,not very strong republican,"moderate, middle of the road",too little,favor,NA,NA,NA,yes,no,yes,NA,NA,56299.99999999999
1831,22,14,associate/junior college,female,south,not very strong democrat,"moderate, middle of the road",too little,oppose,NA,about right,should be legal,no,yes,yes,NA,NA,9148.75
1832,49,10,high school,female,south,"independent, close to democrat",extremely liberal,too little,oppose,favor,not harshly enough,should be legal,yes,no,yes,no,no,281.5
1833,77,18,graduate,male,south,"independent, close to democrat",slightly liberal,about right,oppose,favor,too harshly,should be legal,no,no,yes,no,yes,78819.99999999999
1834,39,18,graduate,male,south,"independent, close to democrat",slightly conservative,about right,oppose,NA,NA,NA,yes,no,no,NA,NA,NA
1835,53,10,high school,female,south,not very strong republican,"moderate, middle of the road",NA,NA,favor,NA,NA,NA,NA,NA,no,yes,46447.49999999999
1836,50,12,high school,female,south,"independent (neither, no response)",extremely conservative,NA,favor,NA,not harshly enough,should not be legal,NA,NA,NA,NA,NA,25334.999999999996
1837,71,14,high school,female,south,strong democrat,conservative,NA,oppose,favor,NA,NA,NA,NA,NA,yes,no,6333.749999999999
1838,44,15,high school,female,south,"independent (neither, no response)","moderate, middle of the road",too little,favor,NA,NA,NA,yes,no,no,NA,NA,25334.999999999996
1839,NA,16,bachelor's,male,south,not very strong republican,conservative,NA,favor,NA,NA,NA,NA,NA,NA,NA,NA,NA
1840,57,16,bachelor's,female,south,not very strong republican,conservative,NA,NA,favor,NA,NA,NA,NA,NA,no,yes,NA
1841,NA,16,bachelor's,male,south,"independent, close to republican",conservative,about right,NA,oppose,NA,NA,NA,NA,NA,no,NA,NA
1842,48,16,bachelor's,female,south,not very strong republican,slightly conservative,NA,NA,oppose,NA,should not be legal,NA,NA,NA,no,no,46447.49999999999
1843,79,0,less than high school,NA,south,"independent (neither, no response)","moderate, middle of the road",NA,favor,oppose,NA,NA,NA,NA,NA,no,no,NA
1844,NA,17,graduate,female,south,not very strong republican,"moderate, middle of the road",NA,NA,favor,NA,NA,NA,NA,NA,yes,yes,46447.49999999999
1845,61,16,bachelor's,female,south,strong republican,conservative,too little,favor,favor,NA,NA,yes,no,yes,no,yes,56299.99999999999
1846,57,14,high school,male,south,strong republican,conservative,NA,favor,NA,NA,NA,NA,NA,NA,NA,NA,NA
1847,85,16,bachelor's,female,south,strong republican,extremely conservative,NA,oppose,NA,not harshly enough,should not be legal,NA,NA,NA,NA,NA,38002.49999999999
1848,68,17,graduate,female,south,NA,"moderate, middle of the road",about right,NA,favor,NA,NA,NA,NA,NA,no,no,NA
1849,51,13,high school,female,south,not very strong democrat,slightly conservative,NA,oppose,favor,NA,NA,NA,NA,NA,no,yes,56299.99999999999
1850,87,14,high school,female,south,strong republican,extremely conservative,too little,NA,NA,about right,NA,yes,no,yes,no,no,13371.249999999998
1851,28,15,associate/junior college,male,south,not very strong republican,"moderate, middle of the road",too little,NA,oppose,NA,NA,NA,NA,NA,no,yes,46447.49999999999
1852,32,18,graduate,male,south,"independent (neither, no response)","moderate, middle of the road",NA,favor,favor,NA,NA,NA,NA,NA,no,yes,67560
1853,73,17,bachelor's,female,south,strong democrat,slightly liberal,about right,oppose,favor,NA,NA,no,no,yes,yes,no,30964.999999999996
1854,68,20,graduate,male,south,strong democrat,liberal,about right,NA,favor,NA,NA,NA,NA,NA,no,no,67560
1855,62,16,bachelor's,female,south,strong republican,conservative,about right,NA,oppose,NA,NA,NA,NA,NA,yes,yes,78819.99999999999
1856,72,17,bachelor's,female,south,"independent, close to republican",slightly conservative,NA,favor,oppose,NA,NA,NA,NA,NA,yes,yes,25334.999999999996
1857,68,16,bachelor's,female,south,strong republican,conservative,too little,NA,oppose,NA,NA,NA,NA,NA,yes,yes,38002.49999999999
1858,54,16,graduate,female,south,strong republican,conservative,NA,NA,favor,NA,NA,NA,NA,NA,yes,no,139024.36558999997
1859,87,19,bachelor's,male,south,not very strong republican,slightly conservative,NA,favor,favor,NA,NA,NA,NA,NA,no,yes,13371.249999999998
1860,77,12,high school,female,south,strong republican,conservative,too little,NA,favor,NA,NA,NA,NA,NA,no,no,21112.499999999996
1861,27,13,graduate,female,south,"independent (neither, no response)",slightly liberal,too much,favor,favor,NA,NA,yes,no,yes,yes,no,21112.499999999996
1862,23,15,high school,NA,south,NA,NA,too little,oppose,favor,NA,NA,no,no,no,yes,yes,NA
1863,25,14,high school,male,south,not very strong republican,"moderate, middle of the road",NA,NA,oppose,NA,NA,NA,NA,NA,yes,yes,25334.999999999996
1864,45,17,bachelor's,female,south,"independent (neither, no response)","moderate, middle of the road",about right,NA,favor,NA,NA,NA,NA,NA,yes,no,38002.49999999999
1865,19,12,high school,male,midwest,not very strong democrat,"moderate, middle of the road",NA,NA,favor,NA,NA,NA,NA,NA,yes,no,139024.36558999997
1866,53,16,bachelor's,male,midwest,"independent, close to democrat","moderate, middle of the road",too little,favor,NA,NA,NA,no,yes,yes,NA,NA,38002.49999999999
1867,67,14,associate/junior college,female,midwest,"independent (neither, no response)",slightly conservative,too little,favor,favor,NA,NA,yes,no,yes,yes,yes,139024.36558999997
1868,20,12,high school,male,midwest,strong republican,NA,NA,oppose,favor,NA,NA,NA,NA,NA,yes,yes,67560
1869,44,13,high school,male,midwest,"independent, close to republican","moderate, middle of the road",NA,favor,oppose,NA,NA,NA,NA,NA,yes,yes,67560
1870,83,13,high school,male,midwest,not very strong republican,conservative,NA,NA,favor,NA,NA,NA,NA,NA,no,yes,30964.999999999996
1871,76,17,high school,male,midwest,strong democrat,liberal,too little,favor,favor,NA,should be legal,no,no,yes,no,no,10556.249999999998
1872,80,12,high school,female,midwest,strong republican,conservative,too little,favor,NA,NA,NA,yes,no,yes,NA,NA,15482.499999999998
1873,75,18,graduate,male,midwest,strong republican,conservative,too little,NA,oppose,NA,NA,NA,NA,NA,no,yes,25334.999999999996
1874,32,6,less than high school,NA,midwest,"independent, close to democrat","moderate, middle of the road",about right,favor,NA,NA,NA,no,no,no,NA,NA,6333.749999999999
1875,26,15,associate/junior college,male,midwest,"independent (neither, no response)",slightly liberal,NA,favor,oppose,about right,should be legal,NA,NA,NA,no,yes,30964.999999999996
1876,68,13,high school,female,midwest,not very strong democrat,"moderate, middle of the road",too little,favor,NA,NA,should be legal,yes,yes,no,NA,NA,25334.999999999996
1877,38,12,high school,female,midwest,"independent (neither, no response)","moderate, middle of the road",NA,favor,favor,NA,NA,NA,NA,NA,yes,no,46447.49999999999
1878,60,14,associate/junior college,female,midwest,strong republican,conservative,too little,oppose,NA,NA,NA,yes,no,no,NA,NA,NA
1879,40,14,high school,male,midwest,"independent, close to democrat",slightly liberal,too little,oppose,favor,NA,NA,yes,no,yes,no,no,90079.99999999999
1880,71,12,high school,male,midwest,not very strong democrat,slightly liberal,NA,NA,favor,NA,NA,NA,NA,NA,no,yes,25334.999999999996
1881,61,12,high school,female,midwest,"independent (neither, no response)","moderate, middle of the road",NA,favor,NA,NA,NA,NA,NA,NA,NA,NA,15482.499999999998
1882,39,12,high school,female,midwest,not very strong democrat,liberal,NA,NA,favor,NA,NA,NA,NA,NA,no,no,21112.499999999996
1883,25,17,bachelor's,female,midwest,not very strong democrat,"moderate, middle of the road",NA,NA,favor,NA,NA,NA,NA,NA,yes,no,30964.999999999996
1884,37,16,bachelor's,male,midwest,"independent, close to democrat",slightly liberal,too little,oppose,favor,NA,NA,yes,no,yes,yes,no,21112.499999999996
1885,34,16,bachelor's,female,midwest,"independent, close to democrat",slightly liberal,NA,oppose,favor,NA,NA,NA,NA,NA,yes,no,56299.99999999999
1886,45,17,graduate,male,midwest,not very strong democrat,"moderate, middle of the road",too little,oppose,NA,NA,NA,no,no,no,NA,NA,NA
1887,61,11,high school,female,midwest,other party,conservative,NA,oppose,oppose,not harshly enough,should be legal,NA,NA,NA,yes,no,6333.749999999999
1888,70,13,high school,male,midwest,strong democrat,liberal,NA,NA,favor,NA,NA,NA,NA,NA,no,yes,9148.75
1889,23,12,high school,male,midwest,"independent (neither, no response)",slightly liberal,NA,favor,favor,NA,NA,NA,NA,NA,no,yes,13371.249999999998
1890,64,18,graduate,male,midwest,strong democrat,"moderate, middle of the road",about right,NA,favor,NA,NA,NA,NA,NA,no,no,139024.36558999997
1891,64,12,high school,female,midwest,not very strong democrat,slightly liberal,NA,oppose,favor,NA,should be legal,no,no,yes,no,no,13371.249999999998
1892,59,16,bachelor's,female,midwest,not very strong democrat,slightly liberal,too little,NA,favor,NA,NA,NA,NA,NA,no,yes,78819.99999999999
1893,46,12,high school,male,midwest,"independent, close to republican",slightly conservative,about right,favor,oppose,about right,should be legal,yes,no,yes,no,yes,46447.49999999999
1894,25,13,high school,female,midwest,"independent (neither, no response)","moderate, middle of the road",about right,favor,NA,not harshly enough,NA,yes,no,yes,NA,NA,30964.999999999996
1895,38,11,less than high school,female,midwest,"independent (neither, no response)","moderate, middle of the road",about right,favor,NA,NA,NA,yes,no,yes,NA,NA,30964.999999999996
1896,43,10,high school,male,midwest,not very strong republican,conservative,NA,favor,NA,about right,should be legal,NA,NA,NA,NA,NA,38002.49999999999
1897,53,16,bachelor's,male,midwest,"independent, close to republican","moderate, middle of the road",NA,favor,oppose,not harshly enough,NA,NA,NA,NA,no,yes,67560
1898,27,18,graduate,female,south,"independent, close to democrat",liberal,about right,NA,favor,NA,NA,NA,NA,NA,yes,no,25334.999999999996
1899,24,16,bachelor's,female,south,strong democrat,liberal,too little,NA,favor,NA,NA,NA,NA,NA,yes,no,46447.49999999999
1900,64,14,associate/junior college,female,south,not very strong democrat,"moderate, middle of the road",about right,oppose,NA,NA,NA,yes,no,yes,NA,NA,11963.749999999998
1901,28,18,graduate,female,south,"independent (neither, no response)",conservative,NA,favor,NA,NA,NA,NA,NA,NA,NA,NA,46447.49999999999
1902,23,18,graduate,male,south,"independent (neither, no response)",NA,NA,NA,favor,NA,NA,NA,NA,NA,yes,no,18297.5
1903,22,16,bachelor's,female,south,strong democrat,liberal,too little,favor,NA,NA,NA,yes,no,yes,NA,NA,7741.249999999999
1904,21,16,high school,female,south,"independent, close to democrat",liberal,too little,oppose,favor,NA,NA,yes,no,yes,yes,no,11963.749999999998
1905,37,17,high school,male,south,not very strong republican,slightly conservative,too little,NA,oppose,NA,NA,NA,NA,NA,yes,no,46447.49999999999
1906,47,15,associate/junior college,female,south,"independent (neither, no response)","moderate, middle of the road",NA,NA,favor,about right,should be legal,NA,NA,NA,no,no,30964.999999999996
1907,NA,16,bachelor's,female,south,not very strong democrat,liberal,NA,oppose,favor,NA,NA,NA,NA,NA,yes,yes,9148.75
1908,26,16,bachelor's,female,south,not very strong democrat,slightly liberal,NA,NA,favor,NA,NA,NA,NA,NA,no,yes,30964.999999999996
1909,36,20,graduate,female,south,strong democrat,liberal,too little,oppose,NA,about right,should be legal,no,no,yes,NA,NA,30964.999999999996
1910,24,16,bachelor's,female,south,"independent (neither, no response)",slightly liberal,too little,NA,favor,NA,NA,NA,NA,NA,yes,no,1970.4999999999998
1911,34,7,less than high school,female,south,"independent, close to democrat",slightly liberal,NA,oppose,favor,NA,NA,NA,NA,NA,no,yes,30964.999999999996
1912,28,15,high school,male,south,"independent (neither, no response)",extremely liberal,NA,NA,oppose,NA,NA,NA,NA,NA,no,no,10556.249999999998
1913,80,12,high school,female,south,strong republican,conservative,NA,favor,NA,not harshly enough,should not be legal,NA,NA,NA,NA,NA,30964.999999999996
1914,66,12,high school,male,south,strong republican,slightly liberal,NA,oppose,favor,not harshly enough,should not be legal,NA,NA,NA,no,yes,NA
1915,61,14,high school,male,south,strong republican,conservative,too little,NA,oppose,NA,NA,NA,NA,NA,no,yes,10556.249999999998
1916,55,14,associate/junior college,male,south,"independent, close to republican",extremely conservative,NA,favor,NA,NA,NA,NA,NA,NA,NA,NA,30964.999999999996
1917,41,16,bachelor's,female,south,strong republican,conservative,NA,NA,oppose,NA,NA,NA,NA,NA,no,yes,139024.36558999997
1918,39,6,less than high school,female,south,"independent (neither, no response)","moderate, middle of the road",too little,oppose,NA,NA,NA,no,no,no,NA,NA,NA
1919,74,12,high school,male,south,strong republican,conservative,too little,favor,NA,NA,NA,yes,yes,yes,NA,NA,21112.499999999996
1920,34,9,less than high school,male,south,"independent, close to republican","moderate, middle of the road",too little,NA,favor,NA,NA,NA,NA,NA,no,yes,56299.99999999999
1921,74,12,high school,male,south,"independent (neither, no response)",conservative,NA,NA,oppose,NA,NA,NA,NA,NA,no,yes,21112.499999999996
1922,69,16,graduate,female,south,"independent, close to republican",extremely conservative,NA,NA,oppose,NA,NA,NA,NA,NA,yes,refused,NA
1923,26,12,high school,male,south,"independent (neither, no response)","moderate, middle of the road",NA,oppose,NA,NA,NA,NA,NA,NA,NA,NA,281.5
1924,75,12,high school,female,south,strong republican,conservative,NA,favor,favor,not harshly enough,should be legal,NA,NA,NA,yes,yes,NA
1925,76,19,graduate,male,south,"independent, close to republican","moderate, middle of the road",too little,NA,favor,NA,NA,yes,no,yes,no,yes,38002.49999999999
1926,23,16,bachelor's,male,south,not very strong republican,conservative,NA,oppose,NA,NA,NA,NA,NA,NA,NA,NA,18297.5
1927,69,12,high school,female,south,strong republican,extremely conservative,NA,favor,NA,NA,NA,NA,NA,NA,NA,NA,46447.49999999999
1928,74,15,associate/junior college,male,south,strong republican,conservative,too little,favor,NA,NA,NA,yes,no,no,NA,NA,25334.999999999996
1929,34,20,graduate,male,south,"independent (neither, no response)","moderate, middle of the road",too little,favor,NA,NA,NA,yes,no,yes,NA,NA,38002.49999999999
1930,18,12,high school,male,south,strong democrat,liberal,about right,NA,favor,NA,NA,NA,NA,NA,no,yes,139024.36558999997
1931,69,20,bachelor's,male,south,strong republican,conservative,NA,favor,NA,NA,NA,NA,NA,NA,NA,NA,56299.99999999999
1932,36,12,high school,female,south,"independent (neither, no response)","moderate, middle of the road",too little,favor,oppose,not harshly enough,should be legal,yes,yes,yes,no,no,18297.5
1933,41,14,associate/junior college,female,south,not very strong republican,conservative,NA,favor,NA,NA,NA,NA,NA,NA,NA,NA,78819.99999999999
1934,41,20,graduate,female,northeast,"independent (neither, no response)","moderate, middle of the road",NA,favor,favor,NA,NA,NA,NA,NA,no,yes,139024.36558999997
1935,39,12,high school,female,northeast,strong republican,NA,NA,favor,NA,not harshly enough,NA,NA,NA,NA,NA,NA,78819.99999999999
1936,49,14,associate/junior college,female,northeast,"independent, close to republican",conservative,NA,NA,oppose,NA,NA,NA,NA,NA,yes,yes,25334.999999999996
1937,71,18,graduate,female,northeast,strong democrat,liberal,NA,NA,favor,NA,NA,NA,NA,NA,no,yes,67560
1938,52,14,high school,female,northeast,strong republican,conservative,too little,favor,NA,NA,NA,yes,no,yes,NA,NA,18297.5
1939,43,16,bachelor's,female,northeast,strong democrat,liberal,NA,favor,NA,NA,NA,NA,NA,NA,NA,NA,90079.99999999999
1940,69,16,bachelor's,female,northeast,strong republican,extremely conservative,too little,oppose,NA,NA,NA,yes,no,yes,NA,NA,56299.99999999999
1941,35,12,high school,male,northeast,strong republican,conservative,too little,favor,NA,NA,NA,yes,no,yes,NA,NA,46447.49999999999
1942,57,10,less than high school,female,northeast,"independent, close to democrat","moderate, middle of the road",about right,oppose,favor,about right,should not be legal,yes,no,yes,no,no,7741.249999999999
1943,72,12,high school,female,northeast,"independent (neither, no response)","moderate, middle of the road",too little,favor,favor,NA,NA,no,no,yes,yes,no,21112.499999999996
1944,31,16,associate/junior college,female,northeast,other party,"moderate, middle of the road",NA,favor,NA,NA,NA,NA,NA,NA,NA,NA,38002.49999999999
1945,NA,12,high school,female,northeast,strong republican,conservative,NA,NA,favor,NA,NA,NA,NA,NA,no,no,NA
1946,52,17,associate/junior college,male,northeast,strong republican,conservative,too much,NA,oppose,NA,NA,NA,NA,NA,no,yes,281.5
1947,70,12,high school,female,northeast,strong democrat,"moderate, middle of the road",too little,favor,favor,NA,NA,no,no,yes,no,yes,30964.999999999996
1948,47,12,high school,female,northeast,not very strong republican,slightly conservative,too little,favor,NA,NA,NA,yes,no,yes,NA,NA,13371.249999999998
1949,65,13,high school,male,northeast,not very strong republican,slightly conservative,NA,favor,NA,NA,NA,NA,NA,NA,NA,NA,38002.49999999999
1950,85,19,graduate,male,northeast,"independent, close to republican",slightly conservative,too little,favor,NA,NA,NA,yes,no,no,NA,NA,78819.99999999999
1951,65,18,graduate,male,northeast,strong republican,conservative,NA,favor,NA,not harshly enough,should not be legal,NA,NA,NA,NA,NA,25334.999999999996
1952,47,12,high school,male,northeast,strong republican,conservative,too little,favor,NA,NA,NA,yes,no,yes,NA,NA,90079.99999999999
1953,27,17,bachelor's,female,northeast,"independent (neither, no response)","moderate, middle of the road",NA,favor,favor,NA,NA,NA,NA,NA,no,no,56299.99999999999
1954,33,12,high school,female,northeast,strong republican,slightly conservative,NA,favor,favor,NA,NA,NA,NA,NA,no,yes,4222.5
1955,42,16,bachelor's,female,northeast,"independent (neither, no response)","moderate, middle of the road",about right,favor,NA,NA,NA,yes,no,yes,NA,NA,67560
1956,64,12,high school,female,northeast,strong republican,conservative,NA,oppose,oppose,NA,NA,NA,NA,NA,no,yes,30964.999999999996
1957,58,12,high school,male,northeast,strong republican,conservative,about right,NA,favor,NA,NA,NA,NA,NA,no,no,21112.499999999996
1958,53,12,high school,female,northeast,"independent (neither, no response)","moderate, middle of the road",NA,NA,oppose,NA,NA,NA,NA,NA,no,yes,38002.49999999999
1959,66,16,bachelor's,female,northeast,not very strong democrat,slightly liberal,NA,oppose,favor,NA,should be legal,NA,NA,NA,yes,no,NA
1960,63,15,high school,female,northeast,not very strong democrat,"moderate, middle of the road",too little,NA,favor,NA,NA,NA,NA,NA,no,no,38002.49999999999
1961,48,13,high school,female,northeast,"independent, close to democrat","moderate, middle of the road",NA,favor,NA,NA,NA,NA,NA,NA,NA,NA,78819.99999999999
1962,89,19,graduate,male,northeast,strong republican,"moderate, middle of the road",too little,favor,favor,not harshly enough,should be legal,yes,yes,yes,no,no,67560
1963,78,16,bachelor's,male,northeast,strong democrat,slightly liberal,NA,NA,favor,NA,NA,NA,NA,NA,no,no,67560
1964,41,16,bachelor's,female,northeast,not very strong democrat,slightly liberal,NA,NA,favor,NA,NA,NA,NA,NA,no,yes,67560
1965,42,18,graduate,female,northeast,"independent, close to republican","moderate, middle of the road",too little,favor,NA,NA,NA,yes,no,yes,NA,NA,67560
1966,29,18,bachelor's,male,northeast,not very strong republican,slightly conservative,too little,oppose,NA,not harshly enough,should be legal,no,no,yes,NA,NA,NA
1967,65,16,bachelor's,female,northeast,strong republican,conservative,NA,favor,NA,NA,NA,NA,NA,NA,NA,NA,56299.99999999999
1968,67,14,high school,female,northeast,"independent (neither, no response)","moderate, middle of the road",too little,favor,oppose,about right,should be legal,yes,no,yes,no,no,11963.749999999998
1969,62,19,graduate,female,northeast,"independent, close to democrat",liberal,NA,oppose,NA,NA,NA,NA,NA,NA,NA,NA,15482.499999999998
1970,46,14,high school,male,northeast,"independent, close to republican",slightly conservative,too little,favor,NA,too harshly,should be legal,yes,no,yes,NA,NA,56299.99999999999
1971,52,17,associate/junior college,female,northeast,strong democrat,slightly liberal,NA,favor,NA,NA,NA,NA,NA,NA,NA,NA,46447.49999999999
1972,75,14,high school,female,northeast,"independent (neither, no response)",conservative,too little,NA,oppose,NA,NA,NA,NA,NA,no,yes,38002.49999999999
1973,76,10,less than high school,female,northeast,"independent, close to republican","moderate, middle of the road",NA,oppose,oppose,not harshly enough,should be legal,NA,NA,NA,yes,no,6333.749999999999
1974,38,12,high school,male,northeast,strong republican,liberal,too little,favor,NA,NA,NA,no,no,no,NA,NA,4222.5
1975,72,12,high school,male,northeast,strong democrat,slightly liberal,too little,favor,NA,about right,should be legal,yes,no,yes,NA,NA,30964.999999999996
1976,64,17,bachelor's,female,northeast,strong republican,conservative,NA,NA,favor,NA,NA,NA,NA,NA,no,no,30964.999999999996
1977,77,20,graduate,male,northeast,strong democrat,liberal,NA,oppose,NA,about right,should be legal,NA,NA,NA,NA,NA,46447.49999999999
1978,61,17,bachelor's,female,northeast,"independent, close to democrat",slightly liberal,NA,oppose,favor,NA,NA,NA,NA,NA,yes,no,139024.36558999997
1979,38,16,bachelor's,male,northeast,"independent, close to democrat",liberal,NA,oppose,NA,NA,should be legal,NA,NA,NA,NA,NA,78819.99999999999
1980,52,16,bachelor's,female,northeast,strong democrat,"moderate, middle of the road",about right,NA,favor,NA,NA,NA,NA,NA,no,no,67560
1981,64,16,bachelor's,female,northeast,"independent, close to democrat",slightly liberal,too little,NA,favor,NA,NA,NA,NA,NA,yes,no,67560
1982,42,12,high school,female,northeast,not very strong democrat,"moderate, middle of the road",about right,NA,favor,NA,NA,NA,NA,NA,no,no,38002.49999999999
1983,31,19,graduate,male,northeast,not very strong democrat,slightly liberal,too much,oppose,favor,NA,NA,yes,no,yes,no,no,78819.99999999999
1984,54,13,high school,male,northeast,"independent (neither, no response)","moderate, middle of the road",NA,favor,favor,NA,NA,NA,NA,NA,no,yes,56299.99999999999
1985,41,17,associate/junior college,female,northeast,strong democrat,liberal,NA,oppose,NA,NA,NA,NA,NA,NA,NA,NA,30964.999999999996
1986,29,20,bachelor's,male,northeast,"independent, close to democrat",slightly conservative,NA,favor,NA,NA,NA,NA,NA,NA,NA,NA,18297.5
1987,48,12,high school,male,northeast,strong democrat,extremely liberal,too little,NA,favor,NA,NA,NA,NA,NA,no,no,46447.49999999999
1988,35,12,high school,female,northeast,not very strong republican,"moderate, middle of the road",NA,oppose,NA,not harshly enough,should be legal,NA,NA,NA,NA,NA,30964.999999999996
1989,85,16,bachelor's,female,northeast,"independent, close to democrat",slightly conservative,too little,oppose,favor,not harshly enough,should be legal,no,no,no,no,no,13371.249999999998
1990,62,12,high school,female,northeast,strong republican,"moderate, middle of the road",too little,NA,oppose,NA,NA,NA,NA,NA,no,no,4222.5
1991,52,13,high school,female,northeast,not very strong republican,"moderate, middle of the road",NA,NA,favor,NA,NA,NA,NA,NA,no,no,46447.49999999999
1992,64,13,high school,male,northeast,strong republican,conservative,about right,favor,oppose,not harshly enough,should be legal,yes,no,yes,no,yes,56299.99999999999
1993,62,12,high school,male,northeast,"independent, close to republican",slightly liberal,NA,oppose,NA,not harshly enough,should be legal,NA,NA,NA,NA,NA,9148.75
1994,30,11,high school,male,northeast,"independent (neither, no response)","moderate, middle of the road",too little,NA,favor,NA,NA,NA,NA,NA,no,no,NA
1995,89,18,graduate,female,northeast,strong republican,conservative,NA,favor,favor,not harshly enough,NA,NA,NA,NA,no,no,38002.49999999999
1996,55,15,associate/junior college,female,northeast,strong democrat,"moderate, middle of the road",NA,favor,NA,NA,NA,NA,NA,NA,NA,NA,30964.999999999996
1997,67,12,high school,female,northeast,"independent (neither, no response)","moderate, middle of the road",NA,NA,favor,NA,NA,NA,NA,NA,no,no,6333.749999999999
1998,32,18,graduate,female,northeast,"independent (neither, no response)",slightly liberal,NA,NA,oppose,NA,NA,NA,NA,NA,yes,no,38002.49999999999
1999,60,14,bachelor's,female,northeast,"independent (neither, no response)","moderate, middle of the road",too little,oppose,oppose,NA,NA,no,no,yes,no,no,NA
2000,43,16,high school,male,northeast,not very strong republican,conservative,too little,NA,oppose,NA,NA,NA,NA,NA,no,yes,56299.99999999999
2001,66,12,high school,female,northeast,"independent (neither, no response)","moderate, middle of the road",too little,favor,favor,NA,NA,yes,no,yes,no,yes,NA
2002,62,16,bachelor's,male,northeast,"independent (neither, no response)",slightly conservative,NA,favor,oppose,NA,NA,NA,NA,NA,no,NA,38002.49999999999
2003,46,12,high school,male,northeast,"independent (neither, no response)",conservative,NA,favor,NA,NA,NA,NA,NA,NA,NA,NA,56299.99999999999
2004,71,0,less than high school,female,northeast,"independent (neither, no response)",NA,NA,oppose,oppose,not harshly enough,should be legal,NA,NA,NA,NA,no,NA
2005,35,9,less than high school,male,northeast,not very strong democrat,conservative,NA,favor,NA,about right,should not be legal,NA,NA,NA,NA,NA,38002.49999999999
2006,20,14,high school,male,northeast,strong democrat,liberal,too little,oppose,favor,NA,NA,yes,no,yes,no,no,67560
2007,89,8,less than high school,female,northeast,"independent (neither, no response)",slightly conservative,NA,favor,NA,not harshly enough,should not be legal,no,NA,NA,NA,NA,11963.749999999998
2008,63,14,associate/junior college,male,northeast,"independent (neither, no response)",liberal,too little,oppose,NA,NA,NA,yes,no,yes,NA,NA,46447.49999999999
2009,80,14,high school,male,northeast,other party,liberal,NA,NA,favor,NA,NA,NA,NA,NA,no,no,30964.999999999996
2010,61,18,graduate,female,northeast,strong democrat,slightly liberal,NA,NA,favor,NA,NA,NA,NA,NA,no,no,67560
2011,31,16,bachelor's,female,northeast,strong republican,extremely conservative,NA,favor,favor,not harshly enough,NA,NA,NA,NA,no,yes,46447.49999999999
2012,26,18,graduate,male,northeast,"independent, close to democrat",slightly liberal,NA,favor,favor,NA,NA,NA,NA,NA,yes,no,NA
2013,72,18,graduate,female,northeast,not very strong democrat,slightly liberal,too little,oppose,NA,NA,NA,yes,no,yes,NA,NA,38002.49999999999
2014,34,16,bachelor's,male,northeast,"independent (neither, no response)","moderate, middle of the road",about right,oppose,oppose,NA,should be legal,yes,no,yes,no,no,25334.999999999996
2015,57,18,associate/junior college,female,northeast,strong democrat,liberal,NA,NA,favor,NA,NA,NA,NA,NA,no,no,18297.5
2016,66,12,high school,male,south,strong republican,conservative,too little,NA,oppose,NA,NA,NA,NA,NA,no,yes,67560
2017,35,17,bachelor's,female,south,"independent, close to democrat",liberal,NA,favor,NA,NA,NA,NA,NA,NA,NA,NA,46447.49999999999
2018,61,14,associate/junior college,female,south,"independent, close to republican",slightly conservative,NA,favor,NA,not harshly enough,should be legal,NA,NA,NA,NA,NA,21112.499999999996
2019,49,14,high school,female,south,not very strong democrat,liberal,about right,oppose,NA,NA,NA,no,no,yes,NA,NA,25334.999999999996
2020,65,17,bachelor's,male,south,not very strong republican,extremely conservative,NA,NA,favor,NA,NA,NA,NA,NA,no,no,15482.499999999998
2021,30,20,graduate,male,south,strong republican,conservative,NA,NA,oppose,NA,NA,NA,NA,NA,yes,yes,139024.36558999997
2022,37,18,high school,male,south,"independent, close to republican",slightly conservative,too little,oppose,NA,not harshly enough,should be legal,yes,no,yes,NA,NA,38002.49999999999
2023,66,12,high school,male,south,strong republican,extremely conservative,NA,favor,oppose,not harshly enough,should be legal,NA,NA,NA,no,yes,25334.999999999996
2024,33,16,associate/junior college,female,south,strong republican,conservative,NA,NA,oppose,NA,NA,NA,NA,NA,no,yes,56299.99999999999
2025,47,12,high school,male,south,strong republican,conservative,about right,favor,oppose,NA,NA,no,no,yes,no,yes,90079.99999999999
2026,67,18,graduate,female,south,not very strong republican,conservative,too little,favor,oppose,NA,NA,yes,no,yes,no,no,21112.499999999996
2027,24,12,high school,female,south,not very strong republican,conservative,NA,NA,oppose,NA,NA,NA,NA,NA,no,yes,NA
2028,66,12,high school,female,south,strong republican,extremely conservative,NA,NA,favor,NA,NA,NA,NA,NA,no,yes,56299.99999999999
2029,69,14,associate/junior college,male,south,not very strong republican,conservative,too little,NA,oppose,NA,NA,NA,NA,NA,no,refused,15482.499999999998
2030,69,12,high school,female,south,"independent (neither, no response)","moderate, middle of the road",about right,oppose,NA,about right,should be legal,no,no,yes,NA,NA,7741.249999999999
2031,63,20,high school,female,south,"independent, close to democrat","moderate, middle of the road",too little,NA,favor,NA,NA,NA,NA,NA,no,yes,139024.36558999997
2032,18,12,high school,male,south,"independent (neither, no response)",liberal,NA,NA,oppose,NA,NA,NA,NA,NA,yes,yes,NA
2033,28,12,less than high school,female,south,not very strong republican,liberal,too little,favor,NA,NA,NA,no,no,no,NA,NA,21112.499999999996
2034,82,14,high school,male,south,not very strong republican,"moderate, middle of the road",NA,NA,favor,NA,NA,NA,NA,NA,yes,yes,38002.49999999999
2035,43,15,high school,male,south,not very strong democrat,slightly liberal,NA,favor,NA,not harshly enough,should be legal,no,no,yes,NA,NA,46447.49999999999
2036,46,13,high school,male,south,"independent (neither, no response)",conservative,too little,NA,oppose,NA,NA,NA,NA,NA,yes,yes,18297.5
2037,19,13,high school,female,south,not very strong democrat,extremely liberal,NA,NA,favor,NA,NA,NA,NA,NA,yes,no,7741.249999999999
2038,74,12,high school,female,south,not very strong republican,slightly conservative,NA,favor,NA,NA,NA,NA,NA,NA,NA,NA,30964.999999999996
2039,84,16,bachelor's,male,south,strong republican,extremely conservative,NA,NA,oppose,NA,NA,NA,NA,NA,no,no,38002.49999999999
2040,63,12,high school,female,south,"independent (neither, no response)",conservative,about right,oppose,oppose,about right,NA,no,no,no,no,no,NA
2041,31,0,less than high school,female,south,"independent (neither, no response)",conservative,too little,NA,NA,about right,NA,no,no,yes,NA,NA,281.5
2042,30,12,high school,female,south,"independent (neither, no response)",slightly liberal,NA,favor,favor,NA,NA,NA,NA,NA,yes,no,25334.999999999996
2043,34,12,high school,male,south,"independent (neither, no response)","moderate, middle of the road",NA,oppose,NA,NA,NA,NA,NA,NA,NA,NA,30964.999999999996
2044,25,12,high school,male,south,"independent (neither, no response)","moderate, middle of the road",NA,NA,oppose,NA,NA,NA,NA,NA,no,no,NA
2045,29,12,high school,male,south,strong democrat,extremely conservative,too little,NA,favor,NA,NA,NA,NA,NA,no,no,11963.749999999998
2046,57,11,less than high school,female,south,"independent (neither, no response)","moderate, middle of the road",too little,oppose,NA,not harshly enough,should not be legal,no,no,yes,NA,NA,7741.249999999999
2047,29,12,high school,male,south,other party,slightly conservative,NA,favor,oppose,not harshly enough,should not be legal,NA,NA,NA,yes,no,NA
2048,34,12,less than high school,male,south,"independent (neither, no response)",slightly liberal,NA,oppose,NA,NA,NA,NA,NA,NA,NA,NA,11963.749999999998
2049,39,12,less than high school,female,south,"independent (neither, no response)",NA,NA,favor,favor,not harshly enough,should be legal,NA,NA,NA,yes,no,NA
2050,40,14,associate/junior college,female,midwest,strong republican,extremely conservative,too little,NA,favor,NA,NA,NA,NA,NA,no,yes,139024.36558999997
2051,58,12,high school,female,midwest,not very strong republican,conservative,NA,favor,favor,not harshly enough,should be legal,NA,NA,NA,no,yes,25334.999999999996
2052,73,13,high school,female,midwest,strong republican,conservative,about right,NA,oppose,NA,NA,NA,NA,NA,no,yes,NA
2053,54,12,high school,female,midwest,"independent, close to democrat","moderate, middle of the road",too little,oppose,NA,not harshly enough,should be legal,no,no,yes,NA,NA,30964.999999999996
2054,55,16,associate/junior college,female,midwest,strong republican,conservative,NA,favor,oppose,NA,NA,NA,NA,NA,yes,NA,30964.999999999996
2055,32,12,high school,male,midwest,strong republican,slightly conservative,NA,favor,NA,NA,NA,NA,NA,NA,NA,NA,56299.99999999999
2056,76,17,graduate,male,midwest,"independent (neither, no response)",slightly conservative,too little,oppose,oppose,NA,NA,yes,no,yes,no,yes,25334.999999999996
2057,19,12,high school,male,midwest,"independent (neither, no response)","moderate, middle of the road",too little,NA,favor,NA,NA,NA,NA,NA,no,yes,139024.36558999997
2058,49,11,less than high school,female,midwest,"independent (neither, no response)","moderate, middle of the road",too little,favor,NA,NA,NA,yes,yes,yes,NA,NA,38002.49999999999
2059,40,9,high school,female,midwest,"independent, close to republican",slightly conservative,NA,NA,NA,too harshly,should be legal,NA,NA,NA,NA,NA,6333.749999999999
2060,78,18,high school,male,midwest,other party,"moderate, middle of the road",about right,NA,favor,about right,NA,yes,no,yes,no,yes,30964.999999999996
2061,46,17,bachelor's,male,midwest,not very strong democrat,slightly liberal,about right,NA,favor,NA,NA,NA,NA,NA,no,no,46447.49999999999
2062,28,16,bachelor's,male,midwest,strong democrat,liberal,NA,oppose,NA,NA,NA,NA,NA,NA,NA,NA,139024.36558999997
2063,41,15,high school,female,midwest,"independent (neither, no response)","moderate, middle of the road",NA,favor,favor,NA,NA,NA,NA,NA,yes,no,11963.749999999998
2064,45,10,less than high school,female,midwest,strong republican,"moderate, middle of the road",about right,NA,favor,not harshly enough,should be legal,no,no,yes,no,no,9148.75
2065,31,19,graduate,female,midwest,strong democrat,extremely liberal,about right,oppose,NA,NA,NA,yes,no,yes,NA,NA,67560
2066,67,8,less than high school,female,midwest,"independent, close to democrat",liberal,too little,NA,favor,NA,NA,NA,NA,NA,yes,no,6333.749999999999
2067,58,14,high school,female,midwest,"independent (neither, no response)",liberal,NA,NA,favor,NA,NA,NA,NA,NA,no,no,2533.4999999999995
2068,67,16,bachelor's,female,midwest,"independent, close to republican",conservative,too little,favor,NA,too harshly,should not be legal,no,no,yes,NA,NA,5066.999999999999
2069,45,15,associate/junior college,female,midwest,strong republican,conservative,too little,favor,favor,NA,NA,yes,no,yes,yes,no,7741.249999999999
2070,38,8,less than high school,female,midwest,"independent (neither, no response)",extremely conservative,NA,favor,favor,not harshly enough,should be legal,NA,NA,NA,no,yes,NA
2071,89,16,bachelor's,male,midwest,not very strong republican,slightly conservative,NA,NA,favor,NA,NA,NA,NA,NA,no,no,38002.49999999999
2072,34,18,graduate,male,midwest,"independent, close to democrat","moderate, middle of the road",too little,oppose,favor,NA,NA,yes,yes,yes,no,yes,38002.49999999999
2073,52,16,bachelor's,female,midwest,"independent, close to democrat",liberal,too much,oppose,favor,NA,NA,yes,no,yes,yes,no,78819.99999999999
2074,69,12,high school,male,midwest,strong democrat,slightly liberal,too little,oppose,NA,NA,NA,no,no,yes,NA,NA,46447.49999999999
2075,42,16,graduate,male,midwest,not very strong democrat,liberal,NA,favor,NA,NA,should not be legal,NA,NA,NA,NA,NA,90079.99999999999
2076,53,20,graduate,female,midwest,"independent (neither, no response)","moderate, middle of the road",NA,favor,favor,NA,should be legal,NA,NA,NA,no,yes,139024.36558999997
2077,43,12,high school,male,midwest,"independent, close to republican",liberal,NA,favor,NA,not harshly enough,should be legal,NA,NA,NA,NA,NA,46447.49999999999
2078,63,12,high school,female,midwest,"independent (neither, no response)","moderate, middle of the road",too little,favor,NA,not harshly enough,should be legal,yes,no,yes,NA,NA,9148.75
2079,63,19,graduate,male,midwest,"independent, close to republican",slightly conservative,NA,NA,oppose,NA,NA,NA,NA,NA,no,no,56299.99999999999
2080,68,18,graduate,male,midwest,"independent (neither, no response)","moderate, middle of the road",too little,oppose,NA,not harshly enough,should be legal,yes,no,yes,NA,NA,56299.99999999999
2081,74,16,bachelor's,male,midwest,strong republican,extremely conservative,too little,NA,favor,NA,NA,NA,NA,NA,no,yes,56299.99999999999
2082,48,13,high school,male,midwest,strong republican,conservative,too little,NA,oppose,NA,NA,NA,NA,NA,no,NA,NA
2083,63,12,high school,male,midwest,not very strong republican,conservative,NA,favor,favor,not harshly enough,should be legal,NA,NA,NA,no,refused,56299.99999999999
2084,61,16,bachelor's,male,midwest,not very strong democrat,slightly liberal,NA,NA,favor,NA,NA,NA,NA,NA,no,no,139024.36558999997
2085,56,13,high school,male,midwest,other party,"moderate, middle of the road",NA,NA,favor,NA,NA,NA,NA,NA,no,no,25334.999999999996
2086,19,12,high school,male,midwest,strong republican,conservative,NA,NA,oppose,NA,NA,NA,NA,NA,no,no,78819.99999999999
2087,57,12,high school,male,midwest,strong republican,"moderate, middle of the road",about right,NA,oppose,NA,NA,NA,NA,NA,no,yes,30964.999999999996
2088,57,12,high school,female,midwest,not very strong republican,slightly conservative,NA,favor,NA,NA,should be legal,NA,NA,NA,NA,NA,25334.999999999996
2089,80,12,high school,female,midwest,other party,conservative,NA,favor,NA,NA,should be legal,NA,NA,NA,NA,NA,7741.249999999999
2090,27,18,bachelor's,female,south,strong democrat,liberal,about right,oppose,favor,not harshly enough,should not be legal,yes,no,yes,no,no,46447.49999999999
2091,46,20,graduate,female,south,not very strong democrat,slightly liberal,too little,NA,favor,NA,NA,NA,NA,NA,no,no,7741.249999999999
2092,67,17,bachelor's,female,south,strong republican,conservative,about right,oppose,NA,NA,should not be legal,yes,no,no,NA,NA,78819.99999999999
2093,70,16,bachelor's,male,south,strong republican,conservative,NA,favor,NA,NA,NA,NA,NA,NA,NA,NA,30964.999999999996
2094,78,19,graduate,female,south,strong democrat,liberal,too little,favor,favor,NA,NA,yes,no,yes,no,no,67560
2095,77,20,graduate,male,south,not very strong democrat,slightly liberal,about right,NA,favor,NA,NA,NA,NA,NA,no,no,139024.36558999997
2096,77,14,associate/junior college,female,south,strong democrat,liberal,NA,favor,favor,NA,NA,NA,NA,NA,no,no,67560
2097,56,19,graduate,female,south,not very strong democrat,slightly liberal,NA,NA,favor,NA,NA,NA,NA,NA,no,yes,139024.36558999997
2098,62,19,graduate,female,south,strong republican,conservative,NA,NA,favor,NA,NA,NA,NA,NA,yes,yes,13371.249999999998
2099,48,12,high school,female,south,"independent (neither, no response)","moderate, middle of the road",NA,favor,favor,NA,NA,NA,NA,NA,no,no,46447.49999999999
2100,70,14,associate/junior college,female,south,strong republican,conservative,too little,favor,oppose,NA,NA,no,no,yes,no,yes,30964.999999999996
2101,54,16,bachelor's,female,south,not very strong democrat,slightly liberal,about right,oppose,NA,NA,should be legal,yes,no,yes,NA,NA,139024.36558999997
2102,77,16,bachelor's,male,south,"independent, close to democrat",slightly liberal,about right,oppose,favor,NA,NA,no,no,yes,no,no,25334.999999999996
2103,89,16,bachelor's,male,south,strong republican,conservative,NA,favor,oppose,NA,NA,NA,NA,NA,no,no,30964.999999999996
2104,64,19,graduate,male,south,strong democrat,liberal,NA,oppose,NA,NA,NA,NA,NA,NA,NA,NA,56299.99999999999
2105,53,12,high school,male,south,strong democrat,extremely liberal,too little,favor,NA,NA,NA,yes,no,yes,NA,NA,67560
2106,73,12,high school,female,south,"independent, close to republican","moderate, middle of the road",NA,favor,favor,NA,should be legal,NA,NA,NA,yes,no,13371.249999999998
2107,70,20,graduate,female,south,strong democrat,liberal,about right,oppose,NA,NA,NA,yes,no,yes,NA,NA,18297.5
2108,79,14,high school,female,south,not very strong republican,slightly conservative,too little,favor,favor,NA,NA,yes,no,yes,yes,no,15482.499999999998
2109,43,18,graduate,male,south,strong democrat,extremely liberal,NA,favor,NA,NA,NA,NA,NA,NA,NA,NA,139024.36558999997
2110,57,12,high school,female,south,not very strong republican,"moderate, middle of the road",too little,NA,oppose,NA,NA,NA,NA,NA,no,yes,46447.49999999999
2111,67,17,bachelor's,female,south,"independent (neither, no response)","moderate, middle of the road",NA,favor,favor,about right,should be legal,NA,NA,NA,no,no,139024.36558999997
2112,89,14,high school,female,south,"independent, close to republican",conservative,too little,NA,NA,about right,should not be legal,yes,no,yes,NA,NA,139024.36558999997
2113,35,11,less than high school,male,south,strong republican,"moderate, middle of the road",NA,NA,oppose,NA,NA,NA,NA,NA,no,yes,3096.4999999999995
2114,60,6,less than high school,female,south,"independent, close to democrat","moderate, middle of the road",about right,oppose,NA,NA,NA,yes,no,no,NA,NA,7741.249999999999
2115,33,14,high school,male,south,not very strong republican,"moderate, middle of the road",NA,NA,oppose,NA,NA,NA,NA,NA,no,no,15482.499999999998
2116,62,14,high school,female,south,"independent (neither, no response)",slightly conservative,too little,oppose,favor,NA,NA,no,no,no,yes,no,10556.249999999998
2117,76,14,associate/junior college,male,south,strong republican,conservative,too little,favor,NA,NA,NA,yes,yes,yes,NA,NA,38002.49999999999
2118,51,14,associate/junior college,female,south,"independent (neither, no response)","moderate, middle of the road",too little,NA,favor,NA,NA,NA,NA,NA,yes,no,13371.249999999998
2119,78,13,high school,female,south,strong republican,extremely conservative,NA,favor,oppose,NA,NA,NA,NA,NA,yes,yes,18297.5
2120,37,13,high school,male,south,not very strong republican,"moderate, middle of the road",too little,oppose,favor,NA,NA,yes,no,yes,yes,yes,78819.99999999999
2121,27,12,high school,female,south,not very strong republican,conservative,NA,oppose,oppose,NA,NA,NA,NA,NA,yes,yes,38002.49999999999
2122,34,8,less than high school,female,south,"independent, close to democrat",conservative,about right,favor,favor,NA,NA,no,yes,yes,yes,no,6333.749999999999
2123,71,12,high school,female,south,"independent (neither, no response)","moderate, middle of the road",too little,favor,oppose,NA,NA,yes,no,yes,no,yes,NA
2124,62,12,high school,female,south,NA,NA,NA,NA,oppose,NA,NA,NA,NA,NA,yes,refused,NA
2125,23,14,high school,female,south,not very strong republican,"moderate, middle of the road",NA,NA,oppose,NA,NA,NA,NA,NA,no,yes,139024.36558999997
2126,34,12,high school,male,south,strong republican,extremely conservative,too little,NA,oppose,NA,NA,NA,NA,NA,no,yes,38002.49999999999
2127,44,NA,less than high school,female,south,"independent (neither, no response)","moderate, middle of the road",about right,NA,favor,NA,NA,NA,NA,NA,no,no,15482.499999999998
2128,60,15,high school,female,south,"independent, close to republican",slightly conservative,NA,favor,NA,NA,NA,NA,NA,NA,NA,NA,11963.749999999998
2129,25,12,high school,male,south,"independent (neither, no response)","moderate, middle of the road",too little,NA,favor,NA,NA,NA,NA,NA,no,no,21112.499999999996
2130,75,17,associate/junior college,female,south,"independent, close to republican",slightly conservative,too little,oppose,oppose,NA,NA,yes,no,no,no,no,30964.999999999996
2131,51,11,high school,male,south,strong republican,extremely conservative,NA,NA,oppose,NA,NA,NA,NA,NA,no,yes,139024.36558999997
2132,58,12,high school,female,south,strong republican,extremely conservative,about right,NA,oppose,NA,NA,NA,NA,NA,no,yes,139024.36558999997
2133,30,14,associate/junior college,female,west,"independent (neither, no response)",slightly liberal,too little,NA,oppose,NA,NA,NA,NA,NA,no,no,30964.999999999996
2134,59,14,high school,female,west,"independent, close to republican","moderate, middle of the road",too little,favor,NA,NA,NA,yes,no,yes,NA,NA,38002.49999999999
2135,65,15,associate/junior college,female,west,not very strong republican,conservative,too little,NA,favor,NA,NA,NA,NA,NA,yes,no,30964.999999999996
2136,61,0,less than high school,male,west,not very strong republican,"moderate, middle of the road",NA,favor,favor,NA,NA,NA,NA,NA,no,no,25334.999999999996
2137,68,17,bachelor's,male,west,"independent, close to democrat",liberal,NA,favor,NA,NA,NA,NA,NA,NA,NA,NA,139024.36558999997
2138,64,14,graduate,male,west,strong republican,conservative,NA,NA,favor,NA,NA,NA,NA,NA,no,no,38002.49999999999
2139,42,12,high school,female,west,"independent (neither, no response)",liberal,NA,NA,favor,NA,NA,NA,NA,NA,no,no,46447.49999999999
2140,NA,15,associate/junior college,male,west,"independent, close to republican",slightly conservative,NA,oppose,NA,NA,NA,NA,NA,NA,NA,NA,46447.49999999999
2141,26,15,high school,male,west,"independent (neither, no response)","moderate, middle of the road",NA,favor,NA,NA,NA,NA,NA,NA,NA,NA,38002.49999999999
2142,NA,15,high school,male,west,"independent (neither, no response)","moderate, middle of the road",too little,favor,oppose,NA,NA,no,no,no,yes,no,30964.999999999996
2143,27,15,high school,male,west,"independent (neither, no response)","moderate, middle of the road",too little,oppose,NA,not harshly enough,should be legal,no,no,yes,NA,NA,78819.99999999999
2144,60,13,high school,female,west,"independent, close to democrat","moderate, middle of the road",too little,NA,favor,NA,NA,NA,NA,NA,no,no,38002.49999999999
2145,25,17,bachelor's,female,west,"independent (neither, no response)","moderate, middle of the road",too little,oppose,favor,NA,NA,no,no,yes,no,no,25334.999999999996
2146,32,15,associate/junior college,male,west,"independent, close to republican",conservative,too little,favor,favor,NA,NA,yes,no,yes,no,no,38002.49999999999
2147,48,12,high school,female,west,other party,"moderate, middle of the road",NA,NA,NA,NA,NA,NA,NA,NA,no,no,67560
2148,85,12,high school,female,west,"independent (neither, no response)",conservative,too little,NA,favor,NA,NA,NA,NA,NA,yes,no,NA
2149,45,14,high school,male,west,"independent (neither, no response)","moderate, middle of the road",too little,favor,favor,not harshly enough,should be legal,yes,yes,no,yes,no,139024.36558999997
2150,NA,20,graduate,male,west,not very strong democrat,liberal,too little,favor,NA,NA,NA,yes,no,yes,NA,NA,56299.99999999999
2151,64,17,bachelor's,male,west,strong democrat,"moderate, middle of the road",too little,NA,favor,NA,NA,NA,NA,NA,no,no,25334.999999999996
2152,73,12,high school,male,west,"independent (neither, no response)","moderate, middle of the road",NA,NA,favor,NA,NA,NA,NA,NA,yes,no,18297.5
2153,69,16,bachelor's,female,west,strong democrat,slightly liberal,too little,favor,NA,not harshly enough,should be legal,yes,no,yes,NA,NA,56299.99999999999
2154,NA,12,high school,male,west,not very strong democrat,"moderate, middle of the road",NA,NA,favor,NA,NA,NA,NA,NA,NA,no,56299.99999999999
2155,68,17,graduate,male,west,strong republican,extremely conservative,too little,favor,NA,NA,NA,yes,no,no,NA,NA,139024.36558999997
2156,65,14,high school,male,west,strong democrat,liberal,too little,favor,favor,NA,NA,yes,no,yes,yes,no,90079.99999999999
2157,58,14,high school,male,west,"independent (neither, no response)",liberal,too little,favor,favor,NA,NA,no,no,no,no,no,139024.36558999997
2158,NA,20,graduate,male,west,"independent, close to democrat","moderate, middle of the road",NA,NA,favor,NA,NA,NA,NA,NA,yes,no,NA
2159,73,16,bachelor's,male,west,"independent, close to democrat","moderate, middle of the road",too little,oppose,favor,NA,NA,yes,no,yes,yes,no,NA
2160,63,13,high school,male,west,strong democrat,slightly liberal,too little,NA,favor,NA,NA,NA,NA,NA,no,no,78819.99999999999
2161,NA,NA,less than high school,female,west,"independent (neither, no response)",NA,NA,NA,oppose,NA,NA,NA,NA,NA,no,no,NA
2162,30,16,bachelor's,female,west,"independent (neither, no response)",liberal,too little,oppose,NA,NA,NA,yes,no,no,NA,NA,46447.49999999999
2163,21,15,high school,female,south,not very strong democrat,slightly liberal,too little,oppose,favor,NA,NA,yes,no,yes,yes,no,21112.499999999996
2164,37,16,bachelor's,male,south,"independent (neither, no response)","moderate, middle of the road",about right,NA,favor,NA,NA,NA,NA,NA,yes,no,11963.749999999998
2165,21,15,high school,male,south,other party,"moderate, middle of the road",NA,NA,oppose,NA,NA,NA,NA,NA,no,yes,15482.499999999998
2166,63,20,high school,male,south,"independent, close to republican","moderate, middle of the road",NA,oppose,NA,too harshly,should be legal,NA,NA,NA,NA,NA,NA
2167,23,13,high school,female,south,"independent, close to republican","moderate, middle of the road",too little,favor,NA,NA,NA,yes,yes,yes,NA,NA,NA
2168,NA,12,high school,female,south,strong republican,conservative,NA,NA,favor,NA,NA,NA,NA,NA,no,yes,NA
2169,24,14,associate/junior college,female,south,"independent, close to republican","moderate, middle of the road",too little,oppose,NA,NA,NA,no,no,no,NA,NA,30964.999999999996
2170,24,14,high school,female,south,not very strong democrat,slightly liberal,too little,NA,favor,NA,NA,NA,NA,NA,yes,no,5066.999999999999
2171,28,15,high school,male,south,not very strong republican,"moderate, middle of the road",about right,NA,oppose,NA,NA,NA,NA,NA,no,yes,46447.49999999999
2172,19,12,high school,female,south,strong republican,extremely conservative,NA,favor,favor,NA,NA,NA,NA,NA,yes,yes,NA
2173,46,13,high school,male,south,"independent (neither, no response)","moderate, middle of the road",NA,NA,oppose,NA,NA,NA,NA,NA,no,yes,67560
2174,54,18,graduate,female,south,strong democrat,liberal,too little,oppose,NA,NA,NA,no,no,yes,NA,NA,139024.36558999997
2175,52,12,high school,female,south,strong republican,conservative,NA,NA,favor,NA,NA,NA,NA,NA,yes,no,56299.99999999999
2176,72,13,high school,female,south,strong republican,conservative,NA,favor,NA,NA,NA,NA,NA,NA,NA,NA,11963.749999999998
2177,64,16,bachelor's,female,south,not very strong republican,slightly conservative,NA,favor,NA,NA,NA,NA,NA,NA,NA,NA,30964.999999999996
2178,63,16,bachelor's,male,south,strong democrat,liberal,too little,favor,NA,NA,NA,yes,no,yes,NA,NA,25334.999999999996
2179,31,14,high school,female,south,"independent (neither, no response)","moderate, middle of the road",NA,favor,NA,not harshly enough,should be legal,NA,NA,NA,NA,NA,38002.49999999999
2180,51,18,graduate,female,south,not very strong democrat,slightly conservative,too little,NA,NA,not harshly enough,should not be legal,yes,no,yes,NA,NA,78819.99999999999
2181,47,17,bachelor's,male,south,strong democrat,"moderate, middle of the road",too little,NA,oppose,NA,NA,NA,NA,NA,no,yes,30964.999999999996
2182,24,12,high school,female,south,"independent (neither, no response)",NA,NA,NA,favor,NA,NA,NA,NA,NA,no,no,2533.4999999999995
2183,80,12,high school,female,south,"independent, close to democrat",slightly liberal,about right,NA,NA,NA,NA,no,no,yes,no,no,6333.749999999999
2184,71,12,high school,female,south,strong republican,extremely conservative,NA,favor,NA,not harshly enough,should not be legal,NA,NA,NA,NA,NA,11963.749999999998
2185,71,15,associate/junior college,female,south,strong republican,extremely conservative,NA,favor,oppose,not harshly enough,should be legal,NA,NA,NA,yes,no,25334.999999999996
2186,36,12,high school,male,south,not very strong republican,slightly conservative,too little,NA,oppose,NA,NA,NA,NA,NA,no,yes,90079.99999999999
2187,41,11,high school,male,south,not very strong republican,conservative,too little,favor,NA,not harshly enough,should not be legal,yes,yes,yes,NA,NA,67560
2188,29,12,high school,female,south,not very strong republican,conservative,about right,favor,oppose,not harshly enough,should be legal,yes,no,yes,yes,no,38002.49999999999
2189,32,18,graduate,female,south,"independent (neither, no response)","moderate, middle of the road",NA,favor,NA,NA,NA,NA,NA,NA,NA,NA,NA
2190,70,18,graduate,female,south,strong republican,conservative,NA,NA,oppose,NA,NA,NA,NA,NA,no,no,11963.749999999998
2191,76,12,high school,female,south,"independent (neither, no response)",slightly liberal,about right,NA,NA,NA,should not be legal,no,no,yes,NA,NA,NA
2192,76,10,less than high school,female,south,not very strong democrat,"moderate, middle of the road",NA,favor,favor,not harshly enough,should not be legal,NA,NA,NA,yes,yes,6333.749999999999
2193,47,9,less than high school,male,south,strong republican,conservative,too little,oppose,oppose,NA,NA,yes,no,yes,yes,yes,15482.499999999998
2194,85,13,high school,male,south,other party,extremely conservative,too little,favor,favor,not harshly enough,should not be legal,no,no,yes,no,yes,9148.75
2195,24,11,less than high school,male,south,"independent (neither, no response)","moderate, middle of the road",too little,NA,oppose,NA,NA,NA,NA,NA,no,no,NA
2196,18,12,high school,female,south,"independent (neither, no response)",NA,NA,favor,NA,NA,should not be legal,NA,NA,NA,no,yes,281.5
2197,39,16,bachelor's,female,south,"independent (neither, no response)",slightly liberal,too little,NA,favor,NA,NA,NA,NA,NA,yes,yes,38002.49999999999
2198,65,13,high school,female,west,"independent, close to democrat","moderate, middle of the road",too little,NA,oppose,NA,NA,NA,NA,NA,no,no,15482.499999999998
2199,65,13,high school,female,west,not very strong republican,"moderate, middle of the road",NA,favor,favor,not harshly enough,should be legal,NA,NA,NA,yes,no,NA
2200,50,12,high school,female,west,"independent, close to republican",conservative,too little,favor,NA,not harshly enough,should be legal,yes,no,yes,NA,NA,10556.249999999998
2201,86,12,high school,female,west,"independent (neither, no response)",NA,about right,NA,favor,NA,NA,NA,NA,NA,yes,no,NA
2202,42,20,graduate,male,west,strong democrat,extremely liberal,NA,NA,favor,NA,NA,NA,NA,NA,yes,no,67560
2203,67,12,high school,female,west,not very strong republican,slightly conservative,NA,oppose,NA,not harshly enough,should be legal,NA,NA,NA,NA,NA,6333.749999999999
2204,22,14,high school,female,west,not very strong democrat,slightly liberal,too little,favor,favor,NA,NA,yes,yes,yes,yes,yes,38002.49999999999
2205,62,14,high school,male,west,not very strong republican,slightly conservative,NA,NA,favor,NA,NA,NA,NA,NA,yes,yes,30964.999999999996
2206,25,17,bachelor's,male,west,"independent, close to republican",slightly conservative,NA,favor,favor,NA,NA,NA,NA,NA,no,no,NA
2207,37,12,high school,female,west,not very strong republican,conservative,too little,favor,oppose,NA,NA,yes,no,yes,no,no,NA
2208,89,12,high school,male,west,"independent (neither, no response)",NA,too little,NA,favor,NA,NA,NA,NA,NA,yes,no,30964.999999999996
2209,35,18,graduate,female,west,"independent (neither, no response)",NA,too little,favor,NA,NA,NA,no,yes,no,NA,NA,NA
2210,77,20,less than high school,female,west,strong democrat,extremely conservative,about right,favor,NA,NA,NA,yes,yes,yes,NA,NA,1126
2211,68,18,graduate,male,west,strong republican,extremely conservative,too little,NA,oppose,NA,NA,NA,NA,NA,no,no,139024.36558999997
2212,NA,13,high school,female,west,not very strong republican,"moderate, middle of the road",too little,favor,favor,NA,NA,yes,no,yes,no,yes,90079.99999999999
2213,64,14,high school,male,west,strong republican,conservative,NA,NA,favor,NA,NA,NA,NA,NA,no,yes,139024.36558999997
2214,56,16,bachelor's,male,west,not very strong democrat,NA,NA,favor,NA,not harshly enough,should be legal,NA,NA,NA,NA,NA,90079.99999999999
2215,31,14,graduate,male,west,strong republican,liberal,NA,favor,NA,NA,NA,NA,NA,NA,NA,NA,38002.49999999999
2216,38,12,high school,male,west,"independent, close to republican",slightly conservative,NA,NA,oppose,NA,NA,NA,NA,NA,no,yes,13371.249999999998
2217,53,12,high school,female,west,other party,"moderate, middle of the road",too little,favor,NA,NA,NA,yes,no,yes,NA,NA,15482.499999999998
2218,30,12,high school,male,midwest,"independent (neither, no response)",conservative,too little,favor,oppose,NA,NA,no,no,yes,no,yes,NA
2219,72,16,bachelor's,female,midwest,strong democrat,liberal,NA,oppose,favor,NA,NA,NA,NA,NA,no,no,18297.5
2220,38,16,bachelor's,female,midwest,not very strong republican,slightly conservative,NA,favor,NA,NA,NA,NA,NA,NA,NA,NA,139024.36558999997
2221,29,18,graduate,female,midwest,strong democrat,extremely liberal,NA,oppose,favor,NA,NA,NA,NA,NA,yes,no,10556.249999999998
2222,36,18,graduate,female,midwest,strong republican,conservative,too little,NA,NA,NA,NA,NA,NA,NA,yes,yes,56299.99999999999
2223,39,16,bachelor's,female,midwest,strong democrat,liberal,too little,NA,favor,NA,NA,NA,NA,NA,yes,yes,67560
2224,59,12,high school,female,midwest,strong republican,"moderate, middle of the road",too little,favor,oppose,NA,NA,no,no,no,no,no,NA
2225,68,10,less than high school,male,midwest,"independent (neither, no response)",extremely conservative,NA,favor,NA,not harshly enough,should not be legal,NA,NA,NA,NA,NA,1126
2226,38,10,less than high school,female,midwest,"independent (neither, no response)","moderate, middle of the road",too little,oppose,favor,NA,NA,no,no,yes,yes,no,6333.749999999999
2227,55,13,high school,female,midwest,"independent (neither, no response)",slightly conservative,NA,NA,oppose,NA,NA,NA,NA,NA,no,no,6333.749999999999
2228,39,12,high school,female,midwest,"independent, close to republican",conservative,too little,NA,oppose,NA,NA,NA,NA,NA,yes,no,30964.999999999996
2229,60,13,high school,male,midwest,strong democrat,liberal,NA,NA,favor,NA,NA,NA,NA,NA,yes,yes,11963.749999999998
2230,43,9,less than high school,male,midwest,"independent (neither, no response)","moderate, middle of the road",NA,favor,favor,not harshly enough,should be legal,NA,NA,NA,yes,no,4222.5
2231,34,16,high school,female,midwest,"independent (neither, no response)","moderate, middle of the road",about right,oppose,NA,about right,NA,no,no,yes,NA,NA,18297.5
2232,26,12,high school,male,midwest,"independent, close to republican","moderate, middle of the road",too little,favor,NA,not harshly enough,should be legal,yes,no,yes,NA,NA,13371.249999999998
2233,66,12,high school,female,midwest,strong republican,"moderate, middle of the road",NA,NA,NA,about right,should be legal,NA,NA,NA,NA,NA,1970.4999999999998
2234,65,12,high school,female,midwest,"independent, close to democrat","moderate, middle of the road",too little,oppose,NA,not harshly enough,should not be legal,no,no,no,NA,NA,1126
2235,42,15,associate/junior college,female,midwest,strong democrat,extremely liberal,too little,NA,favor,NA,NA,NA,NA,NA,yes,no,18297.5
2236,53,9,less than high school,male,midwest,strong republican,extremely conservative,NA,NA,favor,NA,NA,NA,NA,NA,yes,no,281.5
2237,24,13,high school,female,midwest,not very strong democrat,extremely liberal,NA,oppose,oppose,not harshly enough,should be legal,NA,NA,NA,yes,no,6333.749999999999
2238,38,12,high school,female,midwest,not very strong republican,liberal,too little,favor,favor,NA,NA,yes,no,no,no,no,5066.999999999999
2239,19,12,high school,female,midwest,"independent (neither, no response)","moderate, middle of the road",NA,NA,favor,NA,NA,NA,NA,NA,no,no,4222.5
2240,69,16,bachelor's,female,midwest,strong democrat,"moderate, middle of the road",NA,oppose,NA,about right,should be legal,NA,NA,NA,NA,NA,13371.249999999998
2241,56,14,high school,male,midwest,strong republican,extremely conservative,too little,NA,favor,NA,NA,NA,NA,NA,yes,yes,30964.999999999996
2242,27,12,high school,female,midwest,not very strong democrat,"moderate, middle of the road",NA,NA,favor,NA,NA,NA,NA,NA,yes,yes,6333.749999999999
2243,21,12,high school,male,midwest,not very strong republican,slightly conservative,too little,favor,oppose,not harshly enough,should be legal,yes,no,yes,no,yes,67560
2244,79,11,high school,male,midwest,strong democrat,"moderate, middle of the road",about right,favor,NA,not harshly enough,should not be legal,yes,no,yes,NA,NA,30964.999999999996
2245,NA,14,associate/junior college,female,midwest,"independent (neither, no response)",slightly conservative,NA,NA,NA,NA,NA,NA,NA,NA,no,no,9148.75
2246,66,16,bachelor's,male,midwest,strong democrat,liberal,NA,favor,NA,NA,NA,NA,NA,NA,NA,NA,78819.99999999999
2247,36,12,high school,male,midwest,"independent (neither, no response)","moderate, middle of the road",about right,favor,NA,NA,NA,yes,no,yes,NA,NA,46447.49999999999
2248,39,12,high school,male,midwest,"independent (neither, no response)","moderate, middle of the road",NA,NA,favor,NA,NA,NA,NA,NA,no,no,67560
2249,NA,12,high school,female,midwest,"independent (neither, no response)","moderate, middle of the road",NA,favor,favor,about right,should be legal,NA,NA,NA,no,no,5066.999999999999
2250,77,16,high school,male,midwest,strong republican,extremely conservative,too little,NA,favor,NA,NA,NA,NA,NA,no,no,6333.749999999999
2251,67,16,associate/junior college,male,midwest,strong democrat,liberal,NA,favor,favor,about right,should be legal,NA,NA,NA,no,yes,38002.49999999999
2252,57,14,bachelor's,female,northeast,"independent (neither, no response)","moderate, middle of the road",too little,favor,NA,NA,NA,yes,no,yes,NA,NA,25334.999999999996
2253,74,14,associate/junior college,male,northeast,not very strong republican,"moderate, middle of the road",NA,NA,favor,NA,NA,NA,NA,NA,no,no,56299.99999999999
2254,60,12,less than high school,female,northeast,"independent (neither, no response)","moderate, middle of the road",too little,NA,favor,NA,NA,NA,NA,NA,no,no,11963.749999999998
2255,34,14,high school,male,northeast,strong republican,slightly conservative,too much,favor,oppose,NA,NA,yes,no,yes,no,yes,38002.49999999999
2256,68,18,graduate,female,northeast,strong democrat,liberal,about right,NA,favor,NA,NA,NA,NA,NA,no,yes,78819.99999999999
2257,45,14,associate/junior college,male,northeast,"independent (neither, no response)","moderate, middle of the road",too much,NA,oppose,NA,NA,NA,NA,NA,yes,no,67560
2258,28,12,high school,female,northeast,strong republican,NA,NA,NA,NA,NA,NA,NA,NA,NA,no,yes,25334.999999999996
2259,53,16,bachelor's,male,northeast,strong republican,extremely conservative,NA,NA,oppose,NA,NA,NA,NA,NA,no,yes,139024.36558999997
2260,82,12,high school,male,northeast,strong republican,"moderate, middle of the road",NA,oppose,favor,NA,should not be legal,NA,NA,NA,no,yes,18297.5
2261,26,12,high school,male,northeast,"independent (neither, no response)",conservative,NA,oppose,oppose,NA,NA,NA,NA,NA,no,yes,21112.499999999996
2262,69,16,bachelor's,female,northeast,not very strong republican,conservative,too little,favor,NA,NA,NA,yes,no,yes,NA,NA,139024.36558999997
2263,26,12,high school,male,northeast,"independent (neither, no response)","moderate, middle of the road",too little,NA,favor,NA,NA,NA,NA,NA,no,no,46447.49999999999
2264,65,12,high school,male,northeast,strong republican,conservative,NA,favor,oppose,NA,NA,NA,NA,NA,no,yes,90079.99999999999
2265,35,16,associate/junior college,female,northeast,strong democrat,liberal,too little,oppose,NA,NA,NA,no,no,no,NA,NA,78819.99999999999
2266,48,18,graduate,female,northeast,strong democrat,slightly liberal,too little,favor,NA,NA,NA,no,no,no,NA,NA,139024.36558999997
2267,28,12,high school,female,northeast,"independent (neither, no response)","moderate, middle of the road",NA,favor,oppose,NA,NA,NA,NA,NA,no,yes,38002.49999999999
2268,50,17,graduate,female,northeast,strong republican,conservative,NA,oppose,NA,NA,NA,NA,NA,NA,NA,NA,139024.36558999997
2269,43,13,high school,female,northeast,"independent, close to democrat",liberal,too little,oppose,NA,not harshly enough,should be legal,yes,no,yes,NA,NA,7741.249999999999
2270,44,12,associate/junior college,male,northeast,strong republican,"moderate, middle of the road",NA,NA,oppose,NA,NA,NA,NA,NA,no,yes,38002.49999999999
2271,29,14,associate/junior college,female,northeast,other party,conservative,NA,NA,oppose,NA,NA,NA,NA,NA,no,no,38002.49999999999
2272,50,13,high school,female,northeast,not very strong democrat,"moderate, middle of the road",too little,favor,favor,about right,should be legal,yes,no,yes,no,no,38002.49999999999
2273,48,17,graduate,female,northeast,not very strong democrat,slightly conservative,too little,favor,NA,NA,NA,yes,no,yes,NA,NA,46447.49999999999
2274,23,13,high school,male,northeast,"independent, close to democrat",extremely liberal,NA,NA,oppose,NA,NA,NA,NA,NA,yes,yes,6333.749999999999
2275,32,14,high school,male,northeast,"independent (neither, no response)","moderate, middle of the road",too little,favor,oppose,NA,NA,yes,no,yes,no,no,56299.99999999999
2276,25,16,bachelor's,male,northeast,other party,slightly liberal,NA,oppose,favor,NA,NA,NA,NA,NA,no,no,46447.49999999999
2277,48,14,associate/junior college,female,northeast,"independent (neither, no response)","moderate, middle of the road",NA,NA,favor,NA,NA,NA,NA,NA,yes,no,25334.999999999996
2278,31,12,high school,female,northeast,strong republican,"moderate, middle of the road",NA,NA,oppose,NA,NA,NA,NA,NA,yes,no,21112.499999999996
2279,27,12,high school,male,northeast,not very strong republican,conservative,too little,NA,oppose,NA,NA,NA,NA,NA,no,yes,30964.999999999996
2280,57,18,bachelor's,female,northeast,strong republican,"moderate, middle of the road",NA,favor,oppose,NA,NA,NA,NA,NA,no,yes,56299.99999999999
2281,64,16,bachelor's,female,northeast,"independent (neither, no response)",NA,NA,favor,oppose,NA,should be legal,NA,NA,NA,no,no,13371.249999999998
2282,65,14,associate/junior college,female,northeast,"independent, close to democrat","moderate, middle of the road",NA,NA,favor,NA,NA,NA,NA,NA,yes,no,30964.999999999996
2283,47,12,high school,female,northeast,strong democrat,extremely liberal,NA,oppose,NA,NA,NA,NA,NA,NA,NA,NA,6333.749999999999
2284,63,16,associate/junior college,female,northeast,"independent (neither, no response)","moderate, middle of the road",too little,NA,favor,NA,NA,NA,NA,NA,no,no,46447.49999999999
2285,72,16,bachelor's,male,northeast,"independent, close to republican",conservative,too little,favor,NA,not harshly enough,should not be legal,yes,no,yes,NA,NA,NA
2286,34,11,less than high school,male,northeast,"independent (neither, no response)",slightly conservative,NA,NA,oppose,NA,NA,NA,NA,NA,no,no,25334.999999999996
2287,39,17,associate/junior college,male,northeast,not very strong democrat,"moderate, middle of the road",too little,favor,favor,NA,NA,yes,no,yes,no,no,46447.49999999999
2288,19,14,high school,male,northeast,"independent (neither, no response)",NA,too little,oppose,NA,NA,should be legal,yes,no,yes,NA,NA,7741.249999999999
2289,33,12,high school,female,northeast,"independent (neither, no response)","moderate, middle of the road",NA,NA,favor,NA,NA,NA,NA,NA,yes,no,21112.499999999996
2290,81,10,less than high school,male,northeast,"independent (neither, no response)","moderate, middle of the road",NA,favor,NA,NA,NA,NA,NA,NA,NA,NA,15482.499999999998
2291,58,16,bachelor's,male,northeast,not very strong democrat,slightly liberal,NA,oppose,NA,not harshly enough,should be legal,NA,NA,NA,NA,NA,56299.99999999999
2292,28,12,high school,female,northeast,NA,NA,NA,favor,oppose,not harshly enough,should be legal,NA,NA,NA,no,yes,30964.999999999996
2293,84,12,high school,female,northeast,strong republican,"moderate, middle of the road",NA,favor,NA,not harshly enough,should not be legal,yes,no,yes,NA,NA,10556.249999999998
2294,72,12,high school,female,northeast,not very strong republican,conservative,NA,favor,favor,NA,should not be legal,NA,NA,NA,yes,no,NA
2295,60,10,less than high school,male,northeast,"independent, close to democrat","moderate, middle of the road",NA,NA,oppose,NA,NA,NA,NA,NA,no,no,NA
2296,NA,12,high school,female,northeast,"independent (neither, no response)",NA,too little,NA,NA,NA,NA,NA,NA,NA,NA,NA,NA
2297,75,12,high school,male,northeast,"independent, close to republican",extremely conservative,NA,favor,NA,NA,NA,NA,NA,NA,NA,NA,10556.249999999998
2298,34,18,graduate,female,northeast,not very strong democrat,slightly liberal,NA,favor,NA,NA,NA,NA,NA,NA,NA,NA,67560
2299,68,20,bachelor's,male,northeast,strong democrat,extremely liberal,about right,NA,favor,NA,NA,NA,NA,NA,no,no,30964.999999999996
2300,47,12,high school,male,northeast,other party,conservative,too little,NA,oppose,about right,should be legal,yes,no,yes,no,yes,25334.999999999996
2301,25,14,high school,male,northeast,"independent (neither, no response)","moderate, middle of the road",too little,NA,oppose,NA,NA,NA,NA,NA,yes,yes,21112.499999999996
2302,51,14,associate/junior college,female,northeast,not very strong republican,slightly conservative,about right,favor,NA,not harshly enough,should be legal,yes,yes,yes,NA,NA,NA
2303,67,18,graduate,male,northeast,"independent (neither, no response)","moderate, middle of the road",NA,favor,NA,NA,NA,NA,NA,NA,NA,NA,139024.36558999997
2304,35,12,high school,female,northeast,"independent (neither, no response)","moderate, middle of the road",NA,NA,NA,not harshly enough,should be legal,yes,no,yes,NA,NA,67560
2305,42,12,high school,male,northeast,"independent (neither, no response)","moderate, middle of the road",about right,favor,favor,about right,should be legal,yes,no,yes,no,no,46447.49999999999
2306,75,14,high school,male,northeast,"independent, close to republican",slightly conservative,too little,NA,favor,NA,NA,NA,NA,NA,no,no,21112.499999999996
2307,37,12,high school,male,northeast,"independent, close to republican",liberal,NA,favor,NA,not harshly enough,should not be legal,NA,NA,NA,NA,NA,56299.99999999999
2308,57,12,high school,female,northeast,strong republican,conservative,too little,NA,NA,NA,NA,NA,NA,NA,no,yes,67560
2309,41,20,bachelor's,female,northeast,"independent, close to republican","moderate, middle of the road",too little,favor,oppose,NA,NA,yes,no,yes,no,yes,90079.99999999999
2310,74,14,associate/junior college,male,northeast,not very strong republican,"moderate, middle of the road",NA,NA,favor,NA,NA,NA,NA,NA,no,yes,25334.999999999996
2311,66,12,high school,male,northeast,"independent, close to republican",slightly conservative,too little,NA,favor,NA,NA,NA,NA,NA,no,yes,56299.99999999999
2312,73,13,high school,female,northeast,not very strong republican,"moderate, middle of the road",NA,favor,favor,NA,should not be legal,NA,NA,NA,no,yes,46447.49999999999
2313,41,15,high school,male,northeast,other party,slightly conservative,NA,NA,oppose,NA,NA,NA,NA,NA,no,no,30964.999999999996
2314,68,12,high school,female,northeast,strong republican,conservative,too little,NA,oppose,NA,NA,NA,NA,NA,yes,yes,67560
2315,60,12,high school,male,northeast,strong republican,liberal,too little,favor,NA,NA,NA,yes,no,yes,NA,NA,NA
2316,71,18,graduate,female,northeast,strong democrat,liberal,NA,favor,favor,NA,NA,NA,NA,NA,yes,no,38002.49999999999
2317,30,12,high school,female,northeast,not very strong republican,conservative,too little,favor,favor,NA,NA,no,no,yes,yes,no,139024.36558999997
2318,62,18,graduate,female,northeast,"independent, close to democrat",slightly liberal,NA,oppose,favor,about right,should be legal,NA,NA,NA,no,yes,67560
2319,78,16,bachelor's,male,northeast,not very strong democrat,slightly liberal,NA,NA,favor,NA,NA,NA,NA,NA,no,yes,25334.999999999996
2320,64,18,graduate,female,northeast,"independent (neither, no response)","moderate, middle of the road",NA,favor,favor,NA,NA,NA,NA,NA,no,yes,67560
2321,58,12,high school,male,northeast,strong republican,extremely conservative,too little,favor,oppose,about right,should be legal,yes,no,yes,no,yes,30964.999999999996
2322,72,13,high school,female,northeast,strong republican,extremely conservative,NA,NA,oppose,NA,NA,NA,NA,NA,no,yes,56299.99999999999
2323,64,12,less than high school,female,northeast,strong democrat,conservative,NA,NA,favor,NA,NA,NA,NA,NA,no,no,1126
2324,70,12,high school,female,northeast,NA,NA,too little,favor,favor,not harshly enough,should not be legal,no,no,no,yes,no,NA
2325,84,7,less than high school,female,northeast,NA,"moderate, middle of the road",NA,favor,favor,not harshly enough,should not be legal,NA,NA,NA,yes,yes,13371.249999999998
2326,73,16,bachelor's,female,northeast,"independent, close to republican",conservative,too little,favor,NA,NA,NA,yes,no,yes,NA,NA,139024.36558999997
2327,55,12,high school,female,northeast,not very strong republican,conservative,NA,NA,favor,NA,NA,NA,NA,NA,yes,yes,38002.49999999999
2328,73,12,high school,female,northeast,strong republican,conservative,about right,favor,favor,not harshly enough,should be legal,yes,NA,yes,no,yes,6333.749999999999
2329,68,14,associate/junior college,female,south,not very strong republican,conservative,too little,favor,NA,not harshly enough,should not be legal,yes,no,no,NA,NA,90079.99999999999
2330,71,16,bachelor's,female,south,strong republican,conservative,NA,oppose,NA,not harshly enough,should not be legal,NA,NA,NA,NA,NA,NA
2331,80,20,graduate,male,south,not very strong republican,"moderate, middle of the road",about right,favor,oppose,NA,NA,yes,no,yes,no,yes,139024.36558999997
2332,40,20,graduate,female,south,strong democrat,liberal,NA,favor,favor,NA,NA,NA,NA,NA,yes,yes,139024.36558999997
2333,42,20,graduate,male,south,"independent, close to republican",conservative,too little,NA,favor,NA,NA,NA,NA,NA,no,no,139024.36558999997
2334,80,16,bachelor's,female,south,"independent, close to democrat","moderate, middle of the road",NA,favor,favor,not harshly enough,should not be legal,NA,NA,NA,yes,yes,139024.36558999997
2335,66,17,associate/junior college,female,south,not very strong democrat,liberal,NA,NA,favor,NA,NA,NA,NA,NA,no,no,78819.99999999999
2336,61,16,bachelor's,female,south,"independent (neither, no response)",slightly liberal,NA,oppose,NA,NA,NA,NA,NA,NA,NA,NA,78819.99999999999
2337,NA,16,bachelor's,female,south,other party,"moderate, middle of the road",NA,oppose,NA,NA,NA,NA,NA,NA,NA,NA,25334.999999999996
2338,63,8,less than high school,male,south,not very strong republican,slightly conservative,too little,favor,NA,too harshly,should not be legal,no,no,no,NA,NA,7741.249999999999
2339,25,12,high school,male,south,"independent (neither, no response)","moderate, middle of the road",too little,NA,favor,NA,NA,NA,NA,NA,no,yes,11963.749999999998
2340,75,12,high school,female,south,strong republican,conservative,NA,favor,favor,NA,NA,NA,NA,NA,no,no,13371.249999999998
2341,26,12,high school,female,south,"independent, close to democrat",NA,too little,oppose,NA,too harshly,should be legal,yes,no,yes,NA,NA,NA
2342,49,16,bachelor's,female,south,not very strong republican,slightly conservative,NA,oppose,oppose,NA,NA,NA,NA,NA,no,NA,NA
2343,69,16,bachelor's,female,south,"independent, close to democrat",slightly liberal,NA,oppose,NA,about right,should not be legal,NA,NA,NA,NA,NA,NA
2344,69,12,high school,female,south,strong republican,slightly conservative,too little,NA,favor,NA,NA,NA,NA,NA,no,no,6333.749999999999
2345,65,12,high school,female,south,strong republican,conservative,too little,favor,favor,not harshly enough,should not be legal,no,no,no,no,yes,38002.49999999999
2346,40,14,associate/junior college,female,south,not very strong republican,slightly conservative,too little,NA,oppose,NA,NA,NA,NA,NA,no,yes,46447.49999999999
2347,66,13,high school,female,south,not very strong democrat,liberal,NA,favor,favor,NA,NA,NA,NA,NA,no,yes,38002.49999999999
2348,48,12,high school,female,south,"independent (neither, no response)","moderate, middle of the road",NA,oppose,NA,NA,NA,NA,NA,NA,NA,NA,18297.5
2349,27,17,bachelor's,female,south,"independent (neither, no response)","moderate, middle of the road",about right,oppose,favor,NA,NA,yes,yes,no,yes,no,30964.999999999996
2350,67,12,high school,male,south,"independent, close to democrat",liberal,NA,NA,favor,NA,NA,NA,NA,NA,yes,yes,30964.999999999996
2351,66,14,associate/junior college,female,south,strong democrat,slightly liberal,too little,oppose,favor,NA,NA,yes,no,yes,no,yes,NA
2352,82,20,graduate,male,south,not very strong republican,slightly liberal,NA,NA,favor,NA,NA,NA,NA,NA,no,no,78819.99999999999
2353,54,19,graduate,male,south,not very strong republican,conservative,about right,favor,NA,not harshly enough,should not be legal,yes,no,yes,NA,NA,139024.36558999997
2354,64,20,graduate,female,south,NA,NA,too little,oppose,NA,too harshly,should not be legal,no,no,no,NA,NA,139024.36558999997
2355,67,20,graduate,female,south,strong democrat,liberal,about right,NA,favor,NA,NA,NA,NA,NA,yes,no,67560
2356,59,12,high school,male,south,"independent, close to republican",slightly conservative,NA,NA,oppose,NA,NA,NA,NA,NA,no,yes,21112.499999999996
2357,38,14,associate/junior college,male,south,"independent, close to democrat",slightly liberal,NA,oppose,favor,NA,should be legal,NA,NA,NA,yes,no,46447.49999999999
2358,38,14,associate/junior college,female,south,"independent (neither, no response)","moderate, middle of the road",NA,favor,NA,about right,should be legal,yes,no,yes,NA,NA,38002.49999999999
2359,NA,14,high school,male,south,"independent (neither, no response)","moderate, middle of the road",NA,NA,oppose,NA,NA,NA,NA,NA,no,yes,NA
2360,74,16,graduate,male,south,"independent, close to democrat",slightly liberal,about right,favor,NA,NA,NA,yes,no,yes,NA,NA,139024.36558999997
2361,60,18,graduate,female,south,not very strong democrat,"moderate, middle of the road",NA,favor,favor,NA,NA,NA,NA,NA,no,no,56299.99999999999
2362,85,12,high school,male,south,"independent, close to republican",conservative,NA,oppose,NA,NA,NA,NA,NA,NA,NA,NA,30964.999999999996
2363,49,17,graduate,female,south,"independent, close to republican","moderate, middle of the road",NA,favor,NA,NA,NA,NA,NA,NA,NA,NA,78819.99999999999
2364,32,14,high school,male,south,"independent (neither, no response)","moderate, middle of the road",NA,oppose,NA,NA,NA,NA,NA,NA,NA,NA,38002.49999999999
2365,32,10,less than high school,female,south,"independent, close to republican",NA,too little,NA,favor,NA,NA,NA,NA,NA,no,yes,281.5
2366,32,10,high school,female,south,"independent, close to republican","moderate, middle of the road",NA,oppose,favor,not harshly enough,should be legal,NA,NA,NA,no,no,21112.499999999996
2367,53,20,graduate,female,south,strong republican,conservative,NA,favor,favor,NA,NA,NA,NA,NA,no,yes,46447.49999999999
2368,78,18,graduate,male,south,strong republican,slightly liberal,too little,NA,favor,NA,NA,NA,NA,NA,no,yes,56299.99999999999
2369,27,12,high school,male,south,"independent (neither, no response)","moderate, middle of the road",NA,NA,oppose,NA,NA,NA,NA,NA,no,yes,56299.99999999999
2370,28,12,high school,male,south,"independent (neither, no response)","moderate, middle of the road",too little,oppose,NA,not harshly enough,should be legal,no,no,no,NA,NA,6333.749999999999
2371,61,13,high school,female,south,not very strong democrat,slightly liberal,too little,oppose,favor,about right,should be legal,no,no,no,no,no,1126
2372,66,16,bachelor's,male,south,strong republican,conservative,NA,favor,oppose,NA,NA,NA,NA,NA,no,yes,56299.99999999999
2373,48,20,graduate,male,south,"independent, close to democrat",slightly liberal,NA,oppose,NA,NA,NA,NA,NA,NA,NA,NA,90079.99999999999
2374,65,10,less than high school,male,south,strong democrat,liberal,NA,NA,favor,NA,NA,NA,NA,NA,no,no,281.5
2375,23,13,high school,female,south,"independent (neither, no response)","moderate, middle of the road",NA,favor,favor,not harshly enough,should not be legal,NA,NA,NA,no,no,30964.999999999996
2376,NA,NA,less than high school,female,south,"independent, close to republican",slightly conservative,too little,oppose,oppose,NA,NA,yes,no,yes,yes,NA,NA
2377,55,12,high school,male,south,"independent (neither, no response)",liberal,too little,oppose,oppose,not harshly enough,should not be legal,NA,no,no,no,no,25334.999999999996
2378,70,10,less than high school,female,south,strong republican,slightly conservative,NA,favor,NA,not harshly enough,should be legal,NA,NA,NA,NA,NA,38002.49999999999
2379,24,14,high school,male,south,strong democrat,extremely liberal,NA,favor,favor,NA,NA,NA,NA,NA,no,no,2533.4999999999995
2380,76,12,high school,female,south,strong republican,conservative,NA,oppose,favor,NA,should not be legal,NA,NA,NA,yes,yes,NA
2381,48,11,high school,male,south,"independent, close to democrat","moderate, middle of the road",NA,favor,oppose,NA,NA,NA,NA,NA,no,no,15482.499999999998
2382,62,14,high school,female,south,strong democrat,"moderate, middle of the road",NA,oppose,NA,NA,NA,NA,NA,NA,NA,NA,11963.749999999998
2383,NA,20,graduate,female,south,"independent (neither, no response)","moderate, middle of the road",NA,NA,favor,NA,NA,NA,NA,NA,no,yes,NA
2384,47,16,associate/junior college,male,south,"independent (neither, no response)","moderate, middle of the road",too little,favor,NA,NA,NA,yes,no,yes,NA,NA,56299.99999999999
2385,75,6,less than high school,female,south,strong democrat,slightly liberal,too little,favor,oppose,not harshly enough,should not be legal,yes,yes,yes,yes,yes,5066.999999999999
2386,20,15,high school,female,south,strong republican,extremely conservative,too much,favor,oppose,NA,NA,yes,yes,yes,yes,no,46447.49999999999
2387,33,16,bachelor's,female,south,not very strong democrat,slightly liberal,NA,NA,favor,NA,NA,NA,NA,NA,no,no,25334.999999999996
2388,63,12,high school,male,south,not very strong republican,slightly conservative,too little,NA,favor,NA,NA,NA,NA,NA,no,no,18297.5
2389,71,13,high school,female,south,strong democrat,extremely liberal,NA,NA,favor,NA,NA,NA,NA,NA,no,yes,46447.49999999999
2390,40,16,bachelor's,male,south,not very strong republican,slightly conservative,about right,favor,oppose,NA,NA,yes,no,yes,no,yes,90079.99999999999
2391,57,16,bachelor's,female,south,"independent (neither, no response)","moderate, middle of the road",too little,oppose,oppose,NA,NA,no,no,yes,no,yes,25334.999999999996
2392,69,16,bachelor's,female,south,strong republican,conservative,NA,NA,oppose,NA,NA,NA,NA,NA,no,yes,56299.99999999999
2393,26,14,high school,male,south,not very strong republican,conservative,NA,favor,NA,not harshly enough,should be legal,NA,NA,NA,NA,NA,56299.99999999999
2394,32,10,high school,male,south,not very strong republican,slightly conservative,too little,favor,oppose,NA,NA,yes,no,yes,no,yes,56299.99999999999
2395,55,12,high school,male,south,strong democrat,"moderate, middle of the road",too little,NA,favor,NA,NA,NA,NA,NA,no,yes,90079.99999999999
2396,38,15,high school,female,south,"independent (neither, no response)",slightly conservative,NA,NA,favor,not harshly enough,should be legal,yes,no,yes,no,no,46447.49999999999
2397,69,13,high school,female,south,strong republican,extremely conservative,NA,favor,oppose,about right,should not be legal,NA,NA,NA,no,refused,NA
2398,43,16,high school,male,south,strong democrat,slightly liberal,NA,NA,oppose,NA,NA,NA,NA,NA,yes,yes,25334.999999999996
2399,54,18,graduate,female,south,strong republican,conservative,NA,favor,NA,NA,should be legal,NA,NA,NA,NA,NA,90079.99999999999
2400,49,12,high school,male,south,strong republican,NA,too little,NA,oppose,NA,NA,NA,NA,NA,no,refused,15482.499999999998
2401,28,16,bachelor's,male,south,not very strong republican,"moderate, middle of the road",too much,NA,favor,NA,NA,NA,NA,NA,no,no,90079.99999999999
2402,76,17,graduate,male,south,not very strong democrat,slightly liberal,about right,NA,favor,NA,NA,NA,NA,NA,no,yes,139024.36558999997
2403,36,17,bachelor's,male,south,"independent, close to republican",slightly conservative,NA,favor,oppose,NA,NA,NA,NA,NA,no,no,139024.36558999997
2404,75,12,high school,male,south,strong republican,extremely conservative,NA,favor,favor,NA,NA,NA,NA,NA,no,no,30964.999999999996
2405,72,14,associate/junior college,female,south,not very strong democrat,slightly liberal,NA,favor,NA,not harshly enough,should be legal,NA,NA,NA,NA,NA,30964.999999999996
2406,67,14,associate/junior college,female,south,strong republican,slightly conservative,NA,NA,favor,NA,NA,NA,NA,NA,no,no,56299.99999999999
2407,21,11,less than high school,male,south,"independent (neither, no response)","moderate, middle of the road",about right,favor,favor,NA,NA,yes,yes,yes,yes,no,9148.75
2408,23,12,high school,male,south,strong republican,slightly conservative,too little,NA,favor,NA,NA,NA,NA,NA,yes,yes,46447.49999999999
2409,36,9,less than high school,female,south,"independent (neither, no response)","moderate, middle of the road",NA,favor,NA,NA,NA,NA,NA,NA,NA,NA,30964.999999999996
2410,64,12,high school,female,south,strong democrat,"moderate, middle of the road",too little,favor,oppose,not harshly enough,should be legal,no,no,yes,no,no,NA
2411,62,12,high school,male,south,strong republican,extremely conservative,NA,favor,favor,NA,NA,NA,NA,NA,no,yes,38002.49999999999
2412,47,16,bachelor's,female,south,"independent (neither, no response)",slightly conservative,NA,NA,favor,NA,NA,NA,NA,NA,no,no,38002.49999999999
2413,34,13,high school,male,south,strong republican,conservative,NA,favor,NA,not harshly enough,should not be legal,NA,NA,NA,NA,NA,46447.49999999999
2414,44,12,high school,female,south,"independent (neither, no response)","moderate, middle of the road",NA,NA,NA,about right,should be legal,no,no,yes,NA,NA,6333.749999999999
2415,29,13,high school,female,south,"independent, close to republican","moderate, middle of the road",too little,NA,oppose,NA,NA,NA,NA,NA,yes,no,46447.49999999999
2416,45,12,high school,male,south,"independent (neither, no response)","moderate, middle of the road",too little,NA,favor,NA,NA,NA,NA,NA,yes,no,1126
2417,31,10,less than high school,male,south,not very strong republican,extremely conservative,about right,favor,oppose,too harshly,should be legal,no,no,yes,no,no,21112.499999999996
2418,33,11,less than high school,female,south,not very strong republican,"moderate, middle of the road",too little,favor,oppose,not harshly enough,should be legal,yes,no,yes,yes,yes,38002.49999999999
2419,73,13,high school,female,south,strong republican,extremely conservative,too little,NA,NA,NA,NA,NA,NA,NA,no,yes,30964.999999999996
2420,20,14,associate/junior college,female,south,"independent, close to democrat",liberal,NA,oppose,favor,NA,should be legal,NA,NA,NA,yes,yes,30964.999999999996
2421,58,16,bachelor's,male,south,"independent (neither, no response)","moderate, middle of the road",too little,favor,NA,not harshly enough,should be legal,yes,no,yes,NA,NA,56299.99999999999
2422,39,12,high school,male,south,"independent (neither, no response)","moderate, middle of the road",NA,favor,NA,NA,NA,NA,NA,NA,NA,NA,30964.999999999996
2423,29,18,bachelor's,male,south,"independent (neither, no response)",conservative,NA,NA,favor,NA,NA,NA,NA,NA,no,no,38002.49999999999
2424,73,18,graduate,male,south,strong republican,conservative,too little,favor,NA,NA,NA,yes,no,yes,NA,NA,30964.999999999996
2425,42,14,associate/junior college,male,south,not very strong republican,conservative,too little,favor,NA,NA,NA,yes,no,yes,NA,NA,11963.749999999998
2426,27,17,bachelor's,male,south,"independent, close to republican","moderate, middle of the road",too little,NA,oppose,NA,NA,NA,NA,NA,no,yes,56299.99999999999
2427,37,20,graduate,male,south,"independent (neither, no response)","moderate, middle of the road",too little,oppose,oppose,NA,NA,yes,no,yes,yes,yes,78819.99999999999
2428,27,14,high school,female,south,other party,"moderate, middle of the road",about right,favor,favor,NA,NA,yes,no,yes,yes,yes,15482.499999999998
2429,34,16,bachelor's,female,south,strong republican,conservative,NA,favor,NA,NA,NA,NA,NA,NA,NA,NA,78819.99999999999
2430,35,14,high school,female,south,"independent (neither, no response)",NA,about right,NA,oppose,NA,NA,NA,NA,NA,no,no,7741.249999999999
2431,57,13,high school,female,south,"independent (neither, no response)","moderate, middle of the road",NA,oppose,favor,NA,NA,NA,NA,NA,yes,yes,15482.499999999998
2432,80,12,less than high school,female,south,"independent, close to democrat",conservative,NA,oppose,favor,NA,NA,NA,NA,NA,no,no,7741.249999999999
2433,NA,12,high school,male,south,"independent (neither, no response)",conservative,NA,NA,oppose,NA,NA,NA,NA,NA,no,yes,6333.749999999999
2434,65,20,graduate,male,south,not very strong republican,slightly conservative,NA,oppose,NA,about right,NA,NA,NA,NA,NA,NA,139024.36558999997
2435,24,12,high school,male,south,"independent (neither, no response)",slightly conservative,too little,NA,favor,NA,NA,NA,NA,NA,yes,no,4222.5
2436,50,13,high school,male,south,strong republican,slightly conservative,too little,favor,NA,NA,NA,yes,no,yes,NA,NA,46447.49999999999
2437,64,12,high school,female,south,strong democrat,"moderate, middle of the road",NA,favor,NA,NA,NA,NA,NA,NA,NA,NA,NA
2438,61,16,bachelor's,female,south,"independent, close to democrat",liberal,about right,oppose,oppose,about right,should be legal,yes,no,yes,no,yes,139024.36558999997
2439,61,9,less than high school,female,south,"independent (neither, no response)","moderate, middle of the road",NA,favor,NA,not harshly enough,NA,NA,NA,NA,NA,NA,13371.249999999998
2440,54,12,high school,female,south,"independent (neither, no response)",liberal,too little,favor,NA,NA,NA,no,no,yes,NA,NA,1126
2441,52,20,graduate,female,south,not very strong republican,extremely conservative,too little,NA,favor,NA,NA,NA,NA,NA,no,yes,139024.36558999997
2442,79,12,high school,female,south,not very strong democrat,"moderate, middle of the road",too little,favor,favor,not harshly enough,should not be legal,yes,yes,yes,yes,yes,25334.999999999996
2443,48,16,bachelor's,male,south,strong republican,extremely conservative,too little,NA,favor,NA,NA,NA,NA,NA,no,yes,90079.99999999999
2444,61,12,high school,male,south,not very strong republican,conservative,too little,favor,favor,NA,NA,no,no,yes,no,yes,15482.499999999998
2445,81,13,high school,male,south,not very strong democrat,slightly conservative,NA,favor,NA,about right,NA,NA,NA,NA,NA,NA,46447.49999999999
2446,59,18,graduate,male,south,strong republican,extremely conservative,NA,favor,oppose,NA,NA,NA,NA,NA,no,yes,67560
2447,22,12,high school,female,south,"independent (neither, no response)","moderate, middle of the road",too little,NA,oppose,NA,NA,NA,NA,NA,no,no,10556.249999999998
2448,54,20,graduate,male,south,other party,slightly conservative,NA,oppose,oppose,not harshly enough,should be legal,NA,NA,NA,no,yes,90079.99999999999
2449,37,16,bachelor's,male,south,"independent (neither, no response)","moderate, middle of the road",NA,favor,NA,NA,NA,NA,NA,NA,NA,NA,139024.36558999997
2450,43,18,graduate,male,south,strong republican,extremely conservative,NA,NA,oppose,NA,NA,NA,NA,NA,no,yes,78819.99999999999
2451,26,18,bachelor's,female,south,not very strong democrat,liberal,too little,oppose,NA,NA,NA,no,no,yes,NA,NA,30964.999999999996
2452,48,16,bachelor's,male,south,strong republican,conservative,too little,NA,favor,NA,NA,NA,NA,NA,no,yes,78819.99999999999
2453,39,14,associate/junior college,female,south,not very strong republican,conservative,NA,NA,favor,NA,NA,NA,NA,NA,no,yes,78819.99999999999
2454,32,18,graduate,male,south,"independent, close to republican",conservative,NA,oppose,favor,about right,should not be legal,NA,NA,NA,no,no,56299.99999999999
2455,86,13,high school,male,south,"independent (neither, no response)","moderate, middle of the road",NA,favor,favor,about right,should not be legal,NA,NA,NA,no,yes,21112.499999999996
2456,62,20,graduate,female,south,"independent (neither, no response)","moderate, middle of the road",NA,favor,oppose,about right,should be legal,NA,NA,NA,no,yes,11963.749999999998
2457,60,14,high school,female,south,"independent (neither, no response)",conservative,NA,favor,NA,not harshly enough,should not be legal,NA,NA,NA,NA,NA,38002.49999999999
2458,50,17,bachelor's,male,south,"independent, close to republican","moderate, middle of the road",NA,favor,NA,NA,NA,NA,NA,NA,NA,NA,30964.999999999996
2459,35,15,high school,male,south,other party,"moderate, middle of the road",about right,NA,NA,about right,NA,yes,no,yes,NA,NA,3096.4999999999995
2460,49,10,less than high school,male,south,"independent (neither, no response)",extremely conservative,too little,favor,oppose,NA,NA,no,no,no,yes,no,38002.49999999999
2461,48,12,high school,male,south,strong democrat,"moderate, middle of the road",too little,favor,favor,NA,NA,no,no,yes,no,yes,46447.49999999999
2462,89,6,less than high school,female,south,strong democrat,conservative,NA,NA,favor,not harshly enough,should not be legal,NA,NA,NA,yes,yes,13371.249999999998
2463,57,12,high school,female,south,strong republican,conservative,NA,favor,oppose,NA,NA,NA,NA,NA,yes,yes,30964.999999999996
2464,72,15,high school,female,south,"independent, close to democrat",slightly conservative,too little,oppose,favor,NA,NA,yes,no,yes,yes,yes,15482.499999999998
2465,71,16,bachelor's,female,south,strong democrat,"moderate, middle of the road",too little,oppose,favor,NA,NA,yes,no,yes,yes,yes,78819.99999999999
2466,71,12,high school,male,south,not very strong republican,slightly conservative,too much,NA,favor,NA,NA,NA,NA,NA,no,yes,139024.36558999997
2467,29,14,high school,female,south,not very strong democrat,"moderate, middle of the road",too little,favor,NA,NA,NA,yes,no,yes,NA,NA,46447.49999999999
2468,64,14,high school,male,south,strong republican,conservative,too little,favor,NA,NA,NA,yes,yes,yes,NA,NA,56299.99999999999
2469,34,19,graduate,female,south,not very strong republican,slightly conservative,NA,NA,oppose,NA,NA,NA,NA,NA,no,no,46447.49999999999
2470,80,16,bachelor's,male,south,strong republican,extremely conservative,too much,NA,oppose,NA,NA,NA,NA,NA,no,no,11963.749999999998
2471,56,18,graduate,female,south,not very strong democrat,"moderate, middle of the road",too little,NA,NA,NA,NA,yes,no,no,NA,NA,NA
2472,19,13,high school,female,south,strong republican,conservative,NA,favor,oppose,NA,should be legal,NA,NA,NA,yes,no,6333.749999999999
2473,48,9,high school,female,south,"independent (neither, no response)",conservative,too little,favor,NA,NA,NA,no,no,yes,NA,NA,13371.249999999998
2474,34,13,high school,male,south,not very strong republican,conservative,NA,oppose,NA,NA,NA,NA,NA,NA,NA,NA,30964.999999999996
2475,60,13,high school,female,south,NA,NA,too little,NA,favor,NA,NA,NA,NA,NA,no,NA,NA
2476,53,13,less than high school,male,south,not very strong republican,slightly conservative,NA,oppose,oppose,not harshly enough,should be legal,NA,NA,NA,yes,no,10556.249999999998
2477,65,9,less than high school,male,south,strong democrat,extremely conservative,NA,NA,favor,NA,NA,NA,NA,NA,no,yes,38002.49999999999
2478,40,NA,less than high school,male,south,"independent (neither, no response)",slightly liberal,NA,NA,favor,about right,should not be legal,NA,NA,NA,no,no,3096.4999999999995
2479,40,12,high school,female,south,"independent (neither, no response)","moderate, middle of the road",about right,oppose,NA,NA,NA,NA,no,no,NA,NA,1126
2480,73,11,less than high school,female,south,"independent (neither, no response)",NA,NA,NA,favor,NA,NA,NA,NA,NA,yes,no,7741.249999999999
2481,NA,14,high school,male,south,not very strong democrat,slightly liberal,NA,NA,favor,NA,NA,NA,NA,NA,no,yes,9148.75
2482,66,15,high school,female,south,strong republican,extremely conservative,NA,favor,oppose,too harshly,should not be legal,NA,NA,NA,no,no,25334.999999999996
2483,24,12,high school,male,south,"independent (neither, no response)","moderate, middle of the road",about right,favor,favor,about right,should be legal,yes,no,yes,no,no,38002.49999999999
2484,39,13,high school,male,south,"independent (neither, no response)",NA,NA,NA,NA,NA,NA,NA,NA,NA,NA,NA,NA
2485,68,11,less than high school,female,south,strong democrat,extremely conservative,NA,favor,NA,not harshly enough,should not be legal,NA,NA,NA,NA,NA,NA
2486,73,12,high school,female,south,strong republican,extremely conservative,too little,favor,NA,not harshly enough,should be legal,yes,no,yes,NA,NA,NA
2487,56,12,high school,male,south,"independent, close to republican",conservative,NA,NA,oppose,NA,NA,NA,NA,NA,yes,no,15482.499999999998
2488,71,12,high school,male,south,not very strong democrat,slightly conservative,too little,NA,favor,NA,NA,NA,NA,NA,yes,no,13371.249999999998
2489,56,14,high school,female,south,strong democrat,"moderate, middle of the road",too little,oppose,favor,NA,NA,no,no,no,yes,yes,18297.5
2490,66,17,bachelor's,male,south,strong democrat,"moderate, middle of the road",NA,favor,NA,not harshly enough,should be legal,NA,NA,NA,NA,NA,67560
2491,29,16,bachelor's,female,south,"independent, close to democrat","moderate, middle of the road",NA,oppose,NA,about right,should be legal,NA,NA,NA,NA,NA,6333.749999999999
2492,71,12,high school,female,south,"independent (neither, no response)","moderate, middle of the road",NA,NA,favor,NA,NA,NA,NA,NA,yes,no,NA
2493,49,12,high school,female,south,"independent (neither, no response)",slightly conservative,NA,oppose,favor,not harshly enough,should not be legal,NA,NA,NA,yes,no,9148.75
2494,78,15,high school,female,south,not very strong democrat,"moderate, middle of the road",too little,NA,favor,NA,NA,NA,NA,NA,yes,no,7741.249999999999
2495,59,13,high school,male,south,"independent (neither, no response)","moderate, middle of the road",about right,favor,favor,too harshly,should be legal,no,no,no,yes,no,7741.249999999999
2496,39,14,high school,male,south,"independent (neither, no response)",slightly conservative,NA,favor,NA,about right,should be legal,NA,NA,NA,NA,NA,11963.749999999998
2497,35,13,high school,female,south,"independent, close to democrat",conservative,NA,oppose,NA,NA,NA,NA,NA,NA,NA,NA,6333.749999999999
2498,52,12,high school,female,south,strong democrat,slightly conservative,NA,NA,oppose,NA,NA,NA,NA,NA,yes,no,15482.499999999998
2499,53,15,associate/junior college,male,south,"independent (neither, no response)",NA,NA,favor,oppose,not harshly enough,should not be legal,NA,NA,NA,no,yes,30964.999999999996
2500,70,18,graduate,male,south,not very strong republican,"moderate, middle of the road",too little,favor,favor,NA,NA,yes,no,yes,no,yes,30964.999999999996
2501,27,15,high school,male,south,strong democrat,liberal,too much,oppose,oppose,not harshly enough,should be legal,no,no,no,no,refused,NA
2502,55,11,high school,male,south,not very strong democrat,extremely conservative,too little,oppose,oppose,not harshly enough,should be legal,yes,no,no,yes,no,6333.749999999999
2503,67,14,associate/junior college,female,south,"independent, close to republican","moderate, middle of the road",too little,NA,NA,not harshly enough,should be legal,yes,no,yes,NA,NA,18297.5
2504,41,12,high school,female,south,"independent, close to republican","moderate, middle of the road",NA,oppose,oppose,not harshly enough,should be legal,NA,NA,NA,yes,no,18297.5
2505,28,12,high school,female,south,"independent (neither, no response)",NA,too little,oppose,oppose,too harshly,should be legal,no,no,no,no,no,2533.4999999999995
2506,75,12,high school,female,south,"independent, close to democrat",slightly conservative,too little,NA,favor,NA,NA,NA,NA,NA,yes,no,30964.999999999996
2507,18,12,high school,female,south,not very strong democrat,"moderate, middle of the road",NA,NA,favor,NA,NA,NA,NA,NA,no,no,25334.999999999996
2508,22,14,associate/junior college,female,south,other party,"moderate, middle of the road",too little,oppose,favor,not harshly enough,should be legal,yes,no,yes,yes,yes,11963.749999999998
2509,49,14,associate/junior college,female,south,"independent, close to democrat","moderate, middle of the road",too little,oppose,NA,about right,should be legal,yes,no,yes,NA,NA,15482.499999999998
2510,23,13,high school,female,south,strong democrat,liberal,too little,NA,favor,NA,NA,NA,NA,NA,yes,no,6333.749999999999
2511,40,13,high school,male,south,not very strong democrat,"moderate, middle of the road",NA,oppose,NA,too harshly,should be legal,NA,NA,NA,NA,NA,6333.749999999999
2512,67,12,less than high school,male,south,"independent, close to democrat","moderate, middle of the road",about right,favor,NA,NA,NA,yes,no,no,NA,NA,15482.499999999998
2513,79,14,high school,female,south,strong democrat,liberal,NA,oppose,NA,NA,NA,NA,NA,NA,NA,NA,38002.49999999999
2514,71,16,bachelor's,female,south,not very strong republican,conservative,too little,favor,NA,not harshly enough,should not be legal,yes,no,yes,NA,NA,67560
2515,71,18,graduate,female,south,strong democrat,liberal,about right,NA,favor,NA,NA,NA,NA,NA,no,no,56299.99999999999
2516,70,17,bachelor's,male,south,"independent (neither, no response)",slightly liberal,about right,favor,favor,about right,should be legal,yes,no,yes,no,no,46447.49999999999
2517,56,NA,less than high school,male,south,"independent (neither, no response)",liberal,NA,oppose,NA,NA,NA,NA,NA,NA,NA,NA,90079.99999999999
2518,74,10,less than high school,female,south,"independent, close to republican",conservative,about right,NA,NA,NA,NA,NA,NA,NA,no,no,6333.749999999999
2519,57,12,high school,male,south,"independent (neither, no response)",conservative,NA,oppose,favor,too harshly,should be legal,NA,NA,NA,no,refused,281.5
2520,NA,6,less than high school,male,south,not very strong democrat,NA,NA,oppose,oppose,too harshly,NA,NA,NA,NA,yes,refused,18297.5
2521,27,12,high school,male,south,"independent (neither, no response)","moderate, middle of the road",too little,favor,favor,NA,NA,yes,no,yes,yes,no,NA
2522,62,11,high school,male,south,"independent, close to republican","moderate, middle of the road",too little,NA,favor,NA,NA,NA,NA,NA,no,no,5066.999999999999
2523,26,12,high school,male,south,"independent, close to republican",liberal,NA,favor,favor,NA,NA,NA,NA,NA,yes,no,25334.999999999996
2524,32,16,bachelor's,female,south,not very strong democrat,extremely liberal,NA,NA,favor,NA,NA,NA,NA,NA,yes,no,30964.999999999996
2525,66,11,less than high school,male,south,strong democrat,extremely conservative,about right,favor,NA,not harshly enough,should be legal,no,no,yes,NA,NA,5066.999999999999
2526,34,12,high school,female,south,not very strong democrat,"moderate, middle of the road",NA,favor,NA,not harshly enough,should be legal,NA,NA,NA,NA,NA,18297.5
2527,37,16,graduate,female,south,strong democrat,extremely liberal,about right,oppose,NA,NA,NA,yes,no,yes,NA,NA,78819.99999999999
2528,46,18,bachelor's,female,south,strong democrat,extremely liberal,about right,NA,favor,NA,NA,NA,NA,NA,yes,no,15482.499999999998
2529,33,13,high school,female,south,strong democrat,slightly conservative,NA,favor,oppose,NA,NA,NA,NA,NA,yes,no,7741.249999999999
2530,44,11,high school,male,south,"independent (neither, no response)","moderate, middle of the road",NA,oppose,favor,too harshly,should be legal,NA,NA,NA,no,no,281.5
2531,63,12,high school,female,south,"independent (neither, no response)",NA,NA,oppose,oppose,NA,NA,NA,NA,NA,yes,no,7741.249999999999
2532,37,14,less than high school,female,south,"independent, close to democrat",slightly conservative,NA,favor,NA,NA,NA,NA,NA,NA,NA,NA,25334.999999999996
2533,40,16,high school,female,south,not very strong democrat,"moderate, middle of the road",too little,oppose,favor,NA,NA,yes,no,yes,yes,no,46447.49999999999
2534,32,14,high school,male,south,"independent, close to republican","moderate, middle of the road",NA,NA,oppose,NA,NA,NA,NA,NA,yes,no,21112.499999999996
2535,70,16,graduate,female,south,strong democrat,liberal,NA,NA,favor,NA,NA,NA,NA,NA,no,no,NA
2536,72,16,bachelor's,female,south,strong democrat,liberal,too little,NA,oppose,NA,NA,NA,NA,NA,no,no,10556.249999999998
2537,66,11,less than high school,female,south,strong democrat,extremely liberal,NA,NA,oppose,NA,NA,NA,NA,NA,yes,no,1126
2538,80,15,high school,male,south,not very strong democrat,slightly liberal,NA,oppose,NA,about right,should be legal,NA,NA,NA,NA,NA,1126
2539,67,13,high school,male,south,strong democrat,liberal,NA,favor,favor,NA,NA,NA,NA,NA,no,no,7741.249999999999
2540,63,12,high school,female,south,not very strong democrat,extremely conservative,NA,favor,NA,not harshly enough,should be legal,NA,NA,NA,NA,NA,10556.249999999998
2541,38,12,high school,male,south,not very strong democrat,slightly liberal,NA,favor,NA,about right,should be legal,NA,NA,NA,NA,NA,30964.999999999996
2542,52,20,graduate,male,south,strong democrat,liberal,NA,NA,favor,NA,NA,NA,NA,NA,yes,no,56299.99999999999
2543,53,17,graduate,female,south,"independent (neither, no response)",liberal,about right,favor,favor,NA,NA,yes,no,no,no,no,18297.5
2544,46,16,bachelor's,female,south,strong democrat,slightly liberal,NA,favor,oppose,too harshly,should be legal,NA,NA,NA,yes,no,281.5
2545,54,16,bachelor's,male,south,"independent (neither, no response)","moderate, middle of the road",NA,favor,favor,NA,NA,NA,NA,NA,yes,no,56299.99999999999
2546,29,16,graduate,female,south,strong democrat,slightly liberal,NA,NA,favor,NA,NA,NA,NA,NA,no,no,18297.5
2547,56,6,less than high school,female,south,not very strong democrat,liberal,NA,oppose,NA,too harshly,should be legal,NA,NA,NA,NA,NA,6333.749999999999
2548,50,18,graduate,female,south,not very strong democrat,"moderate, middle of the road",too little,oppose,NA,NA,NA,yes,no,yes,NA,NA,30964.999999999996
2549,19,12,high school,female,south,not very strong republican,slightly conservative,NA,NA,favor,NA,NA,NA,NA,NA,yes,no,6333.749999999999
2550,32,18,high school,male,south,other party,slightly conservative,about right,NA,oppose,NA,NA,NA,NA,NA,yes,yes,46447.49999999999
2551,30,12,high school,female,south,"independent (neither, no response)","moderate, middle of the road",NA,NA,oppose,NA,NA,NA,NA,NA,no,no,11963.749999999998
2552,NA,3,less than high school,NA,south,not very strong republican,"moderate, middle of the road",NA,favor,favor,NA,NA,NA,NA,NA,yes,yes,18297.5
2553,22,11,less than high school,female,south,"independent (neither, no response)",NA,too little,favor,oppose,NA,should be legal,yes,no,yes,yes,no,1970.4999999999998
2554,35,14,high school,male,south,"independent (neither, no response)",slightly liberal,NA,favor,oppose,NA,NA,NA,NA,NA,no,yes,38002.49999999999
2555,76,18,graduate,male,south,strong republican,slightly conservative,too little,favor,NA,about right,should be legal,yes,no,no,NA,NA,139024.36558999997
2556,19,14,high school,female,south,"independent (neither, no response)",conservative,NA,NA,oppose,NA,NA,NA,NA,NA,yes,no,7741.249999999999
2557,33,12,high school,male,south,strong republican,extremely conservative,too little,NA,favor,NA,NA,NA,NA,NA,no,no,25334.999999999996
2558,53,12,high school,female,south,strong democrat,liberal,NA,favor,favor,not harshly enough,should be legal,NA,NA,NA,yes,no,25334.999999999996
2559,72,12,high school,male,south,"independent, close to democrat",slightly conservative,NA,NA,favor,NA,NA,NA,NA,NA,no,no,30964.999999999996
2560,NA,19,graduate,NA,south,"independent (neither, no response)","moderate, middle of the road",NA,oppose,NA,NA,NA,NA,NA,NA,NA,NA,NA
2561,30,12,high school,female,south,not very strong republican,slightly conservative,about right,favor,NA,NA,NA,no,no,yes,NA,NA,13371.249999999998
2562,29,16,bachelor's,female,south,"independent (neither, no response)","moderate, middle of the road",too little,NA,favor,NA,NA,NA,NA,NA,yes,yes,38002.49999999999
2563,61,16,bachelor's,female,south,strong republican,extremely conservative,NA,favor,oppose,NA,NA,NA,NA,NA,yes,no,18297.5
2564,37,13,associate/junior college,female,south,"independent (neither, no response)","moderate, middle of the road",too little,favor,NA,NA,NA,yes,no,yes,NA,NA,11963.749999999998
2565,25,16,bachelor's,male,midwest,"independent (neither, no response)","moderate, middle of the road",NA,NA,favor,NA,NA,NA,NA,NA,no,no,25334.999999999996
2566,57,12,high school,male,midwest,strong democrat,liberal,NA,oppose,NA,NA,NA,NA,NA,NA,NA,NA,38002.49999999999
2567,81,12,high school,male,midwest,not very strong republican,"moderate, middle of the road",NA,NA,favor,NA,NA,NA,NA,NA,no,no,21112.499999999996
2568,74,18,graduate,female,midwest,strong republican,conservative,NA,favor,oppose,NA,NA,NA,NA,NA,no,yes,30964.999999999996
2569,70,15,high school,male,midwest,"independent, close to republican","moderate, middle of the road",NA,favor,oppose,not harshly enough,should be legal,NA,NA,NA,no,yes,18297.5
2570,72,16,graduate,female,midwest,strong democrat,"moderate, middle of the road",NA,oppose,favor,NA,NA,NA,NA,NA,yes,yes,NA
2571,NA,12,high school,male,midwest,"independent (neither, no response)","moderate, middle of the road",about right,oppose,favor,about right,should be legal,no,yes,no,no,no,NA
2572,45,12,high school,male,midwest,strong republican,"moderate, middle of the road",about right,NA,favor,NA,NA,NA,NA,NA,no,no,18297.5
2573,41,14,associate/junior college,male,midwest,strong republican,extremely conservative,NA,favor,oppose,about right,should be legal,NA,NA,NA,no,no,67560
2574,31,13,high school,female,midwest,"independent (neither, no response)","moderate, middle of the road",NA,favor,favor,NA,NA,NA,NA,NA,yes,no,21112.499999999996
2575,36,12,high school,male,midwest,"independent, close to republican",conservative,about right,NA,oppose,NA,NA,NA,NA,NA,no,yes,30964.999999999996
2576,75,15,high school,male,midwest,strong democrat,slightly liberal,NA,NA,favor,NA,NA,NA,NA,NA,NA,no,18297.5
2577,66,14,high school,male,midwest,strong republican,extremely liberal,NA,NA,favor,NA,NA,NA,NA,NA,no,yes,6333.749999999999
2578,69,12,high school,female,midwest,other party,slightly liberal,NA,favor,favor,not harshly enough,should be legal,NA,NA,NA,no,no,9148.75
2579,NA,NA,less than high school,NA,midwest,NA,NA,NA,NA,favor,NA,NA,NA,NA,NA,yes,yes,NA
2580,43,13,high school,female,midwest,"independent (neither, no response)","moderate, middle of the road",too little,favor,NA,NA,NA,yes,no,yes,NA,NA,38002.49999999999
2581,26,14,high school,male,midwest,"independent (neither, no response)","moderate, middle of the road",too little,oppose,NA,about right,should not be legal,no,no,yes,NA,NA,11963.749999999998
2582,33,14,associate/junior college,female,midwest,not very strong republican,conservative,too little,oppose,oppose,too harshly,should be legal,yes,no,yes,no,no,38002.49999999999
2583,59,16,bachelor's,female,midwest,strong republican,"moderate, middle of the road",NA,oppose,oppose,about right,should not be legal,NA,NA,NA,no,no,10556.249999999998
2584,61,14,high school,female,midwest,"independent (neither, no response)","moderate, middle of the road",too little,NA,favor,NA,NA,NA,NA,NA,yes,no,25334.999999999996
2585,29,11,less than high school,female,midwest,"independent (neither, no response)","moderate, middle of the road",too little,NA,favor,NA,NA,NA,NA,NA,no,no,46447.49999999999
2586,67,14,high school,male,midwest,not very strong democrat,slightly liberal,NA,oppose,NA,NA,NA,NA,NA,NA,NA,NA,15482.499999999998
2587,48,12,high school,female,midwest,"independent (neither, no response)","moderate, middle of the road",about right,oppose,NA,about right,should be legal,no,no,yes,NA,NA,67560
2588,47,10,high school,female,midwest,"independent, close to republican",NA,NA,NA,favor,about right,should be legal,NA,NA,NA,no,no,10556.249999999998
2589,76,12,high school,female,midwest,not very strong republican,slightly conservative,about right,favor,favor,not harshly enough,should be legal,yes,no,yes,no,no,NA
2590,44,17,bachelor's,male,midwest,"independent, close to republican","moderate, middle of the road",NA,oppose,favor,about right,should not be legal,NA,NA,NA,no,no,38002.49999999999
2591,23,13,high school,male,midwest,"independent (neither, no response)",conservative,NA,favor,oppose,NA,NA,NA,NA,NA,no,yes,25334.999999999996
2592,62,14,high school,female,midwest,not very strong republican,"moderate, middle of the road",NA,NA,favor,NA,NA,NA,NA,NA,no,no,NA
2593,34,12,high school,female,midwest,"independent (neither, no response)","moderate, middle of the road",too little,favor,favor,NA,NA,yes,no,yes,no,no,30964.999999999996
2594,83,16,bachelor's,female,midwest,strong democrat,liberal,too little,oppose,NA,NA,NA,no,no,yes,NA,NA,139024.36558999997
2595,68,17,bachelor's,female,midwest,"independent (neither, no response)","moderate, middle of the road",NA,favor,favor,NA,NA,NA,NA,NA,yes,no,38002.49999999999
2596,43,20,graduate,female,midwest,not very strong democrat,"moderate, middle of the road",too little,oppose,NA,NA,NA,no,no,no,NA,NA,56299.99999999999
2597,36,16,bachelor's,male,midwest,strong democrat,liberal,NA,oppose,favor,about right,should be legal,NA,NA,NA,no,yes,38002.49999999999
2598,77,18,graduate,female,midwest,"independent (neither, no response)",conservative,NA,oppose,favor,NA,NA,NA,NA,NA,no,no,38002.49999999999
2599,47,16,bachelor's,male,midwest,not very strong democrat,"moderate, middle of the road",too little,NA,favor,NA,NA,NA,NA,NA,no,no,139024.36558999997
2600,45,14,associate/junior college,female,midwest,"independent (neither, no response)","moderate, middle of the road",about right,NA,favor,NA,NA,NA,NA,NA,no,no,46447.49999999999
2601,48,14,high school,female,midwest,strong democrat,liberal,too little,oppose,NA,NA,NA,no,no,yes,NA,NA,15482.499999999998
2602,36,16,graduate,female,midwest,not very strong republican,conservative,about right,oppose,favor,NA,NA,yes,no,yes,no,no,56299.99999999999
2603,64,14,associate/junior college,male,midwest,"independent (neither, no response)","moderate, middle of the road",NA,oppose,favor,about right,should not be legal,NA,NA,NA,no,no,15482.499999999998
2604,42,20,graduate,male,midwest,"independent, close to democrat","moderate, middle of the road",about right,NA,favor,NA,NA,NA,NA,NA,no,no,56299.99999999999
2605,32,16,bachelor's,male,midwest,strong democrat,liberal,about right,oppose,NA,NA,NA,yes,yes,NA,NA,NA,67560
2606,63,13,high school,male,midwest,"independent (neither, no response)","moderate, middle of the road",too little,oppose,favor,about right,should be legal,no,no,yes,NA,no,11963.749999999998
2607,26,11,high school,female,midwest,strong democrat,extremely conservative,too little,oppose,favor,not harshly enough,should be legal,no,no,no,no,no,11963.749999999998
2608,29,12,high school,female,midwest,"independent (neither, no response)",slightly liberal,NA,oppose,NA,NA,NA,NA,NA,NA,NA,NA,281.5
2609,32,11,less than high school,female,midwest,"independent (neither, no response)","moderate, middle of the road",NA,oppose,NA,NA,NA,NA,NA,NA,NA,NA,1970.4999999999998
2610,39,12,less than high school,female,midwest,not very strong democrat,slightly liberal,NA,NA,favor,NA,NA,NA,NA,NA,yes,no,11963.749999999998
2611,54,10,high school,male,midwest,"independent (neither, no response)",extremely liberal,too little,oppose,NA,too harshly,should not be legal,no,no,no,NA,NA,1970.4999999999998
2612,73,13,high school,female,midwest,not very strong republican,conservative,NA,NA,oppose,NA,NA,NA,NA,NA,yes,refused,NA
2613,45,13,high school,female,midwest,not very strong democrat,extremely liberal,too little,NA,favor,NA,NA,NA,NA,NA,yes,no,7741.249999999999
2614,30,14,associate/junior college,female,midwest,not very strong democrat,"moderate, middle of the road",about right,oppose,favor,about right,should be legal,no,no,no,yes,no,18297.5
2615,62,9,high school,male,midwest,"independent (neither, no response)","moderate, middle of the road",NA,favor,favor,not harshly enough,NA,NA,NA,NA,yes,no,6333.749999999999
2616,81,13,high school,female,midwest,strong democrat,"moderate, middle of the road",too little,favor,favor,not harshly enough,should be legal,no,no,yes,yes,no,11963.749999999998
2617,74,8,less than high school,female,midwest,NA,NA,NA,NA,favor,NA,NA,NA,NA,NA,yes,no,25334.999999999996
2618,67,14,associate/junior college,female,midwest,not very strong democrat,liberal,about right,favor,NA,about right,should not be legal,no,no,yes,NA,NA,11963.749999999998
2619,46,14,associate/junior college,female,midwest,strong republican,"moderate, middle of the road",about right,oppose,NA,about right,should be legal,no,no,NA,NA,NA,30964.999999999996
2620,59,12,high school,male,midwest,NA,slightly conservative,too little,NA,favor,NA,NA,NA,NA,NA,no,no,6333.749999999999
2621,74,12,high school,male,midwest,"independent (neither, no response)",slightly conservative,NA,favor,NA,about right,should not be legal,NA,NA,NA,NA,NA,NA
2622,64,9,less than high school,male,midwest,"independent (neither, no response)","moderate, middle of the road",NA,oppose,NA,about right,should not be legal,NA,NA,NA,NA,NA,2533.4999999999995
2623,21,14,high school,male,midwest,not very strong democrat,slightly liberal,too much,oppose,NA,too harshly,should be legal,yes,no,yes,NA,NA,1126
2624,65,14,associate/junior college,female,midwest,"independent, close to democrat",slightly liberal,too little,favor,favor,NA,NA,no,no,yes,yes,no,30964.999999999996
2625,64,16,bachelor's,male,midwest,"independent, close to democrat","moderate, middle of the road",NA,NA,favor,NA,NA,NA,NA,NA,no,no,56299.99999999999
2626,NA,12,high school,male,midwest,"independent (neither, no response)",slightly conservative,NA,favor,NA,NA,NA,NA,NA,NA,NA,NA,56299.99999999999
2627,18,11,high school,male,midwest,"independent (neither, no response)",NA,NA,favor,oppose,NA,should not be legal,NA,NA,NA,no,no,281.5
2628,41,13,high school,male,midwest,"independent (neither, no response)","moderate, middle of the road",too little,NA,favor,NA,NA,NA,NA,NA,no,no,21112.499999999996
2629,78,16,bachelor's,female,midwest,"independent (neither, no response)","moderate, middle of the road",NA,oppose,NA,not harshly enough,should be legal,NA,NA,NA,NA,NA,11963.749999999998
2630,58,12,high school,female,midwest,"independent, close to republican","moderate, middle of the road",NA,NA,favor,NA,NA,NA,NA,NA,no,yes,25334.999999999996
2631,65,13,high school,female,midwest,"independent, close to democrat","moderate, middle of the road",too little,favor,favor,not harshly enough,should be legal,yes,no,yes,no,no,7741.249999999999
2632,27,14,associate/junior college,male,midwest,strong republican,conservative,NA,favor,oppose,NA,NA,NA,NA,NA,no,no,30964.999999999996
2633,63,13,high school,female,midwest,not very strong republican,slightly conservative,too little,NA,favor,NA,NA,NA,NA,NA,no,no,NA
2634,76,20,graduate,male,midwest,strong democrat,liberal,NA,favor,favor,not harshly enough,should be legal,NA,NA,NA,yes,no,90079.99999999999
2635,56,16,bachelor's,female,midwest,"independent (neither, no response)",conservative,too little,favor,favor,NA,NA,yes,no,no,no,yes,15482.499999999998
2636,35,12,high school,male,midwest,strong republican,"moderate, middle of the road",about right,NA,favor,NA,NA,NA,NA,NA,no,yes,NA
2637,42,11,less than high school,male,midwest,"independent (neither, no response)","moderate, middle of the road",NA,NA,NA,NA,NA,NA,NA,NA,no,no,281.5
2638,89,20,bachelor's,male,midwest,not very strong republican,"moderate, middle of the road",NA,favor,favor,not harshly enough,should not be legal,NA,NA,NA,yes,no,NA
2639,45,12,high school,female,midwest,NA,"moderate, middle of the road",too little,favor,NA,NA,should be legal,no,no,no,NA,NA,25334.999999999996
2640,62,17,bachelor's,male,midwest,"independent, close to democrat","moderate, middle of the road",NA,oppose,NA,about right,should be legal,NA,NA,NA,NA,NA,21112.499999999996
2641,37,20,graduate,female,midwest,"independent (neither, no response)","moderate, middle of the road",NA,oppose,NA,NA,NA,NA,NA,NA,NA,NA,56299.99999999999
2642,43,15,high school,male,midwest,"independent, close to democrat",slightly liberal,about right,oppose,NA,NA,NA,no,no,no,NA,NA,30964.999999999996
2643,69,16,bachelor's,female,midwest,"independent (neither, no response)","moderate, middle of the road",too little,favor,favor,NA,NA,yes,no,yes,no,yes,38002.49999999999
2644,22,12,high school,male,midwest,"independent (neither, no response)","moderate, middle of the road",NA,favor,NA,NA,NA,NA,NA,NA,NA,NA,21112.499999999996
2645,49,12,high school,male,midwest,"independent, close to republican",liberal,too little,favor,favor,NA,should be legal,yes,no,yes,no,no,30964.999999999996
2646,65,16,bachelor's,male,midwest,strong republican,"moderate, middle of the road",NA,oppose,NA,not harshly enough,should be legal,no,no,no,NA,NA,NA
2647,41,12,high school,female,midwest,"independent (neither, no response)","moderate, middle of the road",too little,oppose,NA,NA,NA,no,no,no,NA,NA,38002.49999999999
2648,68,14,high school,female,midwest,"independent, close to democrat",liberal,too little,oppose,NA,not harshly enough,should be legal,no,no,yes,NA,NA,25334.999999999996
2649,34,16,bachelor's,male,midwest,"independent (neither, no response)","moderate, middle of the road",too little,oppose,favor,about right,should not be legal,no,no,yes,no,no,NA
2650,22,14,high school,female,midwest,"independent (neither, no response)","moderate, middle of the road",NA,NA,favor,NA,NA,NA,NA,NA,yes,no,7741.249999999999
2651,61,12,high school,female,midwest,not very strong republican,"moderate, middle of the road",NA,oppose,NA,about right,should not be legal,NA,NA,NA,NA,NA,6333.749999999999
2652,30,12,high school,female,midwest,other party,"moderate, middle of the road",too little,favor,favor,NA,NA,yes,no,yes,no,no,NA
2653,31,16,bachelor's,female,midwest,not very strong democrat,"moderate, middle of the road",NA,oppose,favor,about right,should not be legal,NA,NA,NA,no,no,9148.75
2654,83,12,high school,female,midwest,not very strong republican,slightly liberal,too much,NA,oppose,NA,NA,NA,NA,NA,no,yes,NA
2655,20,14,high school,male,midwest,other party,liberal,NA,oppose,NA,NA,NA,NA,NA,NA,NA,NA,10556.249999999998
2656,75,13,high school,female,midwest,strong republican,conservative,NA,favor,favor,not harshly enough,should not be legal,NA,NA,NA,yes,no,15482.499999999998
2657,29,12,high school,female,midwest,not very strong democrat,"moderate, middle of the road",NA,oppose,NA,too harshly,should be legal,NA,NA,NA,NA,NA,11963.749999999998
2658,37,15,high school,female,midwest,"independent (neither, no response)","moderate, middle of the road",too little,oppose,favor,NA,NA,no,yes,no,yes,no,NA
2659,81,15,high school,female,midwest,strong democrat,liberal,NA,NA,favor,NA,NA,NA,NA,NA,yes,no,NA
2660,18,12,high school,female,midwest,not very strong republican,conservative,NA,NA,favor,NA,NA,NA,NA,NA,no,yes,10556.249999999998
2661,79,18,graduate,female,midwest,strong republican,slightly conservative,NA,NA,oppose,NA,NA,NA,NA,NA,no,yes,139024.36558999997
2662,21,14,high school,female,midwest,not very strong republican,"moderate, middle of the road",about right,favor,NA,not harshly enough,should not be legal,yes,no,yes,NA,NA,56299.99999999999
2663,68,12,high school,male,midwest,not very strong republican,conservative,too little,NA,oppose,NA,NA,NA,NA,NA,no,yes,38002.49999999999
2664,86,12,high school,male,midwest,"independent (neither, no response)","moderate, middle of the road",too little,favor,NA,not harshly enough,should not be legal,yes,yes,yes,NA,NA,25334.999999999996
2665,77,12,high school,female,midwest,not very strong democrat,liberal,too little,favor,NA,NA,NA,yes,no,yes,NA,NA,15482.499999999998
2666,67,12,high school,female,midwest,"independent, close to democrat","moderate, middle of the road",NA,favor,NA,too harshly,should be legal,NA,NA,NA,NA,NA,NA
2667,73,12,high school,male,midwest,"independent (neither, no response)","moderate, middle of the road",too little,favor,favor,NA,NA,yes,no,yes,no,no,9148.75
2668,34,17,bachelor's,female,midwest,not very strong democrat,"moderate, middle of the road",NA,favor,oppose,NA,NA,NA,NA,NA,yes,yes,38002.49999999999
2669,71,12,high school,male,midwest,not very strong republican,slightly conservative,NA,favor,NA,not harshly enough,should be legal,NA,NA,NA,NA,NA,56299.99999999999
2670,25,12,high school,female,midwest,strong republican,conservative,NA,favor,oppose,NA,NA,NA,NA,NA,no,yes,NA
2671,48,12,high school,male,midwest,not very strong republican,slightly conservative,NA,NA,oppose,NA,NA,NA,NA,NA,no,yes,90079.99999999999
2672,33,14,high school,female,midwest,"independent (neither, no response)","moderate, middle of the road",about right,oppose,NA,about right,should be legal,yes,no,yes,NA,NA,NA
2673,44,12,high school,male,midwest,strong republican,conservative,too little,NA,oppose,NA,NA,NA,NA,NA,no,yes,38002.49999999999
2674,38,12,high school,male,midwest,"independent, close to democrat",slightly liberal,about right,favor,favor,NA,NA,yes,yes,yes,no,yes,11963.749999999998
2675,82,11,less than high school,male,midwest,not very strong democrat,slightly conservative,NA,favor,favor,NA,NA,NA,NA,NA,no,yes,30964.999999999996
2676,18,12,high school,male,midwest,"independent (neither, no response)","moderate, middle of the road",NA,favor,NA,NA,NA,NA,NA,NA,NA,NA,1126
2677,82,16,bachelor's,female,midwest,strong republican,extremely conservative,NA,NA,NA,NA,NA,NA,NA,NA,no,NA,139024.36558999997
2678,56,12,high school,male,midwest,strong republican,conservative,too little,favor,NA,NA,NA,yes,no,no,NA,NA,56299.99999999999
2679,55,16,bachelor's,female,midwest,"independent, close to republican",slightly conservative,about right,favor,NA,NA,NA,no,no,yes,NA,NA,46447.49999999999
2680,68,16,bachelor's,female,midwest,strong republican,conservative,NA,NA,favor,NA,NA,NA,NA,NA,no,no,13371.249999999998
2681,67,14,associate/junior college,male,midwest,strong republican,conservative,NA,oppose,oppose,NA,NA,NA,NA,NA,no,no,56299.99999999999
2682,58,6,less than high school,female,midwest,"independent, close to democrat",slightly conservative,too little,NA,favor,NA,NA,NA,NA,NA,no,no,3096.4999999999995
2683,26,12,high school,male,midwest,NA,"moderate, middle of the road",too little,favor,oppose,not harshly enough,NA,yes,no,no,no,no,67560
2684,67,13,associate/junior college,male,midwest,"independent (neither, no response)","moderate, middle of the road",NA,NA,favor,NA,NA,NA,NA,NA,no,yes,7741.249999999999
2685,34,6,less than high school,male,midwest,"independent (neither, no response)",extremely conservative,too little,favor,favor,NA,NA,no,yes,no,yes,no,1126
2686,43,14,high school,male,midwest,strong democrat,extremely liberal,NA,oppose,NA,NA,NA,NA,NA,NA,NA,NA,NA
2687,73,16,bachelor's,female,midwest,"independent, close to republican","moderate, middle of the road",NA,NA,favor,NA,NA,NA,NA,NA,no,yes,38002.49999999999
2688,62,16,bachelor's,male,midwest,"independent, close to republican",conservative,too little,favor,oppose,about right,should be legal,yes,yes,yes,no,yes,38002.49999999999
2689,24,15,high school,male,midwest,"independent, close to democrat",slightly liberal,about right,NA,favor,NA,NA,NA,NA,NA,no,no,4222.5
2690,NA,17,bachelor's,female,midwest,not very strong democrat,slightly liberal,too much,NA,favor,NA,NA,NA,NA,NA,yes,yes,78819.99999999999
2691,70,12,high school,male,midwest,"independent, close to republican","moderate, middle of the road",too little,favor,NA,not harshly enough,should be legal,yes,no,yes,NA,NA,30964.999999999996
2692,47,11,high school,male,midwest,"independent (neither, no response)","moderate, middle of the road",too little,favor,oppose,NA,should be legal,yes,no,yes,no,no,139024.36558999997
2693,53,13,associate/junior college,female,midwest,"independent, close to republican","moderate, middle of the road",too little,NA,oppose,NA,NA,NA,NA,NA,no,no,38002.49999999999
2694,64,16,bachelor's,female,midwest,not very strong republican,conservative,NA,favor,favor,NA,NA,NA,NA,NA,yes,no,46447.49999999999
2695,67,12,high school,female,midwest,not very strong republican,conservative,NA,favor,NA,about right,should be legal,NA,NA,NA,NA,NA,21112.499999999996
2696,35,12,high school,male,midwest,"independent (neither, no response)","moderate, middle of the road",about right,favor,favor,NA,NA,yes,no,yes,no,no,15482.499999999998
2697,36,16,bachelor's,female,midwest,strong republican,slightly conservative,too much,favor,NA,NA,NA,yes,no,yes,NA,NA,46447.49999999999
2698,NA,16,bachelor's,female,midwest,"independent (neither, no response)","moderate, middle of the road",too little,favor,NA,NA,NA,yes,no,yes,NA,NA,56299.99999999999
2699,32,17,bachelor's,male,midwest,strong democrat,extremely liberal,NA,NA,favor,NA,NA,NA,NA,NA,no,yes,38002.49999999999
2700,65,12,high school,male,midwest,"independent, close to democrat",slightly liberal,NA,oppose,NA,about right,should not be legal,NA,NA,NA,NA,NA,38002.49999999999
2701,84,16,graduate,male,midwest,not very strong republican,extremely conservative,too little,favor,oppose,not harshly enough,should not be legal,yes,no,yes,no,refused,NA
2702,59,16,bachelor's,male,midwest,"independent (neither, no response)",slightly liberal,NA,favor,NA,NA,NA,NA,NA,NA,NA,NA,46447.49999999999
2703,24,12,high school,female,midwest,"independent, close to democrat",liberal,too little,oppose,NA,about right,should be legal,no,no,yes,NA,NA,15482.499999999998
2704,51,14,high school,female,midwest,not very strong democrat,"moderate, middle of the road",NA,oppose,oppose,NA,NA,NA,NA,NA,yes,yes,38002.49999999999
2705,36,12,high school,female,midwest,"independent, close to democrat",liberal,NA,oppose,NA,NA,NA,NA,NA,NA,NA,NA,6333.749999999999
2706,30,0,less than high school,male,midwest,"independent, close to democrat",liberal,NA,NA,favor,NA,NA,NA,NA,NA,no,no,30964.999999999996
2707,41,16,bachelor's,female,midwest,not very strong democrat,"moderate, middle of the road",about right,NA,favor,NA,NA,NA,NA,NA,yes,no,56299.99999999999
2708,31,12,high school,male,midwest,"independent (neither, no response)","moderate, middle of the road",too little,favor,NA,too harshly,NA,yes,no,yes,NA,NA,46447.49999999999
2709,43,15,high school,male,midwest,"independent, close to democrat",liberal,about right,NA,favor,NA,NA,NA,NA,NA,no,yes,38002.49999999999
2710,33,13,high school,female,midwest,other party,"moderate, middle of the road",too little,favor,NA,NA,NA,yes,yes,no,NA,NA,21112.499999999996
2711,25,16,bachelor's,male,midwest,"independent (neither, no response)",conservative,NA,NA,oppose,NA,NA,NA,NA,NA,no,NA,30964.999999999996
2712,53,15,high school,male,midwest,strong republican,"moderate, middle of the road",NA,oppose,NA,NA,NA,NA,NA,NA,NA,NA,67560
2713,53,12,high school,female,midwest,not very strong republican,slightly conservative,too little,favor,favor,NA,NA,yes,no,no,no,yes,38002.49999999999
2714,63,12,high school,female,midwest,strong democrat,slightly conservative,NA,favor,NA,not harshly enough,should not be legal,NA,NA,NA,NA,NA,25334.999999999996
2715,38,14,associate/junior college,male,midwest,"independent (neither, no response)",slightly conservative,NA,favor,NA,NA,NA,NA,NA,NA,NA,NA,56299.99999999999
2716,31,12,high school,male,midwest,strong democrat,extremely liberal,NA,NA,favor,NA,NA,NA,NA,NA,no,no,NA
2717,40,16,bachelor's,male,midwest,"independent, close to republican",conservative,NA,favor,NA,NA,NA,NA,NA,NA,NA,NA,46447.49999999999
2718,NA,17,bachelor's,male,midwest,"independent (neither, no response)","moderate, middle of the road",NA,favor,oppose,NA,NA,NA,NA,NA,no,no,25334.999999999996
2719,67,11,less than high school,male,midwest,"independent, close to democrat","moderate, middle of the road",NA,favor,NA,NA,should be legal,NA,NA,NA,NA,NA,21112.499999999996
2720,73,12,high school,male,midwest,"independent, close to republican",slightly liberal,NA,NA,favor,NA,NA,NA,NA,NA,no,no,10556.249999999998
2721,68,16,bachelor's,female,midwest,not very strong republican,conservative,NA,oppose,NA,NA,NA,NA,NA,NA,NA,NA,38002.49999999999
2722,67,18,graduate,female,midwest,"independent, close to republican","moderate, middle of the road",about right,oppose,NA,NA,NA,yes,no,yes,NA,NA,56299.99999999999
2723,67,16,bachelor's,female,midwest,"independent (neither, no response)","moderate, middle of the road",NA,oppose,NA,NA,NA,NA,NA,NA,NA,NA,10556.249999999998
2724,39,17,bachelor's,male,midwest,"independent, close to democrat","moderate, middle of the road",too little,NA,oppose,NA,NA,NA,NA,NA,no,yes,46447.49999999999
2725,57,18,graduate,female,midwest,"independent, close to democrat",liberal,too little,oppose,favor,NA,NA,yes,no,yes,yes,no,6333.749999999999
2726,NA,16,bachelor's,female,midwest,not very strong republican,"moderate, middle of the road",too little,NA,favor,NA,NA,NA,NA,NA,yes,yes,NA
2727,60,13,associate/junior college,male,midwest,strong republican,"moderate, middle of the road",NA,NA,oppose,NA,NA,NA,NA,NA,no,yes,38002.49999999999
2728,72,14,high school,female,midwest,not very strong democrat,slightly liberal,NA,NA,favor,NA,NA,NA,NA,NA,yes,no,15482.499999999998
2729,66,16,bachelor's,female,midwest,strong republican,conservative,too little,favor,oppose,NA,NA,yes,no,yes,no,yes,46447.49999999999
2730,64,12,high school,female,midwest,strong republican,conservative,NA,NA,favor,NA,NA,NA,NA,NA,no,yes,56299.99999999999
2731,63,16,bachelor's,female,midwest,not very strong republican,conservative,NA,NA,oppose,NA,NA,NA,NA,NA,no,no,38002.49999999999
2732,74,16,high school,male,midwest,strong republican,conservative,too little,NA,oppose,NA,NA,NA,NA,NA,no,yes,67560
2733,42,12,high school,male,midwest,"independent, close to republican","moderate, middle of the road",NA,favor,NA,not harshly enough,should not be legal,NA,NA,NA,NA,NA,139024.36558999997
2734,53,20,graduate,female,midwest,"independent (neither, no response)","moderate, middle of the road",NA,oppose,oppose,NA,NA,NA,NA,NA,no,yes,139024.36558999997
2735,49,18,graduate,male,midwest,"independent, close to republican","moderate, middle of the road",NA,NA,favor,NA,NA,NA,NA,NA,no,no,139024.36558999997
2736,58,20,graduate,female,midwest,strong democrat,liberal,too little,oppose,NA,NA,should be legal,yes,no,yes,NA,NA,90079.99999999999
2737,66,13,high school,male,midwest,not very strong republican,"moderate, middle of the road",NA,oppose,NA,NA,NA,NA,NA,NA,NA,NA,NA
2738,64,14,high school,male,midwest,strong republican,conservative,NA,favor,NA,NA,NA,NA,NA,NA,NA,NA,46447.49999999999
2739,35,14,associate/junior college,female,midwest,"independent, close to republican","moderate, middle of the road",NA,NA,oppose,NA,NA,NA,NA,NA,no,yes,38002.49999999999
2740,55,12,high school,male,midwest,strong republican,extremely conservative,about right,NA,favor,NA,NA,NA,NA,NA,no,yes,38002.49999999999
2741,70,12,high school,female,midwest,strong democrat,liberal,too little,NA,oppose,NA,NA,NA,NA,NA,no,yes,25334.999999999996
2742,42,12,high school,female,midwest,"independent (neither, no response)","moderate, middle of the road",NA,oppose,favor,NA,NA,NA,NA,NA,no,no,10556.249999999998
2743,32,19,graduate,female,midwest,not very strong democrat,liberal,about right,oppose,favor,NA,NA,yes,no,yes,yes,yes,139024.36558999997
2744,NA,12,high school,male,midwest,strong republican,conservative,NA,NA,favor,NA,NA,NA,NA,NA,no,no,1970.4999999999998
2745,69,12,high school,male,midwest,strong republican,extremely conservative,NA,NA,oppose,NA,NA,NA,NA,NA,yes,yes,NA
2746,36,11,less than high school,female,midwest,"independent (neither, no response)","moderate, middle of the road",too little,NA,favor,NA,NA,NA,NA,NA,no,no,21112.499999999996
2747,41,12,high school,male,midwest,strong republican,conservative,NA,favor,oppose,NA,NA,NA,NA,NA,no,no,56299.99999999999
2748,NA,12,high school,female,midwest,strong republican,conservative,too little,favor,NA,not harshly enough,should not be legal,yes,no,yes,NA,NA,NA
2749,33,16,bachelor's,male,midwest,strong republican,slightly conservative,too little,favor,oppose,not harshly enough,NA,yes,no,yes,no,yes,78819.99999999999
2750,30,16,bachelor's,female,midwest,strong democrat,liberal,NA,oppose,NA,NA,NA,NA,NA,NA,NA,NA,78819.99999999999
2751,69,6,less than high school,male,midwest,"independent, close to democrat",slightly conservative,NA,oppose,oppose,not harshly enough,should not be legal,NA,NA,NA,no,no,1126
2752,23,14,high school,male,midwest,"independent (neither, no response)","moderate, middle of the road",NA,favor,NA,NA,NA,NA,NA,NA,NA,NA,5066.999999999999
2753,42,13,high school,female,midwest,"independent (neither, no response)","moderate, middle of the road",about right,favor,favor,about right,should be legal,yes,no,yes,no,yes,18297.5
2754,52,16,bachelor's,female,midwest,not very strong republican,"moderate, middle of the road",NA,favor,NA,NA,NA,NA,NA,NA,NA,NA,139024.36558999997
2755,57,20,graduate,female,midwest,"independent (neither, no response)","moderate, middle of the road",about right,NA,oppose,NA,NA,NA,NA,NA,no,no,78819.99999999999
2756,60,16,bachelor's,male,midwest,"independent, close to republican",conservative,too little,favor,NA,NA,NA,yes,no,yes,NA,NA,15482.499999999998
2757,50,12,high school,male,midwest,"independent, close to democrat","moderate, middle of the road",NA,favor,oppose,too harshly,should be legal,NA,NA,NA,no,no,25334.999999999996
2758,75,14,high school,female,midwest,"independent, close to democrat","moderate, middle of the road",NA,NA,favor,NA,NA,NA,NA,NA,no,no,13371.249999999998
2759,83,12,high school,female,midwest,"independent, close to democrat",conservative,too little,favor,NA,not harshly enough,should not be legal,no,no,yes,NA,NA,15482.499999999998
2760,70,16,associate/junior college,male,midwest,"independent, close to republican",conservative,too little,NA,oppose,NA,NA,NA,NA,NA,yes,yes,139024.36558999997
2761,32,16,bachelor's,male,midwest,not very strong republican,conservative,NA,NA,oppose,NA,NA,NA,NA,NA,no,yes,38002.49999999999
2762,26,16,bachelor's,female,midwest,"independent, close to republican",slightly conservative,NA,favor,NA,NA,NA,NA,NA,NA,NA,NA,15482.499999999998
2763,22,12,high school,female,midwest,"independent (neither, no response)",slightly conservative,NA,oppose,NA,NA,should be legal,NA,NA,NA,NA,NA,21112.499999999996
2764,64,15,associate/junior college,male,midwest,"independent (neither, no response)","moderate, middle of the road",NA,favor,oppose,NA,should not be legal,NA,NA,NA,no,yes,25334.999999999996
2765,32,12,high school,female,midwest,strong republican,liberal,NA,favor,oppose,NA,NA,NA,NA,NA,yes,yes,11963.749999999998
2766,31,17,bachelor's,male,midwest,"independent (neither, no response)","moderate, middle of the road",too little,oppose,favor,NA,NA,no,no,no,yes,yes,38002.49999999999
2767,50,12,high school,female,midwest,"independent, close to democrat","moderate, middle of the road",NA,NA,favor,NA,NA,NA,NA,NA,no,no,281.5
2768,71,18,graduate,male,midwest,"independent (neither, no response)","moderate, middle of the road",about right,NA,favor,NA,NA,NA,NA,NA,no,yes,25334.999999999996
2769,29,11,less than high school,female,midwest,"independent (neither, no response)",slightly liberal,NA,oppose,favor,about right,should not be legal,NA,NA,NA,no,no,25334.999999999996
2770,19,13,high school,male,midwest,"independent (neither, no response)","moderate, middle of the road",about right,oppose,favor,NA,NA,yes,no,yes,no,no,56299.99999999999
2771,32,14,associate/junior college,female,midwest,strong democrat,liberal,too much,favor,NA,NA,NA,no,no,yes,NA,NA,15482.499999999998
2772,28,16,bachelor's,male,midwest,strong republican,conservative,too little,NA,oppose,NA,NA,NA,NA,NA,no,yes,139024.36558999997
2773,54,12,high school,male,midwest,not very strong republican,"moderate, middle of the road",NA,favor,NA,not harshly enough,should not be legal,NA,NA,NA,NA,NA,25334.999999999996
2774,56,10,high school,male,south,strong democrat,"moderate, middle of the road",NA,NA,favor,NA,NA,NA,NA,NA,no,no,30964.999999999996
2775,67,7,less than high school,male,south,strong democrat,conservative,too little,NA,oppose,NA,NA,NA,NA,NA,no,yes,7741.249999999999
2776,56,12,high school,male,south,strong democrat,"moderate, middle of the road",NA,favor,NA,too harshly,should not be legal,NA,NA,NA,NA,NA,46447.49999999999
2777,47,12,high school,female,south,not very strong democrat,conservative,too little,NA,favor,NA,NA,NA,NA,NA,no,yes,7741.249999999999
2778,34,10,less than high school,female,south,"independent (neither, no response)",slightly liberal,too little,favor,favor,not harshly enough,should not be legal,no,no,no,yes,no,NA
2779,18,9,less than high school,female,south,"independent (neither, no response)","moderate, middle of the road",NA,oppose,oppose,NA,NA,NA,NA,NA,yes,no,NA
2780,49,11,less than high school,male,south,strong democrat,extremely conservative,NA,oppose,favor,not harshly enough,should not be legal,NA,NA,NA,no,yes,139024.36558999997
2781,63,NA,less than high school,female,south,strong democrat,"moderate, middle of the road",NA,NA,favor,NA,NA,NA,NA,NA,yes,no,NA
2782,44,14,high school,female,south,NA,NA,NA,NA,favor,NA,NA,NA,NA,NA,no,no,21112.499999999996
2783,66,11,less than high school,female,south,strong democrat,liberal,NA,oppose,favor,NA,NA,NA,NA,NA,yes,no,6333.749999999999
2784,75,20,graduate,male,south,strong republican,extremely conservative,NA,NA,favor,NA,NA,NA,NA,NA,yes,yes,67560
2785,64,10,less than high school,female,south,not very strong democrat,NA,NA,oppose,favor,NA,NA,NA,NA,NA,no,no,1970.4999999999998
2786,70,12,high school,female,south,strong republican,conservative,about right,favor,favor,about right,should be legal,yes,no,yes,yes,no,18297.5
2787,59,16,high school,female,south,strong democrat,"moderate, middle of the road",NA,favor,NA,not harshly enough,should be legal,NA,NA,NA,NA,NA,18297.5
2788,65,16,bachelor's,male,south,strong republican,extremely conservative,NA,favor,NA,NA,NA,NA,NA,NA,NA,NA,NA
2789,25,16,bachelor's,male,south,"independent, close to republican","moderate, middle of the road",about right,NA,favor,NA,NA,NA,NA,NA,no,yes,46447.49999999999
2790,21,13,associate/junior college,female,south,"independent (neither, no response)","moderate, middle of the road",too little,NA,favor,NA,NA,NA,NA,NA,yes,yes,2533.4999999999995
2791,33,12,high school,female,south,"independent (neither, no response)",extremely liberal,too little,oppose,NA,NA,NA,no,no,yes,NA,NA,11963.749999999998
2792,36,9,high school,male,south,strong democrat,slightly liberal,NA,oppose,NA,NA,NA,NA,NA,NA,NA,NA,30964.999999999996
2793,56,NA,less than high school,NA,south,"independent (neither, no response)",NA,too little,favor,NA,NA,NA,no,no,yes,NA,NA,5066.999999999999
2794,22,11,less than high school,male,south,"independent, close to democrat","moderate, middle of the road",too little,NA,favor,NA,NA,NA,NA,NA,no,no,10556.249999999998
2795,25,14,high school,female,south,"independent (neither, no response)","moderate, middle of the road",too little,favor,NA,not harshly enough,should be legal,no,no,yes,NA,NA,3659.4999999999995
2796,22,12,high school,male,south,"independent (neither, no response)",extremely conservative,about right,NA,NA,NA,NA,NA,NA,NA,NA,NA,281.5
2797,33,14,associate/junior college,female,south,strong democrat,"moderate, middle of the road",too little,oppose,favor,NA,NA,no,no,yes,no,no,21112.499999999996
2798,29,15,high school,female,south,"independent (neither, no response)","moderate, middle of the road",too little,NA,favor,NA,NA,NA,NA,NA,yes,yes,38002.49999999999
2799,55,16,bachelor's,male,south,strong republican,conservative,about right,favor,oppose,NA,NA,yes,no,yes,yes,yes,90079.99999999999
2800,19,12,high school,male,south,"independent (neither, no response)","moderate, middle of the road",about right,NA,favor,NA,NA,NA,NA,NA,no,no,4222.5
2801,46,10,less than high school,female,south,"independent (neither, no response)",NA,too little,NA,favor,NA,NA,NA,NA,NA,yes,no,NA
2802,26,16,bachelor's,female,south,"independent, close to democrat",slightly liberal,too little,oppose,favor,NA,NA,yes,no,yes,yes,yes,30964.999999999996
2803,72,12,high school,male,south,not very strong democrat,slightly liberal,NA,favor,NA,NA,should be legal,NA,NA,NA,NA,NA,15482.499999999998
2804,57,12,high school,female,south,not very strong republican,"moderate, middle of the road",too little,oppose,NA,NA,NA,yes,no,yes,NA,NA,25334.999999999996
2805,71,14,associate/junior college,female,south,not very strong republican,NA,too little,NA,NA,NA,should not be legal,no,no,yes,NA,NA,11963.749999999998
2806,62,16,bachelor's,male,south,strong democrat,slightly conservative,NA,favor,favor,NA,NA,NA,NA,NA,no,no,67560
2807,63,16,bachelor's,male,south,not very strong republican,conservative,too little,favor,NA,about right,should not be legal,yes,no,yes,NA,NA,139024.36558999997
2808,24,13,high school,male,south,"independent (neither, no response)",conservative,about right,favor,favor,NA,NA,yes,no,yes,no,no,NA
2809,39,16,bachelor's,male,south,not very strong democrat,extremely liberal,NA,NA,favor,NA,NA,NA,NA,NA,no,no,30964.999999999996
2810,27,12,high school,male,south,"independent (neither, no response)",conservative,NA,NA,favor,NA,NA,NA,NA,NA,no,no,139024.36558999997
2811,54,14,associate/junior college,female,south,not very strong republican,extremely conservative,about right,oppose,oppose,NA,NA,yes,no,yes,yes,yes,139024.36558999997
2812,46,13,high school,male,south,strong republican,conservative,too little,NA,favor,NA,NA,NA,NA,NA,no,yes,78819.99999999999
2813,43,14,high school,female,south,strong republican,conservative,NA,favor,oppose,NA,NA,NA,NA,NA,yes,yes,67560
2814,30,12,high school,female,south,"independent, close to democrat",slightly conservative,too little,favor,NA,about right,should not be legal,no,no,yes,NA,NA,NA
2815,38,12,high school,female,south,not very strong republican,NA,about right,oppose,favor,NA,NA,yes,no,yes,no,yes,281.5
2816,48,14,associate/junior college,male,south,not very strong republican,conservative,too little,favor,NA,NA,NA,yes,yes,no,NA,NA,67560
2817,45,15,associate/junior college,male,south,other party,"moderate, middle of the road",too little,NA,oppose,NA,NA,NA,NA,NA,no,yes,78819.99999999999
2818,28,14,high school,female,south,strong republican,extremely conservative,NA,favor,NA,not harshly enough,should be legal,NA,NA,NA,NA,NA,21112.499999999996
2819,42,16,associate/junior college,female,south,"independent (neither, no response)",slightly conservative,NA,NA,oppose,NA,NA,NA,NA,NA,no,yes,56299.99999999999
2820,52,13,high school,female,south,strong republican,extremely conservative,NA,NA,favor,NA,NA,NA,NA,NA,yes,yes,18297.5
2821,66,13,high school,male,south,strong republican,conservative,too little,favor,favor,not harshly enough,should not be legal,yes,no,yes,yes,yes,46447.49999999999
2822,74,11,high school,female,south,"independent, close to democrat",extremely conservative,NA,favor,oppose,not harshly enough,should not be legal,NA,NA,NA,yes,no,1126
2823,18,16,associate/junior college,male,south,NA,"moderate, middle of the road",NA,NA,NA,NA,NA,NA,NA,NA,NA,NA,13371.249999999998
2824,29,14,high school,female,south,strong republican,conservative,NA,favor,NA,NA,NA,NA,NA,NA,NA,NA,1970.4999999999998
2825,22,12,high school,male,south,"independent, close to democrat",extremely conservative,about right,NA,oppose,NA,NA,NA,NA,NA,no,yes,38002.49999999999
2826,30,12,high school,male,south,"independent (neither, no response)","moderate, middle of the road",about right,oppose,NA,NA,NA,no,yes,yes,NA,NA,NA
2827,44,14,high school,male,south,"independent (neither, no response)","moderate, middle of the road",NA,favor,favor,not harshly enough,should be legal,NA,NA,NA,no,no,9148.75
2828,51,14,high school,female,south,"independent (neither, no response)",NA,NA,oppose,favor,not harshly enough,should not be legal,NA,NA,NA,yes,no,281.5
2829,43,12,high school,male,south,not very strong republican,extremely conservative,NA,favor,NA,about right,should be legal,NA,NA,NA,NA,NA,NA
2830,36,20,bachelor's,female,south,strong republican,extremely conservative,too little,favor,oppose,NA,NA,yes,no,yes,no,yes,21112.499999999996
2831,42,16,bachelor's,female,south,"independent (neither, no response)","moderate, middle of the road",NA,oppose,favor,not harshly enough,should be legal,NA,NA,NA,no,yes,78819.99999999999
2832,39,16,bachelor's,male,south,not very strong democrat,extremely conservative,about right,oppose,NA,NA,NA,no,no,yes,NA,NA,1126
2833,69,13,high school,male,south,"independent (neither, no response)","moderate, middle of the road",NA,NA,favor,NA,NA,NA,NA,NA,no,yes,NA
2834,61,12,high school,male,south,strong democrat,liberal,too little,NA,favor,NA,NA,NA,NA,NA,no,yes,46447.49999999999
2835,45,14,associate/junior college,female,south,strong democrat,"moderate, middle of the road",NA,oppose,favor,not harshly enough,should not be legal,NA,NA,NA,yes,no,18297.5
2836,20,12,high school,female,south,"independent (neither, no response)",extremely liberal,NA,NA,oppose,NA,NA,NA,NA,NA,no,yes,3096.4999999999995
2837,59,13,associate/junior college,female,south,strong republican,extremely conservative,NA,favor,NA,NA,NA,NA,NA,NA,NA,NA,6333.749999999999
2838,29,16,bachelor's,female,south,"independent (neither, no response)","moderate, middle of the road",NA,NA,oppose,NA,NA,NA,NA,NA,no,yes,46447.49999999999
2839,55,13,high school,female,south,"independent (neither, no response)","moderate, middle of the road",about right,oppose,NA,NA,NA,yes,no,yes,NA,NA,15482.499999999998
2840,38,12,high school,female,south,"independent, close to republican","moderate, middle of the road",NA,NA,favor,NA,NA,NA,NA,NA,no,no,6333.749999999999
2841,58,12,high school,female,south,"independent, close to democrat",extremely conservative,too much,NA,oppose,NA,NA,NA,NA,NA,no,no,13371.249999999998
2842,39,15,high school,female,south,not very strong democrat,extremely liberal,NA,oppose,NA,too harshly,should not be legal,NA,NA,NA,NA,NA,21112.499999999996
2843,61,13,high school,male,south,strong democrat,"moderate, middle of the road",too little,favor,NA,NA,NA,no,no,yes,NA,NA,281.5
2844,54,16,high school,female,south,strong democrat,slightly liberal,NA,favor,NA,not harshly enough,should not be legal,NA,NA,NA,NA,NA,21112.499999999996
2845,39,14,high school,female,south,not very strong democrat,extremely conservative,NA,NA,oppose,NA,NA,NA,NA,NA,no,no,15482.499999999998
2846,55,12,high school,female,south,"independent (neither, no response)","moderate, middle of the road",too little,favor,NA,NA,NA,no,no,no,NA,NA,1126
2847,39,10,less than high school,female,south,"independent (neither, no response)","moderate, middle of the road",NA,favor,favor,NA,NA,NA,NA,NA,yes,no,10556.249999999998
2848,23,12,high school,male,south,not very strong democrat,"moderate, middle of the road",too little,NA,favor,NA,NA,NA,NA,NA,yes,no,1126
2849,25,12,high school,male,south,not very strong democrat,slightly liberal,too little,NA,oppose,NA,should be legal,no,no,yes,no,yes,6333.749999999999
2850,60,11,less than high school,male,south,not very strong democrat,slightly conservative,too much,oppose,NA,not harshly enough,should be legal,no,no,yes,NA,NA,6333.749999999999
2851,36,12,high school,female,west,"independent, close to democrat","moderate, middle of the road",too little,NA,favor,NA,NA,NA,NA,NA,no,no,18297.5
2852,42,12,high school,female,west,strong republican,conservative,too little,favor,oppose,NA,NA,yes,no,yes,no,yes,78819.99999999999
2853,42,16,bachelor's,female,west,not very strong republican,slightly conservative,about right,NA,favor,NA,NA,NA,NA,NA,no,yes,56299.99999999999
2854,26,20,bachelor's,female,west,"independent, close to democrat","moderate, middle of the road",NA,oppose,favor,not harshly enough,should be legal,NA,NA,NA,yes,no,30964.999999999996
2855,NA,12,high school,male,west,"independent (neither, no response)","moderate, middle of the road",too little,favor,oppose,NA,NA,yes,no,yes,no,no,46447.49999999999
2856,67,16,bachelor's,male,west,"independent (neither, no response)","moderate, middle of the road",NA,favor,NA,NA,NA,NA,NA,NA,NA,NA,15482.499999999998
2857,76,16,bachelor's,female,west,"independent (neither, no response)","moderate, middle of the road",too little,favor,favor,NA,NA,yes,no,yes,no,yes,46447.49999999999
2858,67,12,high school,female,west,"independent (neither, no response)","moderate, middle of the road",too little,NA,favor,NA,NA,NA,NA,NA,yes,yes,56299.99999999999
2859,88,13,high school,female,west,not very strong republican,conservative,NA,NA,favor,NA,NA,NA,NA,NA,yes,yes,30964.999999999996
2860,27,12,high school,male,west,not very strong republican,"moderate, middle of the road",NA,oppose,favor,about right,should be legal,NA,NA,NA,no,yes,30964.999999999996
2861,62,15,high school,male,west,strong republican,conservative,NA,favor,NA,NA,NA,NA,NA,NA,NA,NA,56299.99999999999
2862,84,13,high school,female,west,strong republican,conservative,too little,NA,favor,NA,NA,NA,NA,NA,NA,yes,30964.999999999996
2863,66,14,associate/junior college,male,west,strong republican,extremely conservative,NA,favor,NA,NA,NA,NA,NA,NA,NA,NA,67560
2864,53,20,graduate,male,west,"independent (neither, no response)",conservative,NA,favor,oppose,NA,NA,NA,NA,NA,no,NA,139024.36558999997
2865,73,12,high school,female,west,"independent (neither, no response)","moderate, middle of the road",too little,favor,favor,NA,NA,no,no,yes,no,no,NA
2866,23,16,high school,male,west,"independent, close to republican",conservative,too little,oppose,NA,NA,NA,yes,no,yes,NA,NA,21112.499999999996
2867,56,18,graduate,male,west,strong republican,conservative,too little,favor,oppose,NA,NA,yes,no,yes,no,no,139024.36558999997
2868,36,14,associate/junior college,male,west,"independent, close to republican","moderate, middle of the road",NA,NA,NA,not harshly enough,should be legal,NA,NA,NA,NA,NA,46447.49999999999
2869,61,15,high school,female,west,strong republican,conservative,about right,NA,oppose,NA,NA,NA,NA,NA,no,no,25334.999999999996
2870,51,18,graduate,male,west,strong republican,conservative,NA,favor,oppose,NA,NA,NA,NA,NA,no,yes,78819.99999999999
2871,71,16,bachelor's,male,west,strong republican,slightly conservative,NA,favor,oppose,NA,NA,NA,NA,NA,yes,yes,NA
2872,77,11,less than high school,female,west,strong republican,extremely conservative,NA,NA,NA,NA,NA,NA,NA,NA,no,refused,38002.49999999999
2873,38,16,bachelor's,female,west,not very strong republican,slightly conservative,about right,NA,favor,NA,NA,NA,NA,NA,no,yes,46447.49999999999
2874,31,12,high school,female,west,"independent, close to republican",conservative,too little,favor,NA,about right,should be legal,yes,no,yes,NA,NA,56299.99999999999
2875,37,18,graduate,male,west,strong republican,conservative,too little,NA,oppose,NA,NA,NA,NA,NA,no,no,6333.749999999999
2876,76,16,bachelor's,female,west,strong republican,slightly conservative,too little,favor,NA,not harshly enough,should not be legal,no,no,no,NA,NA,7741.249999999999
2877,65,14,high school,male,west,not very strong democrat,slightly liberal,NA,NA,favor,NA,NA,NA,NA,NA,no,no,56299.99999999999
2878,24,14,high school,male,west,"independent, close to republican",slightly conservative,too little,oppose,favor,NA,NA,yes,no,yes,no,no,15482.499999999998
2879,30,10,less than high school,female,west,"independent (neither, no response)",slightly conservative,NA,favor,favor,about right,should not be legal,NA,NA,NA,no,no,7741.249999999999
2880,31,13,high school,male,west,"independent (neither, no response)",extremely conservative,NA,oppose,favor,NA,NA,NA,NA,NA,no,no,46447.49999999999
2881,79,17,graduate,female,west,not very strong republican,"moderate, middle of the road",NA,NA,NA,about right,should not be legal,NA,NA,NA,NA,NA,NA
2882,74,13,high school,male,west,"independent, close to republican",extremely conservative,too little,favor,NA,NA,NA,yes,no,yes,NA,NA,15482.499999999998
2883,34,14,high school,male,west,strong democrat,extremely liberal,NA,NA,favor,NA,NA,NA,NA,NA,yes,no,67560
2884,38,11,less than high school,male,west,"independent (neither, no response)",slightly conservative,about right,favor,NA,about right,should be legal,yes,yes,yes,NA,NA,46447.49999999999
2885,19,15,associate/junior college,male,west,not very strong republican,slightly conservative,about right,NA,favor,NA,NA,NA,NA,NA,no,no,139024.36558999997
2886,48,18,graduate,female,west,"independent (neither, no response)","moderate, middle of the road",too little,favor,NA,NA,NA,no,no,no,NA,NA,38002.49999999999
2887,NA,15,high school,male,west,"independent, close to republican",slightly conservative,too much,NA,oppose,NA,NA,NA,NA,NA,no,NA,NA
2888,NA,6,less than high school,male,west,"independent (neither, no response)","moderate, middle of the road",too little,oppose,favor,about right,should be legal,no,no,no,no,no,NA
2889,68,7,less than high school,male,west,"independent (neither, no response)","moderate, middle of the road",NA,NA,favor,about right,should be legal,NA,NA,NA,no,no,6333.749999999999
2890,44,18,high school,male,west,"independent (neither, no response)",NA,NA,favor,NA,about right,should be legal,NA,NA,NA,NA,NA,281.5
2891,55,14,associate/junior college,female,west,strong democrat,liberal,NA,NA,favor,NA,NA,NA,NA,NA,no,no,11963.749999999998
2892,54,17,bachelor's,female,west,"independent, close to republican",slightly conservative,too little,favor,NA,NA,NA,yes,no,yes,NA,NA,30964.999999999996
2893,52,6,less than high school,female,west,not very strong democrat,slightly liberal,NA,oppose,NA,NA,NA,NA,NA,NA,NA,NA,NA
2894,61,12,high school,female,west,other party,conservative,too little,favor,NA,NA,NA,yes,no,no,NA,NA,25334.999999999996
2895,61,13,high school,female,west,"independent (neither, no response)","moderate, middle of the road",too little,NA,favor,NA,NA,NA,NA,NA,no,no,46447.49999999999
2896,57,14,high school,male,west,"independent, close to democrat",liberal,NA,favor,oppose,NA,NA,NA,NA,NA,no,yes,78819.99999999999
2897,60,16,bachelor's,female,west,"independent, close to democrat",liberal,about right,NA,favor,NA,NA,NA,NA,NA,no,yes,56299.99999999999
2898,55,18,graduate,male,west,strong republican,"moderate, middle of the road",too little,NA,oppose,NA,NA,NA,NA,NA,no,yes,NA
2899,60,14,high school,male,west,"independent (neither, no response)",extremely liberal,NA,favor,NA,about right,should be legal,NA,NA,NA,NA,NA,56299.99999999999
2900,42,14,high school,male,west,"independent (neither, no response)",NA,too little,favor,oppose,NA,should be legal,yes,no,yes,no,yes,56299.99999999999
2901,55,20,bachelor's,male,west,strong democrat,slightly liberal,NA,oppose,NA,NA,NA,NA,NA,NA,NA,NA,139024.36558999997
2902,56,12,high school,male,west,"independent (neither, no response)",slightly liberal,too little,NA,favor,NA,NA,NA,NA,NA,NA,yes,30964.999999999996
2903,35,12,high school,female,west,strong republican,slightly conservative,NA,NA,oppose,NA,NA,NA,NA,NA,no,yes,13371.249999999998
2904,22,12,high school,female,west,"independent (neither, no response)",NA,NA,favor,favor,not harshly enough,should be legal,NA,NA,NA,no,yes,56299.99999999999
2905,NA,12,high school,female,west,"independent (neither, no response)",NA,too much,NA,oppose,NA,should not be legal,no,no,no,no,no,NA
2906,67,14,associate/junior college,female,west,strong democrat,liberal,too little,oppose,NA,NA,NA,no,no,yes,NA,NA,38002.49999999999
2907,73,13,high school,female,west,strong republican,extremely conservative,NA,NA,oppose,not harshly enough,NA,yes,no,no,no,no,NA
2908,60,15,high school,female,west,"independent (neither, no response)","moderate, middle of the road",about right,favor,NA,NA,NA,yes,no,yes,NA,NA,139024.36558999997
2909,34,10,less than high school,female,west,not very strong democrat,"moderate, middle of the road",NA,NA,oppose,NA,NA,NA,NA,NA,no,yes,38002.49999999999
2910,80,16,bachelor's,male,west,strong democrat,"moderate, middle of the road",NA,oppose,NA,NA,NA,NA,NA,NA,NA,NA,38002.49999999999
2911,62,17,bachelor's,female,west,"independent, close to republican",slightly liberal,NA,favor,NA,NA,NA,NA,NA,NA,NA,NA,3659.4999999999995
2912,52,16,bachelor's,female,west,not very strong democrat,slightly conservative,about right,favor,NA,NA,NA,yes,no,yes,NA,NA,67560
2913,44,16,bachelor's,female,west,not very strong democrat,extremely liberal,NA,NA,favor,NA,NA,NA,NA,NA,yes,no,56299.99999999999
2914,74,20,graduate,female,west,"independent (neither, no response)",slightly liberal,too little,NA,favor,NA,NA,NA,NA,NA,no,yes,139024.36558999997
2915,56,14,associate/junior college,female,west,"independent, close to republican",slightly conservative,NA,favor,NA,NA,NA,NA,NA,NA,NA,NA,46447.49999999999
2916,43,20,graduate,female,west,strong democrat,liberal,about right,NA,favor,NA,NA,NA,NA,NA,no,no,139024.36558999997
2917,60,13,high school,female,west,not very strong republican,NA,NA,NA,favor,NA,NA,NA,NA,NA,yes,no,25334.999999999996
2918,32,18,graduate,female,west,strong democrat,liberal,too little,favor,favor,NA,NA,yes,yes,yes,yes,yes,139024.36558999997
2919,67,15,associate/junior college,female,west,not very strong republican,conservative,too little,favor,NA,not harshly enough,should be legal,yes,no,yes,NA,NA,NA
2920,47,16,bachelor's,male,west,"independent, close to democrat","moderate, middle of the road",about right,favor,favor,NA,NA,yes,no,no,no,no,90079.99999999999
2921,80,12,high school,female,west,"independent, close to republican",conservative,too little,NA,oppose,NA,NA,NA,NA,NA,no,yes,56299.99999999999
2922,70,12,high school,female,west,not very strong democrat,"moderate, middle of the road",too little,NA,favor,NA,NA,NA,NA,NA,no,no,46447.49999999999
2923,49,16,bachelor's,male,west,"independent (neither, no response)","moderate, middle of the road",NA,NA,oppose,NA,NA,NA,NA,NA,no,yes,56299.99999999999
2924,44,12,high school,male,west,not very strong republican,"moderate, middle of the road",too little,favor,NA,NA,NA,no,no,yes,NA,NA,18297.5
2925,37,20,graduate,female,west,not very strong republican,conservative,NA,oppose,oppose,NA,NA,NA,NA,NA,no,no,46447.49999999999
2926,33,17,bachelor's,male,west,"independent, close to democrat",slightly liberal,NA,favor,NA,NA,NA,NA,NA,NA,NA,NA,46447.49999999999
2927,49,14,associate/junior college,female,west,strong democrat,liberal,about right,NA,favor,NA,NA,NA,NA,NA,yes,no,18297.5
2928,22,16,high school,female,west,not very strong republican,slightly conservative,NA,favor,NA,about right,should be legal,yes,no,yes,NA,NA,11963.749999999998
2929,27,12,high school,female,west,"independent (neither, no response)",liberal,about right,favor,NA,not harshly enough,should be legal,yes,no,yes,NA,NA,30964.999999999996
2930,77,12,high school,male,west,"independent, close to democrat",slightly liberal,NA,oppose,favor,about right,should be legal,NA,NA,NA,no,yes,38002.49999999999
2931,69,16,graduate,female,west,strong democrat,slightly liberal,too little,NA,favor,NA,NA,NA,NA,NA,no,no,21112.499999999996
2932,63,18,graduate,male,west,not very strong democrat,"moderate, middle of the road",NA,NA,favor,NA,NA,NA,NA,NA,no,yes,139024.36558999997
2933,41,14,high school,female,west,"independent (neither, no response)","moderate, middle of the road",about right,NA,favor,NA,NA,NA,NA,NA,no,yes,67560
2934,72,16,bachelor's,male,west,other party,slightly conservative,NA,oppose,favor,NA,should be legal,NA,NA,NA,no,no,18297.5
2935,70,14,high school,male,west,not very strong republican,slightly conservative,NA,favor,NA,NA,NA,NA,NA,NA,NA,NA,46447.49999999999
2936,44,16,associate/junior college,female,west,strong democrat,extremely liberal,too little,oppose,NA,NA,NA,yes,no,yes,NA,NA,46447.49999999999
2937,41,16,bachelor's,male,west,not very strong democrat,liberal,about right,NA,favor,NA,NA,NA,NA,NA,no,yes,46447.49999999999
2938,39,12,high school,female,west,not very strong republican,slightly conservative,too little,favor,favor,NA,NA,yes,no,yes,no,yes,46447.49999999999
2939,40,13,high school,male,west,strong democrat,liberal,NA,oppose,favor,NA,NA,NA,NA,NA,no,no,139024.36558999997
2940,51,16,bachelor's,male,west,strong democrat,slightly liberal,too little,oppose,NA,NA,NA,yes,no,yes,NA,NA,56299.99999999999
2941,37,20,graduate,male,west,not very strong republican,"moderate, middle of the road",NA,NA,oppose,NA,NA,NA,NA,NA,no,yes,139024.36558999997
2942,65,14,high school,female,west,not very strong republican,slightly conservative,NA,NA,favor,NA,NA,NA,NA,NA,no,yes,NA
2943,33,14,associate/junior college,male,west,not very strong democrat,slightly liberal,about right,favor,oppose,too harshly,should be legal,yes,no,yes,no,yes,38002.49999999999
2944,70,12,high school,male,west,strong republican,conservative,NA,NA,NA,NA,NA,NA,NA,NA,no,no,13371.249999999998
2945,67,17,bachelor's,male,west,"independent, close to democrat",slightly liberal,too little,favor,NA,NA,NA,yes,no,yes,NA,NA,30964.999999999996
2946,35,18,graduate,female,west,not very strong democrat,slightly liberal,about right,oppose,NA,NA,NA,yes,no,yes,NA,NA,46447.49999999999
2947,NA,13,high school,female,west,"independent (neither, no response)",NA,too little,NA,NA,NA,NA,NA,NA,NA,yes,NA,30964.999999999996
2948,55,15,associate/junior college,male,west,"independent, close to republican",NA,about right,NA,favor,NA,NA,NA,NA,NA,no,no,30964.999999999996
2949,44,15,high school,female,west,"independent, close to democrat","moderate, middle of the road",NA,favor,favor,not harshly enough,should be legal,NA,NA,NA,no,no,30964.999999999996
2950,37,16,bachelor's,female,west,strong republican,extremely conservative,NA,NA,oppose,NA,NA,NA,NA,NA,no,no,46447.49999999999
2951,68,12,high school,female,west,not very strong democrat,"moderate, middle of the road",NA,oppose,favor,NA,NA,NA,NA,NA,yes,yes,30964.999999999996
2952,77,13,high school,male,west,not very strong democrat,"moderate, middle of the road",NA,oppose,NA,not harshly enough,should be legal,NA,NA,NA,NA,NA,25334.999999999996
2953,43,17,bachelor's,female,west,"independent (neither, no response)",slightly conservative,about right,favor,NA,NA,NA,yes,no,yes,NA,NA,56299.99999999999
2954,28,12,high school,female,west,not very strong democrat,liberal,too little,NA,oppose,NA,NA,NA,NA,NA,no,no,46447.49999999999
2955,28,16,bachelor's,female,west,strong republican,conservative,NA,NA,oppose,NA,NA,NA,NA,NA,yes,no,90079.99999999999
2956,31,17,bachelor's,female,west,not very strong republican,conservative,NA,oppose,NA,not harshly enough,should be legal,NA,NA,NA,NA,NA,46447.49999999999
2957,62,12,high school,male,west,"independent, close to democrat",slightly liberal,too little,favor,favor,not harshly enough,should be legal,yes,no,yes,no,no,56299.99999999999
2958,67,16,bachelor's,female,west,strong democrat,slightly liberal,too little,oppose,favor,not harshly enough,should be legal,yes,no,yes,yes,yes,38002.49999999999
2959,38,16,bachelor's,female,west,not very strong democrat,liberal,NA,favor,favor,NA,NA,NA,NA,NA,no,no,67560
2960,31,12,high school,female,west,"independent (neither, no response)","moderate, middle of the road",too little,favor,favor,NA,NA,yes,no,yes,yes,no,30964.999999999996
2961,59,13,high school,male,west,"independent, close to republican",conservative,too little,NA,oppose,NA,NA,NA,NA,NA,no,no,2533.4999999999995
2962,38,14,high school,female,west,not very strong democrat,liberal,too little,favor,NA,not harshly enough,should be legal,no,no,yes,NA,NA,3659.4999999999995
2963,43,5,less than high school,male,west,"independent, close to democrat",slightly liberal,NA,NA,favor,NA,NA,NA,NA,NA,yes,yes,139024.36558999997
2964,54,19,graduate,female,west,NA,slightly liberal,too little,NA,oppose,NA,NA,NA,NA,NA,yes,no,NA
2965,64,12,high school,female,west,"independent (neither, no response)","moderate, middle of the road",too little,NA,NA,NA,NA,NA,NA,NA,no,no,13371.249999999998
2966,69,12,high school,male,west,"independent (neither, no response)","moderate, middle of the road",too little,favor,NA,not harshly enough,should be legal,no,yes,no,NA,NA,2533.4999999999995
2967,38,12,high school,female,west,"independent (neither, no response)","moderate, middle of the road",too little,favor,NA,not harshly enough,should be legal,no,no,no,NA,NA,15482.499999999998
2968,39,16,bachelor's,male,west,"independent (neither, no response)","moderate, middle of the road",NA,oppose,NA,NA,NA,NA,NA,NA,NA,NA,139024.36558999997
2969,47,18,graduate,female,west,strong democrat,extremely liberal,NA,favor,favor,NA,NA,NA,NA,NA,no,no,139024.36558999997
2970,37,18,bachelor's,female,west,"independent, close to republican","moderate, middle of the road",too little,favor,NA,NA,NA,yes,no,yes,NA,NA,67560
2971,52,18,bachelor's,female,west,strong republican,conservative,NA,NA,oppose,NA,NA,NA,NA,NA,no,yes,56299.99999999999
2972,56,16,bachelor's,female,west,"independent (neither, no response)","moderate, middle of the road",NA,NA,favor,NA,NA,NA,NA,NA,no,no,NA
2973,61,16,bachelor's,male,west,strong republican,conservative,NA,favor,NA,NA,NA,NA,NA,NA,NA,NA,67560
2974,55,20,graduate,female,west,"independent, close to republican",conservative,about right,favor,favor,not harshly enough,should not be legal,yes,no,yes,yes,no,38002.49999999999
2975,74,16,bachelor's,female,west,strong republican,slightly conservative,NA,oppose,NA,NA,NA,NA,NA,NA,NA,NA,139024.36558999997
2976,65,16,bachelor's,female,west,NA,conservative,NA,NA,favor,NA,NA,NA,NA,NA,no,NA,46447.49999999999
2977,63,16,bachelor's,male,west,not very strong republican,conservative,too little,favor,NA,not harshly enough,should be legal,yes,no,yes,NA,NA,38002.49999999999
2978,19,14,high school,female,west,"independent, close to democrat","moderate, middle of the road",NA,NA,favor,NA,NA,NA,NA,NA,no,yes,139024.36558999997
2979,51,16,bachelor's,female,west,not very strong republican,conservative,NA,favor,NA,NA,NA,NA,NA,NA,NA,NA,30964.999999999996
2980,74,16,bachelor's,male,west,"independent, close to democrat","moderate, middle of the road",NA,favor,NA,NA,NA,NA,NA,NA,NA,NA,139024.36558999997
2981,77,16,bachelor's,female,west,not very strong democrat,slightly liberal,too little,oppose,NA,NA,NA,yes,no,yes,NA,NA,78819.99999999999
2982,75,16,bachelor's,male,west,"independent (neither, no response)",NA,too little,NA,favor,NA,NA,NA,NA,NA,no,yes,67560
2983,40,18,graduate,female,west,strong republican,conservative,NA,NA,oppose,NA,NA,NA,NA,NA,no,yes,90079.99999999999
2984,49,16,associate/junior college,male,west,strong republican,extremely conservative,about right,favor,oppose,not harshly enough,should not be legal,yes,yes,yes,no,yes,139024.36558999997
2985,78,15,associate/junior college,male,west,strong democrat,"moderate, middle of the road",NA,favor,favor,NA,NA,NA,NA,NA,no,yes,67560
2986,76,18,graduate,male,west,strong republican,extremely conservative,NA,favor,favor,not harshly enough,should not be legal,NA,NA,NA,no,yes,38002.49999999999
2987,71,12,high school,male,west,strong republican,extremely conservative,too little,favor,NA,not harshly enough,should not be legal,yes,yes,yes,NA,NA,21112.499999999996
2988,43,14,high school,male,west,"independent (neither, no response)","moderate, middle of the road",too little,NA,oppose,NA,NA,NA,NA,NA,no,yes,30964.999999999996
2989,33,13,high school,female,west,"independent, close to republican","moderate, middle of the road",NA,favor,NA,not harshly enough,should be legal,NA,NA,NA,NA,NA,56299.99999999999
2990,58,12,high school,male,west,"independent (neither, no response)","moderate, middle of the road",about right,NA,favor,NA,NA,NA,NA,NA,no,no,NA
2991,52,17,high school,female,west,not very strong republican,"moderate, middle of the road",NA,favor,favor,NA,NA,NA,NA,NA,yes,yes,90079.99999999999
2992,63,13,high school,male,west,"independent, close to republican",conservative,too little,favor,oppose,NA,NA,yes,no,yes,no,yes,67560
2993,68,12,high school,female,west,"independent (neither, no response)",conservative,NA,oppose,NA,too harshly,should not be legal,NA,NA,NA,NA,NA,13371.249999999998
2994,76,12,high school,female,west,"independent (neither, no response)","moderate, middle of the road",NA,favor,NA,NA,NA,NA,NA,NA,NA,NA,21112.499999999996
2995,73,12,high school,male,west,"independent, close to republican",slightly conservative,about right,favor,oppose,not harshly enough,NA,yes,no,yes,yes,yes,11963.749999999998
2996,67,16,bachelor's,female,west,"independent (neither, no response)","moderate, middle of the road",too little,NA,NA,NA,NA,no,no,NA,NA,NA,NA
2997,79,14,high school,male,west,strong republican,slightly conservative,too much,NA,oppose,NA,NA,NA,NA,NA,no,yes,21112.499999999996
2998,66,13,less than high school,female,west,"independent (neither, no response)",NA,NA,favor,NA,too harshly,should be legal,no,no,NA,NA,NA,281.5
2999,79,13,high school,male,west,strong democrat,liberal,about right,favor,favor,too harshly,should be legal,yes,no,yes,no,yes,38002.49999999999
3000,39,16,high school,female,west,other party,slightly liberal,too little,NA,favor,NA,NA,NA,NA,NA,no,no,30964.999999999996
3001,30,11,less than high school,female,west,strong democrat,"moderate, middle of the road",NA,oppose,favor,too harshly,should be legal,NA,NA,NA,no,no,2533.4999999999995
3002,46,12,high school,female,west,strong republican,conservative,NA,favor,oppose,not harshly enough,NA,NA,NA,NA,no,refused,139024.36558999997
3003,75,14,associate/junior college,female,west,"independent (neither, no response)","moderate, middle of the road",too little,favor,NA,NA,NA,no,no,yes,NA,NA,56299.99999999999
3004,84,17,graduate,male,west,not very strong republican,slightly conservative,too little,favor,NA,NA,NA,yes,no,yes,NA,NA,46447.49999999999
3005,71,12,less than high school,female,west,"independent (neither, no response)","moderate, middle of the road",too little,NA,oppose,NA,NA,NA,NA,NA,no,yes,46447.49999999999
3006,66,18,graduate,male,west,strong republican,conservative,NA,favor,favor,NA,NA,yes,no,yes,no,NA,NA
3007,69,13,high school,male,west,strong democrat,liberal,too little,favor,favor,about right,should be legal,yes,no,yes,yes,yes,15482.499999999998
3008,58,16,bachelor's,male,west,not very strong democrat,slightly conservative,too little,NA,favor,NA,NA,NA,NA,NA,yes,no,38002.49999999999
3009,57,16,bachelor's,male,south,"independent, close to republican",slightly conservative,NA,NA,oppose,NA,NA,NA,NA,NA,no,yes,56299.99999999999
3010,21,14,high school,female,south,"independent (neither, no response)","moderate, middle of the road",NA,NA,favor,NA,NA,NA,NA,NA,no,yes,9148.75
3011,24,14,associate/junior college,female,south,not very strong democrat,"moderate, middle of the road",too little,favor,oppose,not harshly enough,should be legal,no,no,no,yes,yes,13371.249999999998
3012,31,15,associate/junior college,female,south,"independent, close to republican","moderate, middle of the road",NA,oppose,oppose,about right,should be legal,NA,NA,NA,yes,yes,21112.499999999996
3013,25,12,high school,male,south,"independent, close to republican",slightly conservative,about right,NA,oppose,NA,NA,NA,NA,NA,no,yes,13371.249999999998
3014,40,13,high school,female,south,"independent (neither, no response)","moderate, middle of the road",about right,NA,oppose,NA,NA,NA,NA,NA,no,no,7741.249999999999
3015,73,18,bachelor's,male,south,"independent, close to republican","moderate, middle of the road",NA,NA,favor,NA,NA,NA,NA,NA,no,yes,NA
3016,49,13,high school,male,south,strong republican,conservative,NA,NA,oppose,NA,NA,NA,NA,NA,no,yes,46447.49999999999
3017,41,14,associate/junior college,female,south,"independent (neither, no response)",liberal,NA,favor,NA,NA,NA,NA,NA,NA,NA,NA,46447.49999999999
3018,40,14,associate/junior college,female,south,"independent (neither, no response)",NA,NA,oppose,NA,not harshly enough,should be legal,NA,NA,NA,NA,NA,NA
3019,26,10,less than high school,male,south,"independent (neither, no response)",conservative,NA,NA,oppose,NA,NA,NA,NA,NA,no,yes,21112.499999999996
3020,27,12,high school,female,south,"independent (neither, no response)",liberal,NA,favor,NA,NA,NA,NA,NA,NA,NA,NA,30964.999999999996
3021,37,13,high school,female,south,not very strong republican,"moderate, middle of the road",NA,favor,oppose,NA,NA,NA,NA,NA,yes,no,30964.999999999996
3022,43,12,high school,male,south,strong republican,extremely conservative,too little,favor,oppose,not harshly enough,should not be legal,no,yes,yes,no,yes,10556.249999999998
3023,36,17,graduate,male,south,"independent, close to democrat",slightly liberal,too little,NA,oppose,NA,NA,NA,NA,NA,no,no,10556.249999999998
3024,46,13,high school,female,south,not very strong republican,"moderate, middle of the road",too little,NA,favor,NA,NA,NA,NA,NA,yes,yes,2533.4999999999995
3025,61,11,less than high school,female,south,"independent, close to republican",extremely liberal,NA,NA,favor,NA,NA,NA,NA,NA,yes,no,21112.499999999996
3026,54,14,high school,female,south,not very strong republican,"moderate, middle of the road",NA,favor,NA,NA,NA,NA,NA,NA,NA,NA,9148.75
3027,73,12,high school,female,south,strong democrat,"moderate, middle of the road",NA,NA,favor,NA,NA,NA,NA,NA,no,yes,11963.749999999998
3028,55,12,high school,male,south,"independent, close to republican",conservative,NA,favor,NA,NA,NA,NA,NA,NA,NA,NA,NA
3029,63,9,high school,male,south,"independent, close to republican","moderate, middle of the road",too little,favor,NA,NA,should be legal,yes,no,yes,no,yes,10556.249999999998
3030,47,8,less than high school,female,south,"independent (neither, no response)",slightly conservative,NA,NA,favor,NA,NA,NA,NA,NA,yes,no,3096.4999999999995
3031,31,12,high school,female,south,"independent, close to republican","moderate, middle of the road",too little,NA,favor,NA,NA,NA,NA,NA,no,no,1126
3032,20,12,high school,male,south,not very strong republican,"moderate, middle of the road",NA,favor,NA,not harshly enough,should be legal,NA,NA,NA,NA,NA,1126
3033,35,12,high school,male,south,"independent (neither, no response)","moderate, middle of the road",too little,NA,favor,NA,NA,NA,NA,NA,yes,no,NA
3034,34,12,high school,female,south,"independent, close to republican",conservative,too little,favor,oppose,not harshly enough,should be legal,yes,no,yes,no,refused,67560
3035,42,12,high school,male,south,"independent, close to republican","moderate, middle of the road",NA,NA,favor,NA,NA,NA,NA,NA,yes,no,13371.249999999998
3036,26,13,high school,female,south,"independent (neither, no response)",extremely liberal,NA,favor,favor,NA,NA,NA,NA,NA,no,yes,7741.249999999999
3037,55,11,less than high school,male,south,strong republican,conservative,NA,NA,oppose,NA,NA,NA,NA,NA,no,yes,13371.249999999998
3038,21,12,high school,male,south,"independent, close to democrat","moderate, middle of the road",NA,favor,NA,NA,NA,NA,NA,NA,NA,NA,25334.999999999996
3039,64,16,bachelor's,female,south,"independent, close to democrat",liberal,about right,oppose,NA,too harshly,should be legal,yes,no,yes,NA,NA,9148.75
3040,68,15,associate/junior college,female,south,strong democrat,liberal,too little,oppose,favor,NA,NA,no,no,no,no,no,6333.749999999999
3041,43,6,less than high school,female,south,not very strong republican,conservative,NA,NA,oppose,NA,NA,NA,NA,NA,no,no,21112.499999999996
3042,73,12,high school,male,south,strong republican,conservative,NA,favor,NA,not harshly enough,NA,NA,NA,NA,NA,NA,30964.999999999996
3043,28,14,high school,male,south,not very strong democrat,liberal,NA,oppose,favor,NA,NA,NA,NA,NA,yes,yes,25334.999999999996
3044,38,12,high school,female,south,"independent, close to democrat","moderate, middle of the road",NA,favor,NA,NA,NA,NA,NA,NA,NA,NA,38002.49999999999
3045,59,6,less than high school,female,south,"independent, close to democrat",liberal,NA,NA,favor,NA,NA,NA,NA,NA,no,no,9148.75
3046,77,14,high school,female,south,not very strong democrat,liberal,too much,NA,favor,NA,NA,NA,NA,NA,yes,yes,13371.249999999998
3047,63,12,high school,female,south,not very strong republican,"moderate, middle of the road",too little,favor,oppose,not harshly enough,should be legal,yes,no,yes,no,yes,38002.49999999999
3048,34,16,bachelor's,female,south,not very strong republican,slightly conservative,too little,favor,favor,not harshly enough,NA,yes,yes,yes,no,no,90079.99999999999
3049,54,14,associate/junior college,female,south,strong republican,conservative,NA,favor,oppose,NA,should not be legal,NA,NA,NA,yes,no,6333.749999999999
3050,64,14,associate/junior college,male,south,not very strong republican,"moderate, middle of the road",NA,favor,oppose,not harshly enough,should be legal,NA,NA,NA,yes,yes,1126
3051,40,18,graduate,male,south,"independent, close to republican",conservative,NA,favor,NA,NA,NA,NA,NA,NA,NA,NA,139024.36558999997
3052,61,13,high school,female,south,strong republican,NA,too little,favor,NA,too harshly,should not be legal,yes,yes,yes,NA,NA,281.5
3053,56,14,high school,female,south,strong republican,extremely conservative,too little,favor,NA,NA,NA,yes,no,no,NA,NA,21112.499999999996
3054,48,15,associate/junior college,female,south,not very strong republican,conservative,too little,favor,favor,NA,NA,yes,no,yes,no,yes,139024.36558999997
3055,26,14,high school,male,south,strong republican,NA,about right,NA,NA,NA,NA,NA,NA,NA,no,NA,NA
3056,42,12,high school,male,south,not very strong republican,conservative,too little,NA,oppose,NA,NA,NA,NA,NA,no,yes,56299.99999999999
3057,55,12,high school,female,south,strong republican,conservative,NA,NA,favor,NA,NA,NA,NA,NA,no,yes,25334.999999999996
3058,37,18,bachelor's,male,south,"independent, close to republican",slightly conservative,NA,NA,favor,NA,NA,NA,NA,NA,no,yes,38002.49999999999
3059,18,11,less than high school,female,south,strong republican,NA,NA,favor,NA,too harshly,should be legal,NA,NA,NA,NA,NA,NA
3060,32,12,high school,male,south,strong republican,extremely liberal,NA,favor,favor,not harshly enough,should not be legal,NA,NA,NA,no,no,25334.999999999996
3061,56,12,high school,female,south,strong republican,extremely conservative,NA,NA,oppose,NA,NA,NA,NA,NA,no,yes,139024.36558999997
3062,44,16,bachelor's,male,south,"independent, close to republican",slightly conservative,NA,favor,favor,NA,NA,NA,NA,NA,no,yes,139024.36558999997
3063,51,16,associate/junior college,male,south,strong republican,conservative,too little,NA,oppose,NA,NA,NA,NA,NA,no,no,139024.36558999997
3064,62,19,graduate,female,south,not very strong republican,conservative,NA,favor,NA,NA,NA,NA,NA,NA,NA,NA,38002.49999999999
3065,35,14,high school,male,south,"independent (neither, no response)","moderate, middle of the road",too much,favor,NA,not harshly enough,should be legal,yes,no,yes,NA,NA,30964.999999999996
3066,35,16,associate/junior college,female,south,strong republican,slightly conservative,too little,favor,NA,NA,NA,no,no,yes,NA,NA,67560
3067,75,16,bachelor's,male,south,"independent (neither, no response)","moderate, middle of the road",about right,NA,oppose,NA,NA,NA,NA,NA,no,no,NA
3068,60,12,high school,male,south,"independent, close to republican","moderate, middle of the road",NA,NA,oppose,NA,NA,NA,NA,NA,no,yes,38002.49999999999
3069,37,16,bachelor's,male,south,"independent (neither, no response)","moderate, middle of the road",too much,favor,NA,too harshly,should be legal,no,no,yes,NA,NA,18297.5
3070,41,16,associate/junior college,male,south,"independent, close to republican",conservative,NA,favor,NA,NA,NA,NA,NA,NA,NA,NA,139024.36558999997
3071,58,15,associate/junior college,male,south,not very strong republican,slightly conservative,too little,favor,oppose,NA,NA,yes,yes,yes,yes,yes,38002.49999999999
3072,43,17,bachelor's,female,south,not very strong republican,slightly conservative,too little,NA,favor,NA,NA,NA,NA,NA,no,yes,46447.49999999999
3073,31,16,bachelor's,male,south,"independent (neither, no response)","moderate, middle of the road",about right,oppose,favor,NA,NA,yes,no,yes,no,yes,46447.49999999999
3074,46,12,high school,male,south,"independent, close to republican","moderate, middle of the road",NA,favor,favor,about right,should be legal,NA,NA,NA,no,yes,67560
3075,39,12,high school,male,south,strong republican,"moderate, middle of the road",too little,favor,NA,NA,NA,yes,no,no,NA,NA,46447.49999999999
3076,35,13,high school,male,south,other party,conservative,NA,NA,oppose,NA,NA,NA,NA,NA,no,yes,78819.99999999999
3077,20,15,high school,male,south,"independent (neither, no response)","moderate, middle of the road",about right,oppose,favor,NA,NA,yes,no,yes,yes,no,2533.4999999999995
3078,73,12,high school,female,south,not very strong republican,conservative,NA,oppose,NA,NA,NA,NA,NA,NA,NA,NA,NA
3079,35,19,associate/junior college,male,south,strong republican,slightly conservative,too little,NA,oppose,NA,NA,NA,NA,NA,no,yes,78819.99999999999
3080,63,16,associate/junior college,female,south,not very strong republican,conservative,NA,NA,favor,NA,NA,NA,NA,NA,no,no,NA
3081,83,16,graduate,female,south,strong democrat,liberal,NA,oppose,oppose,about right,should be legal,NA,NA,NA,no,no,90079.99999999999
3082,65,12,high school,male,south,strong republican,conservative,too little,NA,favor,NA,NA,NA,NA,NA,no,yes,21112.499999999996
3083,58,19,graduate,female,midwest,strong republican,conservative,too little,favor,oppose,NA,NA,yes,no,yes,no,yes,46447.49999999999
3084,81,13,high school,female,midwest,not very strong republican,"moderate, middle of the road",too little,NA,favor,NA,NA,NA,NA,NA,no,yes,NA
3085,61,12,high school,male,midwest,strong republican,slightly conservative,too little,favor,NA,about right,should be legal,no,no,yes,NA,NA,18297.5
3086,65,12,high school,male,midwest,strong democrat,conservative,about right,NA,oppose,NA,NA,NA,NA,NA,no,yes,78819.99999999999
3087,68,12,high school,male,midwest,not very strong republican,"moderate, middle of the road",NA,favor,oppose,NA,NA,NA,NA,NA,no,yes,21112.499999999996
3088,69,14,high school,female,midwest,strong republican,conservative,about right,oppose,NA,NA,NA,yes,no,yes,NA,NA,21112.499999999996
3089,55,12,high school,female,midwest,"independent (neither, no response)","moderate, middle of the road",NA,favor,oppose,NA,NA,NA,NA,NA,yes,yes,38002.49999999999
3090,70,14,high school,female,midwest,strong republican,slightly conservative,too little,favor,favor,NA,NA,yes,no,yes,no,no,38002.49999999999
3091,57,19,graduate,female,midwest,strong republican,extremely conservative,too little,NA,favor,NA,NA,NA,NA,NA,no,no,46447.49999999999
3092,70,14,high school,male,midwest,not very strong republican,"moderate, middle of the road",about right,favor,NA,NA,NA,no,no,yes,NA,NA,25334.999999999996
3093,67,10,high school,female,midwest,not very strong republican,conservative,NA,favor,favor,not harshly enough,should be legal,NA,NA,NA,yes,yes,13371.249999999998
3094,71,13,associate/junior college,female,midwest,"independent, close to republican","moderate, middle of the road",NA,favor,oppose,NA,NA,NA,NA,NA,no,yes,25334.999999999996
3095,46,15,associate/junior college,female,midwest,not very strong republican,liberal,too little,favor,NA,NA,NA,no,yes,no,NA,NA,56299.99999999999
3096,52,9,high school,male,midwest,strong republican,extremely conservative,about right,NA,oppose,NA,NA,NA,NA,NA,no,yes,NA
3097,54,16,graduate,female,midwest,strong republican,"moderate, middle of the road",NA,NA,favor,NA,NA,NA,NA,NA,no,yes,25334.999999999996
3098,59,14,high school,male,midwest,strong republican,conservative,NA,favor,oppose,NA,NA,NA,NA,NA,yes,no,139024.36558999997
3099,24,15,bachelor's,female,midwest,strong republican,extremely conservative,too little,favor,NA,NA,NA,yes,yes,yes,NA,NA,46447.49999999999
3100,68,12,high school,male,midwest,not very strong republican,slightly conservative,NA,favor,oppose,NA,NA,NA,NA,NA,no,yes,15482.499999999998
3101,35,15,associate/junior college,male,midwest,"independent (neither, no response)","moderate, middle of the road",NA,favor,NA,NA,NA,NA,NA,NA,NA,NA,46447.49999999999
3102,82,12,high school,female,midwest,strong republican,extremely conservative,NA,NA,oppose,NA,NA,NA,NA,NA,yes,refused,NA
3103,82,12,high school,female,midwest,strong republican,conservative,too little,NA,oppose,NA,NA,NA,NA,NA,yes,no,18297.5
3104,55,11,high school,male,midwest,strong republican,conservative,too little,favor,NA,NA,NA,yes,no,yes,NA,NA,5066.999999999999
3105,31,12,high school,female,midwest,"independent (neither, no response)",slightly conservative,about right,favor,NA,too harshly,should be legal,no,no,no,NA,NA,5066.999999999999
3106,46,13,high school,female,midwest,"independent (neither, no response)","moderate, middle of the road",too little,oppose,NA,about right,should not be legal,yes,no,no,NA,NA,NA
3107,58,15,high school,male,midwest,not very strong republican,slightly conservative,NA,NA,oppose,NA,NA,NA,NA,NA,no,yes,11963.749999999998
3108,71,14,associate/junior college,male,midwest,strong republican,extremely conservative,NA,favor,NA,about right,NA,NA,NA,NA,NA,NA,18297.5
3109,60,19,graduate,male,midwest,"independent, close to democrat","moderate, middle of the road",about right,oppose,oppose,NA,NA,no,no,no,no,yes,18297.5
3110,40,16,bachelor's,male,midwest,not very strong republican,slightly conservative,NA,favor,NA,NA,NA,NA,NA,NA,NA,NA,78819.99999999999
3111,68,14,associate/junior college,male,midwest,strong republican,"moderate, middle of the road",too little,NA,oppose,NA,NA,NA,NA,NA,no,yes,15482.499999999998
3112,30,12,high school,male,midwest,not very strong democrat,slightly liberal,NA,favor,NA,NA,NA,NA,NA,NA,NA,NA,38002.49999999999
3113,85,13,high school,female,midwest,not very strong republican,conservative,too little,oppose,NA,NA,NA,yes,yes,yes,NA,NA,NA
3114,35,16,bachelor's,female,midwest,"independent (neither, no response)",slightly liberal,NA,favor,NA,NA,NA,NA,NA,NA,NA,NA,25334.999999999996
3115,89,12,high school,female,midwest,not very strong republican,"moderate, middle of the road",too little,favor,favor,about right,should not be legal,yes,no,yes,no,no,9148.75
3116,75,13,high school,female,midwest,not very strong republican,conservative,too little,favor,NA,NA,NA,yes,no,yes,NA,NA,15482.499999999998
3117,54,17,bachelor's,male,midwest,not very strong republican,conservative,about right,favor,NA,NA,NA,yes,yes,yes,NA,NA,25334.999999999996
3118,61,19,graduate,male,midwest,not very strong republican,extremely conservative,too little,favor,oppose,about right,should be legal,yes,no,yes,yes,yes,139024.36558999997
3119,63,12,high school,male,midwest,strong republican,extremely conservative,too little,favor,oppose,NA,NA,yes,no,yes,no,yes,46447.49999999999
3120,67,14,high school,male,midwest,"independent (neither, no response)",slightly conservative,NA,favor,favor,not harshly enough,should be legal,NA,NA,NA,no,yes,5066.999999999999
3121,29,15,bachelor's,female,midwest,not very strong republican,"moderate, middle of the road",too little,NA,oppose,NA,NA,NA,NA,NA,no,yes,139024.36558999997
3122,55,16,bachelor's,male,midwest,strong republican,extremely conservative,too little,favor,oppose,not harshly enough,should not be legal,no,no,yes,no,yes,38002.49999999999
3123,48,14,associate/junior college,female,midwest,strong republican,extremely conservative,NA,NA,favor,NA,NA,NA,NA,NA,no,yes,139024.36558999997
3124,25,16,bachelor's,male,midwest,"independent, close to republican",slightly conservative,too little,NA,favor,NA,NA,NA,NA,NA,no,yes,38002.49999999999
3125,62,15,associate/junior college,male,midwest,not very strong republican,"moderate, middle of the road",too little,NA,favor,NA,NA,NA,NA,NA,no,yes,25334.999999999996
3126,62,16,bachelor's,male,midwest,strong democrat,slightly liberal,NA,oppose,NA,NA,NA,NA,NA,NA,NA,NA,78819.99999999999
3127,38,16,bachelor's,female,midwest,other party,"moderate, middle of the road",NA,NA,NA,not harshly enough,should not be legal,NA,NA,NA,NA,NA,38002.49999999999
3128,47,15,associate/junior college,male,midwest,"independent, close to republican",slightly conservative,about right,NA,oppose,NA,NA,NA,NA,NA,no,no,30964.999999999996
3129,74,16,bachelor's,male,midwest,"independent, close to republican",slightly conservative,NA,oppose,NA,NA,NA,NA,NA,NA,NA,NA,67560
3130,65,14,associate/junior college,male,midwest,"independent (neither, no response)",conservative,NA,favor,favor,NA,NA,NA,NA,NA,no,yes,38002.49999999999
3131,74,12,high school,female,midwest,strong democrat,"moderate, middle of the road",too little,NA,oppose,NA,NA,NA,NA,NA,no,no,NA
3132,83,12,high school,female,midwest,strong democrat,extremely liberal,too little,NA,favor,NA,NA,NA,NA,NA,no,yes,30964.999999999996
3133,59,12,high school,female,midwest,"independent (neither, no response)","moderate, middle of the road",NA,favor,favor,NA,NA,NA,NA,NA,no,no,10556.249999999998
3134,69,13,associate/junior college,female,midwest,strong republican,extremely conservative,too little,favor,favor,not harshly enough,should be legal,yes,yes,yes,no,no,NA
3135,23,16,bachelor's,male,midwest,not very strong democrat,extremely liberal,too little,oppose,favor,NA,NA,no,no,yes,yes,yes,NA
3136,63,16,associate/junior college,male,midwest,not very strong democrat,"moderate, middle of the road",about right,NA,oppose,NA,NA,NA,NA,NA,yes,no,46447.49999999999
3137,50,14,associate/junior college,female,midwest,"independent, close to republican","moderate, middle of the road",NA,NA,oppose,NA,NA,NA,NA,NA,no,yes,46447.49999999999
3138,60,20,graduate,female,midwest,"independent, close to democrat","moderate, middle of the road",NA,favor,favor,too harshly,should be legal,NA,NA,NA,yes,no,21112.499999999996
3139,18,11,less than high school,female,midwest,"independent (neither, no response)",liberal,NA,favor,NA,NA,NA,yes,no,yes,no,no,NA
3140,43,14,high school,male,midwest,other party,conservative,NA,favor,NA,not harshly enough,should not be legal,NA,NA,NA,NA,NA,46447.49999999999
3141,39,17,bachelor's,male,midwest,"independent, close to republican",slightly conservative,NA,favor,NA,NA,NA,NA,NA,NA,NA,NA,56299.99999999999
3142,78,16,bachelor's,male,midwest,not very strong republican,slightly conservative,NA,oppose,oppose,not harshly enough,should be legal,NA,NA,NA,no,yes,15482.499999999998
3143,36,12,high school,male,midwest,other party,slightly conservative,too little,NA,oppose,NA,NA,NA,NA,NA,no,yes,6333.749999999999
3144,42,9,less than high school,male,midwest,not very strong republican,slightly conservative,too little,oppose,NA,NA,NA,yes,no,yes,NA,NA,30964.999999999996
3145,51,14,associate/junior college,female,midwest,not very strong democrat,slightly liberal,about right,NA,favor,NA,NA,NA,NA,NA,no,yes,67560
3146,76,11,high school,female,midwest,strong republican,"moderate, middle of the road",NA,NA,favor,NA,NA,NA,NA,NA,no,yes,25334.999999999996
3147,57,12,high school,female,midwest,strong republican,conservative,NA,oppose,oppose,NA,NA,NA,NA,NA,yes,yes,2533.4999999999995
3148,33,16,bachelor's,female,midwest,not very strong republican,"moderate, middle of the road",NA,favor,oppose,about right,should not be legal,NA,NA,NA,yes,yes,67560
3149,69,12,high school,male,midwest,strong democrat,"moderate, middle of the road",NA,favor,NA,not harshly enough,should not be legal,NA,NA,NA,NA,NA,30964.999999999996
3150,64,14,associate/junior college,male,midwest,"independent, close to democrat",liberal,too little,favor,favor,NA,NA,yes,no,no,no,yes,30964.999999999996
3151,67,13,high school,male,midwest,"independent, close to republican","moderate, middle of the road",NA,NA,oppose,NA,NA,NA,NA,NA,no,no,38002.49999999999
3152,70,15,associate/junior college,female,midwest,"independent, close to democrat","moderate, middle of the road",NA,oppose,favor,too harshly,should be legal,NA,NA,NA,no,yes,67560
3153,58,12,high school,male,midwest,strong republican,conservative,NA,favor,NA,NA,NA,NA,NA,NA,NA,NA,46447.49999999999
3154,66,12,high school,male,midwest,"independent, close to democrat",slightly conservative,NA,NA,favor,NA,NA,NA,NA,NA,no,yes,15482.499999999998
3155,53,12,high school,male,midwest,"independent (neither, no response)","moderate, middle of the road",too little,NA,oppose,NA,NA,NA,NA,NA,no,refused,46447.49999999999
3156,70,12,high school,male,midwest,"independent, close to democrat","moderate, middle of the road",NA,NA,oppose,NA,NA,NA,NA,NA,yes,yes,25334.999999999996
3157,79,13,high school,female,midwest,"independent (neither, no response)","moderate, middle of the road",too little,favor,NA,NA,NA,no,no,yes,NA,NA,15482.499999999998
3158,31,11,less than high school,female,midwest,not very strong democrat,slightly conservative,NA,oppose,NA,NA,should be legal,NA,NA,NA,NA,NA,6333.749999999999
3159,26,12,high school,male,midwest,"independent, close to republican",slightly liberal,NA,favor,oppose,not harshly enough,should be legal,NA,NA,NA,no,yes,30964.999999999996
3160,49,17,bachelor's,female,midwest,"independent (neither, no response)","moderate, middle of the road",NA,NA,favor,NA,NA,NA,NA,NA,yes,no,25334.999999999996
3161,26,12,high school,female,midwest,"independent, close to democrat",liberal,too little,oppose,oppose,NA,NA,yes,no,yes,yes,yes,30964.999999999996
3162,50,14,high school,male,midwest,not very strong republican,"moderate, middle of the road",NA,NA,favor,NA,NA,NA,NA,NA,no,no,30964.999999999996
3163,80,7,less than high school,female,midwest,"independent (neither, no response)",NA,too little,favor,NA,NA,should be legal,yes,no,yes,NA,NA,NA
3164,38,12,high school,female,midwest,"independent (neither, no response)","moderate, middle of the road",NA,NA,favor,NA,NA,NA,NA,NA,yes,no,30964.999999999996
3165,67,15,associate/junior college,male,midwest,"independent (neither, no response)",slightly conservative,NA,favor,NA,NA,NA,NA,NA,NA,NA,NA,46447.49999999999
3166,18,12,high school,male,midwest,"independent, close to republican","moderate, middle of the road",NA,oppose,NA,not harshly enough,should not be legal,NA,NA,NA,NA,NA,6333.749999999999
3167,40,17,bachelor's,female,midwest,"independent, close to democrat",slightly liberal,NA,NA,favor,NA,NA,NA,NA,NA,no,no,139024.36558999997
3168,37,16,associate/junior college,female,midwest,"independent (neither, no response)",slightly conservative,too little,favor,NA,NA,NA,yes,no,yes,NA,NA,15482.499999999998
3169,70,12,high school,male,midwest,other party,"moderate, middle of the road",NA,favor,favor,NA,NA,NA,NA,NA,no,no,18297.5
3170,43,12,high school,female,midwest,other party,slightly liberal,NA,favor,favor,not harshly enough,should be legal,NA,NA,NA,yes,no,18297.5
3171,68,11,high school,female,midwest,"independent, close to republican",slightly conservative,too little,NA,oppose,NA,NA,NA,NA,NA,no,no,10556.249999999998
3172,62,11,less than high school,female,midwest,"independent (neither, no response)","moderate, middle of the road",too little,favor,NA,NA,NA,yes,yes,no,NA,NA,10556.249999999998
3173,44,14,associate/junior college,female,midwest,not very strong democrat,extremely liberal,too little,favor,NA,too harshly,should be legal,no,no,yes,NA,NA,7741.249999999999
3174,57,NA,less than high school,female,midwest,"independent (neither, no response)",slightly conservative,about right,NA,favor,NA,NA,NA,NA,NA,yes,no,NA
3175,55,10,less than high school,male,midwest,other party,"moderate, middle of the road",NA,oppose,favor,NA,NA,NA,NA,NA,no,no,9148.75
3176,72,10,high school,female,midwest,strong republican,slightly conservative,NA,favor,NA,too harshly,should be legal,NA,NA,NA,NA,NA,4222.5
3177,65,12,high school,female,midwest,"independent, close to republican","moderate, middle of the road",NA,favor,NA,NA,NA,NA,NA,NA,NA,NA,30964.999999999996
3178,18,9,less than high school,female,midwest,"independent (neither, no response)","moderate, middle of the road",NA,favor,favor,not harshly enough,should be legal,NA,NA,NA,yes,no,6333.749999999999
3179,NA,12,high school,female,midwest,NA,NA,NA,NA,oppose,NA,NA,NA,NA,NA,NA,no,NA
3180,49,18,graduate,female,south,other party,extremely conservative,too little,NA,oppose,NA,NA,NA,NA,NA,yes,yes,11963.749999999998
3181,27,14,associate/junior college,female,south,"independent, close to democrat",slightly liberal,NA,NA,favor,NA,NA,NA,NA,NA,yes,no,15482.499999999998
3182,60,11,less than high school,male,south,"independent, close to democrat","moderate, middle of the road",NA,favor,favor,not harshly enough,NA,NA,NA,NA,yes,no,281.5
3183,40,13,high school,male,south,"independent (neither, no response)",extremely conservative,too little,NA,NA,too harshly,should be legal,no,no,no,NA,NA,1970.4999999999998
3184,62,15,associate/junior college,male,south,not very strong democrat,slightly liberal,NA,favor,NA,NA,NA,NA,NA,NA,NA,NA,21112.499999999996
3185,45,15,high school,female,south,"independent (neither, no response)","moderate, middle of the road",NA,oppose,NA,too harshly,NA,NA,NA,NA,NA,NA,1970.4999999999998
3186,45,14,associate/junior college,female,south,strong democrat,"moderate, middle of the road",too little,favor,NA,NA,should be legal,no,no,yes,NA,NA,56299.99999999999
3187,48,16,bachelor's,male,south,strong democrat,"moderate, middle of the road",too little,NA,favor,NA,NA,NA,NA,NA,yes,no,25334.999999999996
3188,55,14,associate/junior college,female,south,strong democrat,NA,NA,oppose,NA,too harshly,should not be legal,NA,NA,NA,NA,NA,11963.749999999998
3189,36,16,associate/junior college,female,south,not very strong democrat,slightly conservative,NA,NA,favor,NA,NA,NA,NA,NA,yes,no,25334.999999999996
3190,30,13,high school,female,south,"independent (neither, no response)",liberal,NA,oppose,favor,NA,NA,NA,NA,NA,yes,no,7741.249999999999
3191,59,10,less than high school,female,south,"independent, close to democrat",NA,NA,oppose,oppose,NA,NA,NA,NA,NA,yes,no,281.5
3192,67,13,high school,male,south,strong democrat,extremely liberal,too little,NA,favor,NA,NA,NA,NA,NA,no,no,6333.749999999999
3193,47,14,associate/junior college,female,south,"independent (neither, no response)","moderate, middle of the road",too little,NA,favor,NA,NA,NA,NA,NA,no,yes,38002.49999999999
3194,64,16,associate/junior college,female,south,not very strong democrat,slightly conservative,too little,oppose,NA,too harshly,should not be legal,yes,no,yes,NA,NA,13371.249999999998
3195,60,11,less than high school,male,south,"independent, close to democrat",slightly conservative,too little,favor,favor,not harshly enough,NA,yes,no,yes,yes,no,10556.249999999998
3196,32,14,high school,male,south,"independent, close to republican","moderate, middle of the road",NA,oppose,oppose,not harshly enough,should be legal,NA,NA,NA,no,yes,46447.49999999999
3197,51,12,high school,male,south,"independent (neither, no response)","moderate, middle of the road",too little,NA,oppose,NA,NA,NA,NA,NA,no,yes,1970.4999999999998
3198,60,14,associate/junior college,female,south,"independent (neither, no response)",slightly conservative,NA,NA,favor,NA,NA,NA,NA,NA,yes,no,10556.249999999998
3199,62,12,high school,male,south,strong democrat,liberal,too little,oppose,NA,not harshly enough,should not be legal,no,no,no,NA,NA,3096.4999999999995
3200,27,11,less than high school,female,south,"independent (neither, no response)",slightly liberal,NA,oppose,oppose,not harshly enough,NA,NA,NA,NA,no,no,9148.75
3201,23,12,high school,female,south,"independent (neither, no response)",NA,NA,NA,favor,about right,should be legal,NA,NA,NA,yes,no,3659.4999999999995
3202,25,14,associate/junior college,female,south,strong democrat,"moderate, middle of the road",too little,NA,favor,NA,NA,NA,NA,NA,no,no,6333.749999999999
3203,33,13,high school,female,south,"independent (neither, no response)","moderate, middle of the road",too little,favor,favor,NA,NA,no,yes,yes,yes,no,281.5
3204,47,20,graduate,male,south,"independent (neither, no response)","moderate, middle of the road",too much,NA,favor,NA,NA,NA,NA,NA,no,no,38002.49999999999
3205,57,15,high school,male,south,strong democrat,slightly liberal,NA,favor,NA,not harshly enough,should be legal,NA,NA,NA,NA,NA,25334.999999999996
3206,66,14,associate/junior college,male,south,strong democrat,slightly liberal,too little,favor,NA,too harshly,should be legal,yes,yes,yes,NA,NA,6333.749999999999
3207,39,16,bachelor's,female,south,strong democrat,"moderate, middle of the road",NA,oppose,NA,not harshly enough,should be legal,NA,NA,NA,NA,NA,13371.249999999998
3208,38,12,less than high school,male,south,strong democrat,slightly conservative,NA,oppose,oppose,not harshly enough,should be legal,NA,NA,NA,no,no,10556.249999999998
3209,75,12,high school,male,south,strong democrat,extremely conservative,too little,oppose,favor,not harshly enough,should be legal,no,NA,yes,no,yes,7741.249999999999
3210,75,12,high school,male,south,"independent (neither, no response)",NA,too much,NA,favor,NA,NA,NA,NA,NA,yes,no,13371.249999999998
3211,73,8,less than high school,female,south,"independent, close to democrat",extremely conservative,about right,oppose,favor,too harshly,should be legal,no,no,no,yes,no,5066.999999999999
3212,66,12,high school,male,south,strong democrat,NA,NA,NA,favor,NA,NA,NA,NA,NA,no,no,1126
3213,52,14,high school,male,south,strong democrat,"moderate, middle of the road",NA,oppose,oppose,not harshly enough,should be legal,NA,NA,NA,no,yes,13371.249999999998
3214,34,14,associate/junior college,female,south,strong democrat,liberal,too little,oppose,NA,not harshly enough,should not be legal,yes,yes,yes,NA,NA,10556.249999999998
3215,61,11,less than high school,female,south,strong democrat,extremely liberal,too much,oppose,NA,not harshly enough,should not be legal,no,no,no,no,no,10556.249999999998
3216,44,12,high school,female,south,strong democrat,conservative,too little,NA,oppose,NA,NA,NA,NA,NA,no,no,3096.4999999999995
3217,34,13,high school,female,south,strong democrat,"moderate, middle of the road",NA,NA,oppose,NA,NA,NA,NA,NA,yes,no,25334.999999999996
3218,53,11,high school,female,south,"independent, close to democrat",extremely liberal,NA,oppose,NA,not harshly enough,should not be legal,NA,NA,NA,NA,NA,6333.749999999999
3219,47,12,high school,male,south,not very strong democrat,NA,too little,favor,NA,too harshly,should be legal,no,no,yes,NA,NA,18297.5
3220,43,11,less than high school,female,south,strong democrat,"moderate, middle of the road",too little,favor,favor,NA,NA,no,no,no,no,yes,1970.4999999999998
3221,44,12,high school,female,south,strong democrat,liberal,too little,favor,NA,not harshly enough,should be legal,no,no,no,NA,NA,11963.749999999998
3222,52,12,high school,male,south,strong democrat,slightly liberal,too little,NA,favor,NA,NA,NA,NA,NA,no,no,6333.749999999999
3223,49,8,less than high school,female,south,"independent (neither, no response)",conservative,too much,NA,oppose,NA,NA,NA,NA,NA,yes,no,3096.4999999999995
3224,62,12,less than high school,male,south,strong democrat,"moderate, middle of the road",NA,NA,favor,NA,NA,NA,NA,NA,no,yes,1126
3225,28,12,high school,female,south,"independent (neither, no response)","moderate, middle of the road",NA,NA,oppose,NA,NA,NA,NA,NA,yes,no,9148.75
3226,39,12,high school,male,south,not very strong republican,liberal,NA,oppose,oppose,not harshly enough,should be legal,NA,NA,NA,yes,no,3096.4999999999995
3227,50,14,high school,female,south,strong democrat,"moderate, middle of the road",NA,oppose,oppose,not harshly enough,should be legal,NA,NA,NA,yes,no,13371.249999999998
3228,28,14,associate/junior college,female,south,not very strong democrat,slightly liberal,NA,oppose,NA,too harshly,should be legal,NA,NA,NA,NA,NA,7741.249999999999
3229,44,16,bachelor's,female,south,strong democrat,NA,NA,oppose,NA,too harshly,should be legal,NA,NA,NA,no,yes,25334.999999999996
3230,44,13,high school,female,south,not very strong democrat,extremely liberal,too little,NA,oppose,NA,NA,NA,NA,NA,yes,yes,9148.75
3231,42,13,high school,male,south,"independent (neither, no response)",NA,too little,favor,NA,not harshly enough,should be legal,yes,no,yes,NA,NA,10556.249999999998
3232,29,12,high school,female,south,not very strong republican,"moderate, middle of the road",too little,oppose,favor,NA,NA,no,no,yes,yes,no,6333.749999999999
3233,24,11,less than high school,female,south,"independent (neither, no response)","moderate, middle of the road",NA,favor,NA,NA,NA,NA,NA,NA,NA,NA,15482.499999999998
3234,80,11,less than high school,female,south,strong republican,conservative,too much,oppose,NA,not harshly enough,should not be legal,no,no,yes,NA,NA,5066.999999999999
3235,63,15,associate/junior college,male,south,"independent, close to democrat","moderate, middle of the road",NA,oppose,favor,not harshly enough,should be legal,NA,NA,NA,yes,yes,25334.999999999996
3236,60,14,associate/junior college,female,south,strong democrat,slightly liberal,NA,NA,NA,too harshly,should be legal,NA,NA,NA,NA,NA,21112.499999999996
3237,51,16,bachelor's,female,south,not very strong democrat,"moderate, middle of the road",too little,NA,favor,NA,NA,NA,NA,NA,no,no,3096.4999999999995
3238,42,12,high school,male,south,strong democrat,slightly conservative,NA,oppose,oppose,too harshly,should be legal,NA,NA,NA,yes,no,21112.499999999996
3239,30,11,less than high school,female,south,NA,"moderate, middle of the road",about right,favor,favor,NA,NA,no,no,no,yes,no,3096.4999999999995
3240,64,14,associate/junior college,female,south,strong democrat,extremely conservative,too little,NA,favor,NA,NA,NA,NA,NA,yes,no,11963.749999999998
3241,22,12,high school,female,south,"independent (neither, no response)",liberal,NA,oppose,NA,NA,NA,NA,NA,NA,NA,NA,281.5
3242,42,11,high school,male,south,strong republican,slightly liberal,too much,NA,oppose,NA,NA,NA,NA,NA,yes,no,11963.749999999998
3243,39,8,less than high school,female,south,"independent (neither, no response)",NA,NA,oppose,NA,NA,NA,NA,NA,NA,NA,NA,1126
3244,66,14,associate/junior college,female,south,strong democrat,liberal,NA,favor,favor,about right,NA,NA,NA,NA,no,no,46447.49999999999
3245,82,12,high school,male,south,"independent, close to republican",extremely conservative,too little,favor,NA,not harshly enough,should not be legal,yes,no,yes,NA,NA,NA
3246,89,12,high school,female,south,"independent (neither, no response)",conservative,too much,oppose,NA,NA,NA,yes,no,no,NA,NA,NA
3247,64,16,bachelor's,female,south,not very strong democrat,liberal,NA,NA,favor,NA,NA,NA,NA,NA,no,yes,78819.99999999999
3248,60,10,less than high school,male,south,strong republican,slightly conservative,NA,NA,oppose,NA,NA,NA,NA,NA,no,no,NA
3249,64,11,less than high school,male,south,"independent, close to democrat",slightly liberal,about right,oppose,oppose,too harshly,should not be legal,yes,no,yes,yes,refused,6333.749999999999
3250,63,18,graduate,female,south,"independent, close to democrat",slightly liberal,NA,favor,oppose,NA,NA,NA,NA,NA,yes,yes,38002.49999999999
3251,40,14,high school,female,south,"independent (neither, no response)","moderate, middle of the road",NA,favor,NA,NA,NA,NA,NA,NA,NA,NA,281.5
3252,84,16,bachelor's,male,south,"independent, close to republican",slightly conservative,about right,NA,favor,NA,NA,NA,NA,NA,no,no,139024.36558999997
3253,25,17,high school,male,south,not very strong democrat,liberal,about right,favor,NA,NA,NA,yes,no,yes,NA,NA,78819.99999999999
3254,85,16,bachelor's,male,south,strong republican,conservative,NA,favor,NA,about right,should not be legal,NA,NA,NA,NA,NA,139024.36558999997
3255,59,19,graduate,female,south,"independent (neither, no response)",slightly conservative,too little,NA,favor,NA,NA,NA,NA,NA,no,no,139024.36558999997
3256,79,18,graduate,male,south,strong democrat,liberal,NA,oppose,NA,too harshly,should be legal,NA,NA,NA,NA,NA,46447.49999999999
3257,67,12,high school,female,south,"independent, close to republican",conservative,NA,favor,NA,NA,NA,NA,NA,NA,NA,NA,46447.49999999999
3258,84,12,high school,female,south,strong democrat,liberal,NA,NA,favor,NA,NA,NA,NA,NA,yes,no,30964.999999999996
3259,52,12,high school,male,south,"independent (neither, no response)","moderate, middle of the road",about right,NA,favor,NA,NA,NA,NA,NA,no,yes,25334.999999999996
3260,83,12,high school,female,south,strong republican,extremely conservative,NA,favor,NA,not harshly enough,should not be legal,NA,NA,NA,NA,NA,11963.749999999998
3261,45,18,graduate,female,south,not very strong republican,"moderate, middle of the road",too little,favor,oppose,NA,NA,yes,no,yes,no,yes,90079.99999999999
3262,49,16,associate/junior college,male,south,"independent (neither, no response)","moderate, middle of the road",NA,favor,NA,NA,NA,NA,NA,NA,NA,NA,30964.999999999996
3263,48,20,graduate,male,south,"independent (neither, no response)","moderate, middle of the road",NA,NA,favor,NA,NA,NA,NA,NA,no,no,56299.99999999999
3264,75,16,high school,male,south,"independent, close to democrat",liberal,about right,favor,favor,NA,NA,yes,no,yes,no,no,46447.49999999999
3265,71,20,graduate,female,south,strong republican,conservative,NA,oppose,oppose,NA,NA,NA,NA,NA,yes,yes,67560
3266,65,16,bachelor's,female,northeast,strong democrat,liberal,about right,oppose,favor,NA,NA,yes,no,yes,yes,no,NA
3267,73,12,high school,male,northeast,strong democrat,"moderate, middle of the road",about right,oppose,NA,too harshly,should be legal,no,no,yes,NA,NA,30964.999999999996
3268,55,12,high school,male,northeast,strong democrat,slightly conservative,NA,favor,NA,not harshly enough,should be legal,NA,NA,NA,NA,NA,9148.75
3269,58,12,high school,female,northeast,"independent (neither, no response)",NA,NA,NA,oppose,NA,NA,NA,NA,NA,yes,no,7741.249999999999
3270,44,17,high school,female,northeast,"independent, close to democrat",liberal,about right,favor,favor,NA,NA,yes,no,yes,no,no,281.5
3271,62,13,high school,female,northeast,strong republican,"moderate, middle of the road",too little,favor,NA,NA,NA,yes,no,yes,NA,NA,13371.249999999998
3272,55,15,high school,female,northeast,strong republican,conservative,too little,NA,favor,NA,NA,NA,NA,NA,yes,yes,38002.49999999999
3273,48,11,less than high school,male,northeast,"independent, close to democrat",extremely liberal,NA,NA,favor,about right,should be legal,NA,NA,NA,no,no,18297.5
3274,76,17,bachelor's,female,northeast,strong democrat,slightly liberal,NA,favor,favor,NA,should be legal,NA,NA,NA,no,no,15482.499999999998
3275,82,18,bachelor's,female,northeast,other party,"moderate, middle of the road",too little,favor,favor,NA,NA,yes,no,yes,yes,yes,38002.49999999999
3276,77,16,graduate,female,northeast,strong democrat,extremely liberal,about right,oppose,favor,NA,NA,yes,no,yes,yes,no,25334.999999999996
3277,63,12,high school,female,northeast,"independent, close to republican","moderate, middle of the road",too little,favor,oppose,NA,NA,yes,yes,yes,no,no,18297.5
3278,86,12,high school,female,northeast,"independent (neither, no response)","moderate, middle of the road",NA,NA,favor,NA,NA,NA,NA,NA,no,no,25334.999999999996
3279,55,18,graduate,female,northeast,not very strong democrat,liberal,NA,oppose,NA,NA,should be legal,NA,NA,NA,NA,NA,25334.999999999996
3280,NA,16,bachelor's,male,northeast,"independent, close to republican",slightly conservative,NA,favor,NA,NA,NA,NA,NA,NA,NA,NA,NA
3281,65,12,high school,female,northeast,not very strong democrat,"moderate, middle of the road",too little,NA,favor,NA,NA,NA,NA,NA,yes,no,67560
3282,71,13,high school,male,northeast,strong republican,conservative,too little,favor,oppose,NA,NA,yes,no,yes,no,refused,25334.999999999996
3283,76,13,high school,female,northeast,strong republican,conservative,too little,favor,favor,about right,NA,yes,no,yes,yes,yes,56299.99999999999
3284,25,14,associate/junior college,female,northeast,strong republican,extremely conservative,too little,NA,oppose,NA,NA,NA,NA,NA,no,yes,30964.999999999996
3285,75,16,bachelor's,female,northeast,strong republican,conservative,too little,oppose,oppose,NA,NA,yes,no,yes,no,NA,9148.75
3286,NA,20,bachelor's,female,northeast,not very strong republican,slightly conservative,NA,oppose,favor,too harshly,should not be legal,NA,NA,NA,yes,no,25334.999999999996
3287,83,15,high school,male,northeast,strong democrat,"moderate, middle of the road",NA,NA,favor,NA,NA,NA,NA,NA,no,yes,38002.49999999999
3288,56,13,high school,male,northeast,"independent (neither, no response)","moderate, middle of the road",too little,NA,oppose,NA,NA,NA,NA,NA,no,refused,NA
3289,74,13,high school,male,northeast,"independent, close to republican",extremely conservative,NA,NA,favor,NA,NA,NA,NA,NA,yes,yes,30964.999999999996
3290,29,13,high school,female,northeast,"independent (neither, no response)","moderate, middle of the road",NA,NA,favor,NA,should be legal,NA,NA,NA,no,yes,56299.99999999999
3291,38,12,high school,female,northeast,not very strong republican,"moderate, middle of the road",too little,NA,oppose,NA,NA,NA,NA,NA,no,yes,25334.999999999996
3292,77,12,high school,female,northeast,not very strong republican,"moderate, middle of the road",NA,favor,NA,about right,should not be legal,NA,NA,NA,NA,NA,18297.5
3293,45,12,high school,male,northeast,not very strong republican,NA,NA,favor,NA,not harshly enough,should be legal,NA,NA,NA,NA,NA,25334.999999999996
3294,54,13,high school,female,northeast,"independent, close to republican",NA,too little,favor,NA,not harshly enough,NA,no,no,yes,NA,NA,5066.999999999999
3295,58,12,high school,male,northeast,strong republican,slightly liberal,about right,favor,NA,NA,NA,yes,no,yes,NA,NA,67560
3296,46,12,high school,male,northeast,strong republican,extremely conservative,NA,favor,favor,not harshly enough,should be legal,NA,NA,NA,no,yes,7741.249999999999
3297,27,13,high school,male,northeast,not very strong democrat,extremely liberal,NA,favor,NA,NA,should be legal,yes,no,yes,NA,NA,38002.49999999999
3298,52,12,high school,female,northeast,"independent, close to republican",NA,NA,NA,oppose,NA,NA,NA,NA,NA,no,no,13371.249999999998
3299,73,20,graduate,female,northeast,"independent, close to democrat",slightly liberal,NA,favor,favor,NA,NA,NA,NA,NA,yes,no,38002.49999999999
3300,60,16,associate/junior college,female,northeast,not very strong republican,slightly conservative,too little,favor,favor,NA,NA,yes,no,yes,no,no,139024.36558999997
3301,24,12,high school,male,northeast,not very strong democrat,"moderate, middle of the road",too much,oppose,favor,NA,NA,no,no,yes,no,no,78819.99999999999
3302,71,16,bachelor's,male,northeast,not very strong democrat,slightly liberal,NA,NA,favor,NA,NA,NA,NA,NA,no,no,139024.36558999997
3303,39,18,graduate,male,northeast,strong democrat,liberal,NA,oppose,favor,NA,NA,NA,NA,NA,no,no,139024.36558999997
3304,83,19,graduate,male,northeast,strong democrat,liberal,NA,oppose,NA,NA,NA,NA,NA,NA,NA,NA,NA
3305,84,20,graduate,male,northeast,not very strong democrat,slightly liberal,about right,oppose,favor,NA,NA,no,no,yes,no,no,2533.4999999999995
3306,68,14,high school,male,northeast,"independent, close to democrat",slightly conservative,NA,NA,favor,NA,NA,NA,NA,NA,no,no,46447.49999999999
3307,74,12,high school,female,northeast,"independent (neither, no response)",conservative,too little,NA,favor,NA,NA,NA,NA,NA,no,yes,30964.999999999996
3308,51,20,graduate,female,northeast,"independent, close to democrat",extremely liberal,NA,oppose,NA,NA,NA,NA,NA,NA,NA,NA,46447.49999999999
3309,69,18,graduate,female,northeast,not very strong democrat,slightly liberal,about right,favor,NA,about right,should be legal,no,no,yes,NA,NA,25334.999999999996
